#"Step","Potential Energy (kJ/mole)","Temperature (K)"
1000,44470.849853515625,269.9276956257556
