,time,distance,sim,seed
0,0.0,42.63604122566147,MASP2_Helo_CM,842
1,2.0,41.30803094381078,MASP2_Helo_CM,842
2,4.0,41.14395854630641,MASP2_Helo_CM,842
3,6.0,39.832488995131484,MASP2_Helo_CM,842
4,8.0,39.71267519645221,MASP2_Helo_CM,842
5,10.0,40.776980778970774,MASP2_Helo_CM,842
6,12.0,44.427538323654694,MASP2_Helo_CM,842
7,14.0,42.143360298159145,MASP2_Helo_CM,842
8,16.0,40.94157677382834,MASP2_Helo_CM,842
9,18.0,38.849128159879605,MASP2_Helo_CM,842
10,20.0,38.148482128076296,MASP2_Helo_CM,842
11,22.0,41.030911066997945,MASP2_Helo_CM,842
12,24.0,41.393577468996966,MASP2_Helo_CM,842
13,26.0,41.045059402407574,MASP2_Helo_CM,842
14,28.0,38.66524108110155,MASP2_Helo_CM,842
15,30.0,40.46157050484318,MASP2_Helo_CM,842
16,32.0,40.22983440218385,MASP2_Helo_CM,842
17,34.0,38.63502839391214,MASP2_Helo_CM,842
18,36.0,38.66933084950687,MASP2_Helo_CM,842
19,38.0,35.38024533301565,MASP2_Helo_CM,842
20,40.0,35.39833952074757,MASP2_Helo_CM,842
21,42.0,34.390407542045786,MASP2_Helo_CM,842
22,44.0,35.89634234881999,MASP2_Helo_CM,842
23,46.0,37.250845872022495,MASP2_Helo_CM,842
24,48.0,36.99654609238021,MASP2_Helo_CM,842
25,50.0,36.4193987134567,MASP2_Helo_CM,842
26,52.0,36.09482211788282,MASP2_Helo_CM,842
27,54.0,33.087912411283995,MASP2_Helo_CM,842
28,56.0,28.868021571769123,MASP2_Helo_CM,842
29,58.0,31.03775368521991,MASP2_Helo_CM,842
30,60.0,32.72669756560979,MASP2_Helo_CM,842
31,62.0,31.10737507776372,MASP2_Helo_CM,842
32,64.0,35.74420356450586,MASP2_Helo_CM,842
33,66.0,33.28422179841473,MASP2_Helo_CM,842
34,68.0,34.76388464431748,MASP2_Helo_CM,842
35,70.0,35.357670445749505,MASP2_Helo_CM,842
36,72.0,34.34714733377927,MASP2_Helo_CM,842
37,74.0,35.66612237570729,MASP2_Helo_CM,842
38,76.0,35.11008159985706,MASP2_Helo_CM,842
39,78.0,32.58964391171032,MASP2_Helo_CM,842
40,80.0,34.71093964985018,MASP2_Helo_CM,842
41,82.0,36.63082332620951,MASP2_Helo_CM,842
42,84.0,40.09343417096244,MASP2_Helo_CM,842
43,86.0,38.24944464950791,MASP2_Helo_CM,842
44,88.0,40.4991878705237,MASP2_Helo_CM,842
45,90.0,40.5577294325409,MASP2_Helo_CM,842
46,92.0,40.675295300380306,MASP2_Helo_CM,842
47,94.0,37.16282995887363,MASP2_Helo_CM,842
48,96.0,39.650501868973606,MASP2_Helo_CM,842
49,98.0,44.89538212294301,MASP2_Helo_CM,842
50,100.0,45.655266995898366,MASP2_Helo_CM,842
51,102.0,42.88463253145906,MASP2_Helo_CM,842
52,104.0,40.328226715813166,MASP2_Helo_CM,842
53,106.0,38.454578213108334,MASP2_Helo_CM,842
54,108.0,42.903438389607345,MASP2_Helo_CM,842
55,110.0,41.14069740587499,MASP2_Helo_CM,842
56,112.0,43.979919853452664,MASP2_Helo_CM,842
57,114.0,45.7066681155116,MASP2_Helo_CM,842
58,116.0,45.53487399731068,MASP2_Helo_CM,842
59,118.0,45.07876470662931,MASP2_Helo_CM,842
60,120.0,43.64625194162509,MASP2_Helo_CM,842
61,122.0,42.73425362937337,MASP2_Helo_CM,842
62,124.0,41.21870193121772,MASP2_Helo_CM,842
63,126.0,43.98204677236543,MASP2_Helo_CM,842
64,128.0,48.460882661149554,MASP2_Helo_CM,842
65,130.0,50.49862144278463,MASP2_Helo_CM,842
66,132.0,49.748860190911586,MASP2_Helo_CM,842
67,134.0,49.916101945680715,MASP2_Helo_CM,842
68,136.0,48.77955355966565,MASP2_Helo_CM,842
69,138.0,50.185888009554326,MASP2_Helo_CM,842
70,140.0,47.72235819808418,MASP2_Helo_CM,842
71,142.0,47.72945923849796,MASP2_Helo_CM,842
72,144.0,47.4657211400199,MASP2_Helo_CM,842
73,146.0,47.27587302305927,MASP2_Helo_CM,842
74,148.0,44.28442994754578,MASP2_Helo_CM,842
75,150.0,42.47812230407156,MASP2_Helo_CM,842
76,152.0,45.88121208975136,MASP2_Helo_CM,842
77,154.0,46.49269050316713,MASP2_Helo_CM,842
78,156.0,47.33729223580349,MASP2_Helo_CM,842
79,158.0,48.043300631676686,MASP2_Helo_CM,842
80,160.0,48.836896548758794,MASP2_Helo_CM,842
81,162.0,49.215298563864096,MASP2_Helo_CM,842
82,164.0,48.44774918833615,MASP2_Helo_CM,842
83,166.0,46.821162925073835,MASP2_Helo_CM,842
84,168.0,45.7228944725527,MASP2_Helo_CM,842
85,170.0,45.37096275087932,MASP2_Helo_CM,842
86,172.0,43.62221743819121,MASP2_Helo_CM,842
87,174.0,43.92037341629663,MASP2_Helo_CM,842
88,176.0,41.8977717657804,MASP2_Helo_CM,842
89,178.0,44.547461803144266,MASP2_Helo_CM,842
90,180.0,42.745210718882376,MASP2_Helo_CM,842
91,182.0,46.54502963759205,MASP2_Helo_CM,842
92,184.0,45.46079834854958,MASP2_Helo_CM,842
93,186.0,47.74987005293067,MASP2_Helo_CM,842
94,188.0,46.33740267281599,MASP2_Helo_CM,842
95,190.0,45.70738501486769,MASP2_Helo_CM,842
96,192.0,45.58856874449431,MASP2_Helo_CM,842
97,194.0,45.118551785004456,MASP2_Helo_CM,842
98,196.0,49.4458050414971,MASP2_Helo_CM,842
99,198.0,47.07281086864938,MASP2_Helo_CM,842
100,200.0,45.901920750366564,MASP2_Helo_CM,842
101,202.0,49.73688829322811,MASP2_Helo_CM,842
102,204.0,49.76363652602384,MASP2_Helo_CM,842
103,206.0,47.961703008338375,MASP2_Helo_CM,842
104,208.0,48.74785674933442,MASP2_Helo_CM,842
105,210.0,49.82626414973632,MASP2_Helo_CM,842
106,212.0,48.75496142561351,MASP2_Helo_CM,842
107,214.0,45.18098058916133,MASP2_Helo_CM,842
108,216.0,49.13211558384242,MASP2_Helo_CM,842
109,218.0,45.03581959069955,MASP2_Helo_CM,842
110,220.0,47.544144048125986,MASP2_Helo_CM,842
111,222.0,50.654195964683346,MASP2_Helo_CM,842
112,224.0,45.079999846531116,MASP2_Helo_CM,842
113,226.0,48.5668175629801,MASP2_Helo_CM,842
114,228.0,44.987062900980426,MASP2_Helo_CM,842
115,230.0,44.830138767194775,MASP2_Helo_CM,842
116,232.0,41.63168798158756,MASP2_Helo_CM,842
117,234.0,42.149954549008015,MASP2_Helo_CM,842
118,236.0,43.398604826421035,MASP2_Helo_CM,842
119,238.0,43.70781447889327,MASP2_Helo_CM,842
120,240.0,45.43953594990802,MASP2_Helo_CM,842
121,242.0,43.88485647301113,MASP2_Helo_CM,842
122,244.0,42.02085208215352,MASP2_Helo_CM,842
123,246.0,37.72639914019208,MASP2_Helo_CM,842
124,248.0,40.22239952681988,MASP2_Helo_CM,842
125,250.0,40.92223751237792,MASP2_Helo_CM,842
126,252.0,41.97026911801783,MASP2_Helo_CM,842
127,254.0,40.176519076743354,MASP2_Helo_CM,842
128,256.0,42.586295398179736,MASP2_Helo_CM,842
129,258.0,38.982732261303276,MASP2_Helo_CM,842
130,260.0,38.21502491624035,MASP2_Helo_CM,842
131,262.0,38.4375600881612,MASP2_Helo_CM,842
132,264.0,38.504318130685114,MASP2_Helo_CM,842
133,266.0,35.39770492171788,MASP2_Helo_CM,842
134,268.0,35.09378669977715,MASP2_Helo_CM,842
135,270.0,35.119453614177274,MASP2_Helo_CM,842
136,272.0,35.73815303073555,MASP2_Helo_CM,842
137,274.0,32.752285316977364,MASP2_Helo_CM,842
138,276.0,31.44495037628825,MASP2_Helo_CM,842
139,278.0,30.202922452269785,MASP2_Helo_CM,842
140,280.0,31.489839690065185,MASP2_Helo_CM,842
141,282.0,32.48673400272645,MASP2_Helo_CM,842
142,284.0,31.062410511912237,MASP2_Helo_CM,842
143,286.0,32.60170748032815,MASP2_Helo_CM,842
144,288.0,36.473806416389806,MASP2_Helo_CM,842
145,290.0,33.22367881067257,MASP2_Helo_CM,842
146,292.0,32.8698057513914,MASP2_Helo_CM,842
147,294.0,32.798357751597564,MASP2_Helo_CM,842
148,296.0,36.28232259553587,MASP2_Helo_CM,842
149,298.0,35.197020252104544,MASP2_Helo_CM,842
150,300.0,31.544476684173716,MASP2_Helo_CM,842
151,302.0,33.7824512622191,MASP2_Helo_CM,842
152,304.0,37.39324870638146,MASP2_Helo_CM,842
153,306.0,37.87656308194745,MASP2_Helo_CM,842
154,308.0,36.7639154116245,MASP2_Helo_CM,842
155,310.0,37.70904685444696,MASP2_Helo_CM,842
156,312.0,37.81559611005577,MASP2_Helo_CM,842
157,314.0,35.60880340999573,MASP2_Helo_CM,842
158,316.0,35.397269993691765,MASP2_Helo_CM,842
159,318.0,34.460552396436114,MASP2_Helo_CM,842
160,320.0,31.848453199563583,MASP2_Helo_CM,842
161,322.0,32.24487649971295,MASP2_Helo_CM,842
162,324.0,33.076619235690515,MASP2_Helo_CM,842
163,326.0,33.84143946613055,MASP2_Helo_CM,842
164,328.0,33.34686965110681,MASP2_Helo_CM,842
165,330.0,34.92803572694104,MASP2_Helo_CM,842
166,332.0,29.644069849035876,MASP2_Helo_CM,842
167,334.0,32.74466037051265,MASP2_Helo_CM,842
168,336.0,36.02542857298001,MASP2_Helo_CM,842
169,338.0,37.44890522211354,MASP2_Helo_CM,842
170,340.0,34.445669802696344,MASP2_Helo_CM,842
171,342.0,33.15224564641412,MASP2_Helo_CM,842
172,344.0,35.96382263038423,MASP2_Helo_CM,842
173,346.0,34.06900030636158,MASP2_Helo_CM,842
174,348.0,32.591376526160275,MASP2_Helo_CM,842
175,350.0,32.86917712720605,MASP2_Helo_CM,842
176,352.0,33.27967868112069,MASP2_Helo_CM,842
177,354.0,31.633903566477404,MASP2_Helo_CM,842
178,356.0,30.848970341281035,MASP2_Helo_CM,842
179,358.0,33.34790328345449,MASP2_Helo_CM,842
180,360.0,33.07191364350787,MASP2_Helo_CM,842
181,362.0,32.515839053049966,MASP2_Helo_CM,842
182,364.0,28.250039959707262,MASP2_Helo_CM,842
183,366.0,29.635435542606913,MASP2_Helo_CM,842
184,368.0,26.651410083229667,MASP2_Helo_CM,842
185,370.0,28.079453996848244,MASP2_Helo_CM,842
186,372.0,28.86939531337662,MASP2_Helo_CM,842
187,374.0,30.188159235553048,MASP2_Helo_CM,842
188,376.0,30.48023782179363,MASP2_Helo_CM,842
189,378.0,30.71463503562542,MASP2_Helo_CM,842
190,380.0,32.76944871580372,MASP2_Helo_CM,842
191,382.0,32.52995864444125,MASP2_Helo_CM,842
192,384.0,33.25364856167612,MASP2_Helo_CM,842
193,386.0,33.87200249501934,MASP2_Helo_CM,842
194,388.0,32.11533495483233,MASP2_Helo_CM,842
195,390.0,29.34190889094486,MASP2_Helo_CM,842
196,392.0,30.657612747894397,MASP2_Helo_CM,842
197,394.0,30.61613590435146,MASP2_Helo_CM,842
198,396.0,28.612388562758685,MASP2_Helo_CM,842
199,398.0,26.472902791224502,MASP2_Helo_CM,842
200,400.0,30.189421974310164,MASP2_Helo_CM,842
201,402.0,28.4085664939026,MASP2_Helo_CM,842
202,404.0,28.13649471212886,MASP2_Helo_CM,842
203,406.0,28.321218840367532,MASP2_Helo_CM,842
204,408.0,29.376115363211046,MASP2_Helo_CM,842
205,410.0,27.204381607254895,MASP2_Helo_CM,842
206,412.0,31.57937149145174,MASP2_Helo_CM,842
207,414.0,29.079503899117945,MASP2_Helo_CM,842
208,416.0,31.21104825323635,MASP2_Helo_CM,842
209,418.0,31.579073604394328,MASP2_Helo_CM,842
210,420.0,31.65563137525433,MASP2_Helo_CM,842
211,422.0,30.00438338604087,MASP2_Helo_CM,842
212,424.0,27.011410955744942,MASP2_Helo_CM,842
213,426.0,25.422270807872923,MASP2_Helo_CM,842
214,428.0,25.65943064888323,MASP2_Helo_CM,842
215,430.0,24.449983537636925,MASP2_Helo_CM,842
216,432.0,28.833382334753054,MASP2_Helo_CM,842
217,434.0,26.69868876113116,MASP2_Helo_CM,842
218,436.0,26.43908814000589,MASP2_Helo_CM,842
219,438.0,25.275026630607904,MASP2_Helo_CM,842
220,440.0,22.5759951552948,MASP2_Helo_CM,842
221,442.0,21.97791112386433,MASP2_Helo_CM,842
222,444.0,25.13388728223111,MASP2_Helo_CM,842
223,446.0,26.047526387092972,MASP2_Helo_CM,842
224,448.0,25.620211460948664,MASP2_Helo_CM,842
225,450.0,25.747759785686107,MASP2_Helo_CM,842
226,452.0,24.035572171444855,MASP2_Helo_CM,842
227,454.0,25.113111138382305,MASP2_Helo_CM,842
228,456.0,23.25550569410258,MASP2_Helo_CM,842
229,458.0,21.232384196596218,MASP2_Helo_CM,842
230,460.0,21.867618268850446,MASP2_Helo_CM,842
231,462.0,24.440663074256946,MASP2_Helo_CM,842
232,464.0,26.150885647395935,MASP2_Helo_CM,842
233,466.0,25.864414402520243,MASP2_Helo_CM,842
234,468.0,26.023413160161045,MASP2_Helo_CM,842
235,470.0,22.113802628311767,MASP2_Helo_CM,842
236,472.0,20.504208289470633,MASP2_Helo_CM,842
237,474.0,19.33385129377867,MASP2_Helo_CM,842
238,476.0,21.013467573764977,MASP2_Helo_CM,842
239,478.0,20.260093953558812,MASP2_Helo_CM,842
240,480.0,18.095783085068803,MASP2_Helo_CM,842
241,482.0,18.868332514346697,MASP2_Helo_CM,842
242,484.0,20.00363883493035,MASP2_Helo_CM,842
243,486.0,18.71874409830286,MASP2_Helo_CM,842
244,488.0,21.725199212912734,MASP2_Helo_CM,842
245,490.0,22.017640856348894,MASP2_Helo_CM,842
246,492.0,22.770538989620682,MASP2_Helo_CM,842
247,494.0,22.781470829244373,MASP2_Helo_CM,842
248,496.0,23.246560198581243,MASP2_Helo_CM,842
249,498.0,20.8131892754452,MASP2_Helo_CM,842
250,500.0,19.59925591074625,MASP2_Helo_CM,842
251,502.0,22.4668557873668,MASP2_Helo_CM,842
252,504.0,21.698201171497615,MASP2_Helo_CM,842
253,506.0,21.845859139055722,MASP2_Helo_CM,842
254,508.0,22.006394907976706,MASP2_Helo_CM,842
255,510.0,23.961920293531133,MASP2_Helo_CM,842
256,512.0,23.562773432389626,MASP2_Helo_CM,842
257,514.0,19.996757188059526,MASP2_Helo_CM,842
258,516.0,23.10940410970986,MASP2_Helo_CM,842
259,518.0,23.852526292913776,MASP2_Helo_CM,842
260,520.0,25.689261025532257,MASP2_Helo_CM,842
261,522.0,29.079718443140237,MASP2_Helo_CM,842
262,524.0,27.783591929778183,MASP2_Helo_CM,842
263,526.0,25.864512983113073,MASP2_Helo_CM,842
264,528.0,29.60258429710902,MASP2_Helo_CM,842
265,530.0,29.367714146188675,MASP2_Helo_CM,842
266,532.0,26.468195552533892,MASP2_Helo_CM,842
267,534.0,21.945955293747698,MASP2_Helo_CM,842
268,536.0,25.120977590536256,MASP2_Helo_CM,842
269,538.0,26.588993702091447,MASP2_Helo_CM,842
270,540.0,24.023189235189896,MASP2_Helo_CM,842
271,542.0,24.574661785156433,MASP2_Helo_CM,842
272,544.0,26.076087807731046,MASP2_Helo_CM,842
273,546.0,24.186847144405505,MASP2_Helo_CM,842
274,548.0,21.64513583129886,MASP2_Helo_CM,842
275,550.0,24.553846414721292,MASP2_Helo_CM,842
276,552.0,22.264938673660787,MASP2_Helo_CM,842
277,554.0,23.651327066904557,MASP2_Helo_CM,842
278,556.0,22.891844791687628,MASP2_Helo_CM,842
279,558.0,22.170443302030115,MASP2_Helo_CM,842
280,560.0,22.09399713195495,MASP2_Helo_CM,842
281,562.0,21.56951302951365,MASP2_Helo_CM,842
282,564.0,22.812853552379107,MASP2_Helo_CM,842
283,566.0,22.653597277476663,MASP2_Helo_CM,842
284,568.0,24.544292965588184,MASP2_Helo_CM,842
285,570.0,26.38614131827133,MASP2_Helo_CM,842
286,572.0,25.968556471987668,MASP2_Helo_CM,842
287,574.0,25.531967092817798,MASP2_Helo_CM,842
288,576.0,24.112590794681203,MASP2_Helo_CM,842
289,578.0,23.193866783404157,MASP2_Helo_CM,842
290,580.0,21.857082252793553,MASP2_Helo_CM,842
291,582.0,21.236843145253,MASP2_Helo_CM,842
292,584.0,22.821695733392435,MASP2_Helo_CM,842
293,586.0,21.115876535108423,MASP2_Helo_CM,842
294,588.0,22.587651766849202,MASP2_Helo_CM,842
295,590.0,18.909139253811375,MASP2_Helo_CM,842
296,592.0,22.617119932701623,MASP2_Helo_CM,842
297,594.0,20.445500010125215,MASP2_Helo_CM,842
298,596.0,20.550961580382634,MASP2_Helo_CM,842
299,598.0,17.648136351375047,MASP2_Helo_CM,842
300,600.0,17.053009752510643,MASP2_Helo_CM,842
301,602.0,18.05192365322301,MASP2_Helo_CM,842
302,604.0,16.584438452133305,MASP2_Helo_CM,842
303,606.0,15.45107592391165,MASP2_Helo_CM,842
304,608.0,16.692227153428192,MASP2_Helo_CM,842
305,610.0,16.614047100376975,MASP2_Helo_CM,842
306,612.0,15.063524497539307,MASP2_Helo_CM,842
307,614.0,13.821132257831515,MASP2_Helo_CM,842
308,616.0,12.730596097882858,MASP2_Helo_CM,842
309,618.0,12.544444869331747,MASP2_Helo_CM,842
310,620.0,12.626282253313084,MASP2_Helo_CM,842
311,622.0,11.797688908057308,MASP2_Helo_CM,842
312,624.0,12.090577436513062,MASP2_Helo_CM,842
313,626.0,11.924266022373255,MASP2_Helo_CM,842
314,628.0,15.1126883232065,MASP2_Helo_CM,842
315,630.0,12.548014691309566,MASP2_Helo_CM,842
316,632.0,14.982999239377527,MASP2_Helo_CM,842
317,634.0,15.713334547518942,MASP2_Helo_CM,842
318,636.0,15.649957964698734,MASP2_Helo_CM,842
319,638.0,14.416061527065013,MASP2_Helo_CM,842
320,640.0,17.155187696672154,MASP2_Helo_CM,842
321,642.0,18.4191929562285,MASP2_Helo_CM,842
322,644.0,19.416630355495574,MASP2_Helo_CM,842
323,646.0,18.99555284194757,MASP2_Helo_CM,842
324,648.0,18.735255766851978,MASP2_Helo_CM,842
325,650.0,16.180233428256972,MASP2_Helo_CM,842
326,652.0,16.463840869444443,MASP2_Helo_CM,842
327,654.0,14.752777264576176,MASP2_Helo_CM,842
328,656.0,14.82285091602009,MASP2_Helo_CM,842
329,658.0,14.548118065573396,MASP2_Helo_CM,842
330,660.0,11.33001890861294,MASP2_Helo_CM,842
331,662.0,10.487852851212631,MASP2_Helo_CM,842
332,664.0,13.256839209482061,MASP2_Helo_CM,842
333,666.0,10.933866077114702,MASP2_Helo_CM,842
334,668.0,10.2651933666843,MASP2_Helo_CM,842
335,670.0,10.605765926610875,MASP2_Helo_CM,842
336,672.0,10.893877822316309,MASP2_Helo_CM,842
337,674.0,11.83534378809762,MASP2_Helo_CM,842
338,676.0,11.3097429048679,MASP2_Helo_CM,842
339,678.0,16.029303927207266,MASP2_Helo_CM,842
340,680.0,17.33752273043591,MASP2_Helo_CM,842
341,682.0,14.24722206954088,MASP2_Helo_CM,842
342,684.0,15.541382398294846,MASP2_Helo_CM,842
343,686.0,15.037312321504404,MASP2_Helo_CM,842
344,688.0,17.88802851245494,MASP2_Helo_CM,842
345,690.0,17.479149753763927,MASP2_Helo_CM,842
346,692.0,16.811463298329016,MASP2_Helo_CM,842
347,694.0,18.39105390637183,MASP2_Helo_CM,842
348,696.0,16.607929858094533,MASP2_Helo_CM,842
349,698.0,13.976842856104293,MASP2_Helo_CM,842
350,700.0,14.885643244913744,MASP2_Helo_CM,842
351,702.0,15.597771103662973,MASP2_Helo_CM,842
352,704.0,15.357209436539181,MASP2_Helo_CM,842
353,706.0,16.945675002184338,MASP2_Helo_CM,842
354,708.0,18.160687979268893,MASP2_Helo_CM,842
355,710.0,17.88907083666903,MASP2_Helo_CM,842
356,712.0,15.77528093810493,MASP2_Helo_CM,842
357,714.0,17.046315102357998,MASP2_Helo_CM,842
358,716.0,16.298388576813338,MASP2_Helo_CM,842
359,718.0,15.103315255931122,MASP2_Helo_CM,842
360,720.0,16.159861996633047,MASP2_Helo_CM,842
361,722.0,15.741457409744148,MASP2_Helo_CM,842
362,724.0,13.806255064268274,MASP2_Helo_CM,842
363,726.0,14.250695753062612,MASP2_Helo_CM,842
364,728.0,14.398107813674605,MASP2_Helo_CM,842
365,730.0,17.025071766126807,MASP2_Helo_CM,842
366,732.0,13.92858287806117,MASP2_Helo_CM,842
367,734.0,15.12621006295402,MASP2_Helo_CM,842
368,736.0,15.541379434390773,MASP2_Helo_CM,842
369,738.0,13.460464110462254,MASP2_Helo_CM,842
370,740.0,12.325088892227493,MASP2_Helo_CM,842
371,742.0,14.39821362148601,MASP2_Helo_CM,842
372,744.0,14.25941061626551,MASP2_Helo_CM,842
373,746.0,15.810398003788944,MASP2_Helo_CM,842
374,748.0,15.166918290500575,MASP2_Helo_CM,842
375,750.0,15.3022173417402,MASP2_Helo_CM,842
376,752.0,17.14994997658516,MASP2_Helo_CM,842
377,754.0,17.692599438440343,MASP2_Helo_CM,842
378,756.0,15.841725570059227,MASP2_Helo_CM,842
379,758.0,15.184621213586587,MASP2_Helo_CM,842
380,760.0,17.76402486039865,MASP2_Helo_CM,842
381,762.0,15.687143313335554,MASP2_Helo_CM,842
382,764.0,14.58955661837676,MASP2_Helo_CM,842
383,766.0,16.24104819915385,MASP2_Helo_CM,842
384,768.0,15.758856370932797,MASP2_Helo_CM,842
385,770.0,14.469925143347572,MASP2_Helo_CM,842
386,772.0,14.009601668795298,MASP2_Helo_CM,842
387,774.0,15.151042787301568,MASP2_Helo_CM,842
388,776.0,13.264089293689688,MASP2_Helo_CM,842
389,778.0,14.649488929385381,MASP2_Helo_CM,842
390,780.0,16.8330563762184,MASP2_Helo_CM,842
391,782.0,14.785879439254321,MASP2_Helo_CM,842
392,784.0,14.448509427803787,MASP2_Helo_CM,842
393,786.0,14.020408075729584,MASP2_Helo_CM,842
394,788.0,14.795692573069761,MASP2_Helo_CM,842
395,790.0,15.332065239427514,MASP2_Helo_CM,842
396,792.0,15.824246600238652,MASP2_Helo_CM,842
397,794.0,14.732502675341369,MASP2_Helo_CM,842
398,796.0,14.901734334845246,MASP2_Helo_CM,842
399,798.0,15.22122711447335,MASP2_Helo_CM,842
400,800.0,13.077797596509935,MASP2_Helo_CM,842
401,802.0,14.035665415864116,MASP2_Helo_CM,842
402,804.0,15.479964096891987,MASP2_Helo_CM,842
403,806.0,14.9304265994489,MASP2_Helo_CM,842
404,808.0,14.17782942674847,MASP2_Helo_CM,842
405,810.0,12.846902174937092,MASP2_Helo_CM,842
406,812.0,14.463173643142785,MASP2_Helo_CM,842
407,814.0,15.480076557118508,MASP2_Helo_CM,842
408,816.0,15.848045414198142,MASP2_Helo_CM,842
409,818.0,16.345638832564614,MASP2_Helo_CM,842
410,820.0,16.48556186007144,MASP2_Helo_CM,842
411,822.0,13.862041997772735,MASP2_Helo_CM,842
412,824.0,14.850311771169176,MASP2_Helo_CM,842
413,826.0,12.90780983698946,MASP2_Helo_CM,842
414,828.0,14.961487785130117,MASP2_Helo_CM,842
415,830.0,13.86472366115166,MASP2_Helo_CM,842
416,832.0,13.07618159671659,MASP2_Helo_CM,842
417,834.0,18.359083187062595,MASP2_Helo_CM,842
418,836.0,15.302885676998814,MASP2_Helo_CM,842
419,838.0,16.754075951232775,MASP2_Helo_CM,842
420,840.0,17.839093981367974,MASP2_Helo_CM,842
421,842.0,15.177884871144357,MASP2_Helo_CM,842
422,844.0,15.695224584742196,MASP2_Helo_CM,842
423,846.0,16.650828415051468,MASP2_Helo_CM,842
424,848.0,17.84667308986739,MASP2_Helo_CM,842
425,850.0,16.204344246950107,MASP2_Helo_CM,842
426,852.0,15.160384578859299,MASP2_Helo_CM,842
427,854.0,15.565439089072088,MASP2_Helo_CM,842
428,856.0,16.555641607678126,MASP2_Helo_CM,842
429,858.0,16.305577516274447,MASP2_Helo_CM,842
430,860.0,17.03106763903263,MASP2_Helo_CM,842
431,862.0,16.370362052122907,MASP2_Helo_CM,842
432,864.0,17.138206932830485,MASP2_Helo_CM,842
433,866.0,16.786826597868586,MASP2_Helo_CM,842
434,868.0,16.577437971842564,MASP2_Helo_CM,842
435,870.0,16.70732601815117,MASP2_Helo_CM,842
436,872.0,16.044630346209736,MASP2_Helo_CM,842
437,874.0,16.75126040803828,MASP2_Helo_CM,842
438,876.0,16.992959232678977,MASP2_Helo_CM,842
439,878.0,16.276601045720202,MASP2_Helo_CM,842
440,880.0,14.913685672102979,MASP2_Helo_CM,842
441,882.0,16.175442876408628,MASP2_Helo_CM,842
442,884.0,14.2642796429468,MASP2_Helo_CM,842
443,886.0,13.584603796150436,MASP2_Helo_CM,842
444,888.0,13.090085428137838,MASP2_Helo_CM,842
445,890.0,13.173279612507365,MASP2_Helo_CM,842
446,892.0,11.122730482319513,MASP2_Helo_CM,842
447,894.0,10.787995113863882,MASP2_Helo_CM,842
448,896.0,11.2021488172027,MASP2_Helo_CM,842
449,898.0,11.479664839553582,MASP2_Helo_CM,842
450,900.0,10.781117134536583,MASP2_Helo_CM,842
451,902.0,10.587191214123324,MASP2_Helo_CM,842
452,904.0,10.519897395918152,MASP2_Helo_CM,842
453,906.0,10.946323140162379,MASP2_Helo_CM,842
454,908.0,12.582658929425882,MASP2_Helo_CM,842
455,910.0,12.585786848160124,MASP2_Helo_CM,842
456,912.0,12.132336585659228,MASP2_Helo_CM,842
457,914.0,14.588846197446665,MASP2_Helo_CM,842
458,916.0,12.940200346241744,MASP2_Helo_CM,842
459,918.0,12.980486574210618,MASP2_Helo_CM,842
460,920.0,12.021925371672383,MASP2_Helo_CM,842
461,922.0,12.975159269671652,MASP2_Helo_CM,842
462,924.0,15.308028425368683,MASP2_Helo_CM,842
463,926.0,14.910463664112806,MASP2_Helo_CM,842
464,928.0,13.691160250920342,MASP2_Helo_CM,842
465,930.0,12.96487424830335,MASP2_Helo_CM,842
466,932.0,12.610235773257248,MASP2_Helo_CM,842
467,934.0,13.437262490118876,MASP2_Helo_CM,842
468,936.0,11.944603119805578,MASP2_Helo_CM,842
469,938.0,14.831419239711302,MASP2_Helo_CM,842
470,940.0,15.77501358340491,MASP2_Helo_CM,842
471,942.0,13.064186618660784,MASP2_Helo_CM,842
472,944.0,14.379161446678019,MASP2_Helo_CM,842
473,946.0,12.844410434899382,MASP2_Helo_CM,842
474,948.0,12.50479396855292,MASP2_Helo_CM,842
475,950.0,13.164207543600929,MASP2_Helo_CM,842
476,952.0,13.287165505387337,MASP2_Helo_CM,842
477,954.0,13.177070454950048,MASP2_Helo_CM,842
478,956.0,13.868604951439773,MASP2_Helo_CM,842
479,958.0,13.18079154005353,MASP2_Helo_CM,842
480,960.0,11.754588120870492,MASP2_Helo_CM,842
481,962.0,12.23353899643613,MASP2_Helo_CM,842
482,964.0,13.03650364146505,MASP2_Helo_CM,842
483,966.0,12.660607619803361,MASP2_Helo_CM,842
484,968.0,11.877360545291406,MASP2_Helo_CM,842
485,970.0,11.861086902445669,MASP2_Helo_CM,842
486,972.0,11.558340488044246,MASP2_Helo_CM,842
487,974.0,12.84089993078378,MASP2_Helo_CM,842
488,976.0,12.719569816033857,MASP2_Helo_CM,842
489,978.0,13.451770752925936,MASP2_Helo_CM,842
490,980.0,11.726295206701172,MASP2_Helo_CM,842
491,982.0,12.35414357698562,MASP2_Helo_CM,842
492,984.0,12.767071604565091,MASP2_Helo_CM,842
493,986.0,12.881157607472463,MASP2_Helo_CM,842
494,988.0,12.51322632585451,MASP2_Helo_CM,842
495,990.0,10.584508562622213,MASP2_Helo_CM,842
496,992.0,12.272571439842794,MASP2_Helo_CM,842
497,994.0,12.610756781541799,MASP2_Helo_CM,842
498,996.0,11.57435964620249,MASP2_Helo_CM,842
499,998.0,12.125699683988243,MASP2_Helo_CM,842
500,1000.0,13.356071822436428,MASP2_Helo_CM,842
501,1002.0,11.095403878326287,MASP2_Helo_CM,842
502,1004.0,11.736794650408394,MASP2_Helo_CM,842
503,1006.0,11.804773874157595,MASP2_Helo_CM,842
504,1008.0,11.205570537276325,MASP2_Helo_CM,842
505,1010.0,12.388203171591142,MASP2_Helo_CM,842
506,1012.0,12.413155439577704,MASP2_Helo_CM,842
507,1014.0,13.847564961737891,MASP2_Helo_CM,842
508,1016.0,14.464629412408417,MASP2_Helo_CM,842
509,1018.0,16.030666681002167,MASP2_Helo_CM,842
510,1020.0,13.957503096107386,MASP2_Helo_CM,842
511,1022.0,12.363364472234414,MASP2_Helo_CM,842
512,1024.0,13.536299111789134,MASP2_Helo_CM,842
513,1026.0,13.584768545474272,MASP2_Helo_CM,842
514,1028.0,13.940681888832964,MASP2_Helo_CM,842
515,1030.0,12.527730956888961,MASP2_Helo_CM,842
516,1032.0,14.878197380574267,MASP2_Helo_CM,842
517,1034.0,12.76603507848995,MASP2_Helo_CM,842
518,1036.0,13.665157777927043,MASP2_Helo_CM,842
519,1038.0,13.121462233720107,MASP2_Helo_CM,842
520,1040.0,12.581324686288333,MASP2_Helo_CM,842
521,1042.0,12.34882959256209,MASP2_Helo_CM,842
522,1044.0,12.160655427974396,MASP2_Helo_CM,842
523,1046.0,13.969559326623713,MASP2_Helo_CM,842
524,1048.0,15.662457629973776,MASP2_Helo_CM,842
525,1050.0,15.587701093786357,MASP2_Helo_CM,842
526,1052.0,13.758988641170331,MASP2_Helo_CM,842
527,1054.0,11.880025762020503,MASP2_Helo_CM,842
528,1056.0,13.056068768452855,MASP2_Helo_CM,842
529,1058.0,13.044543447233835,MASP2_Helo_CM,842
530,1060.0,13.517627734170777,MASP2_Helo_CM,842
531,1062.0,16.198929569075244,MASP2_Helo_CM,842
532,1064.0,15.901077647755343,MASP2_Helo_CM,842
533,1066.0,13.992522322591496,MASP2_Helo_CM,842
534,1068.0,12.760872523741913,MASP2_Helo_CM,842
535,1070.0,13.78176371651367,MASP2_Helo_CM,842
536,1072.0,15.883547801439727,MASP2_Helo_CM,842
537,1074.0,15.954628356717329,MASP2_Helo_CM,842
538,1076.0,14.741570742177219,MASP2_Helo_CM,842
539,1078.0,15.601363282855377,MASP2_Helo_CM,842
540,1080.0,14.133020414972037,MASP2_Helo_CM,842
541,1082.0,11.125885746223114,MASP2_Helo_CM,842
542,1084.0,12.246316201164905,MASP2_Helo_CM,842
543,1086.0,13.0779348647541,MASP2_Helo_CM,842
544,1088.0,13.573150147196014,MASP2_Helo_CM,842
545,1090.0,12.32691653136238,MASP2_Helo_CM,842
546,1092.0,12.136098345888511,MASP2_Helo_CM,842
547,1094.0,12.33785303528365,MASP2_Helo_CM,842
548,1096.0,12.89855001283339,MASP2_Helo_CM,842
549,1098.0,14.531671992144298,MASP2_Helo_CM,842
550,1100.0,14.12533861086111,MASP2_Helo_CM,842
551,1102.0,12.577443684404649,MASP2_Helo_CM,842
552,1104.0,11.831771814778755,MASP2_Helo_CM,842
553,1106.0,12.126503271260155,MASP2_Helo_CM,842
554,1108.0,12.334557458793043,MASP2_Helo_CM,842
555,1110.0,11.670541116172904,MASP2_Helo_CM,842
556,1112.0,11.600718086658565,MASP2_Helo_CM,842
557,1114.0,13.316259930872539,MASP2_Helo_CM,842
558,1116.0,12.983056661103683,MASP2_Helo_CM,842
559,1118.0,11.508937058411458,MASP2_Helo_CM,842
560,1120.0,14.081962249148782,MASP2_Helo_CM,842
561,1122.0,12.639687134704499,MASP2_Helo_CM,842
562,1124.0,12.401104687773737,MASP2_Helo_CM,842
563,1126.0,14.643318919350415,MASP2_Helo_CM,842
564,1128.0,14.083201497840557,MASP2_Helo_CM,842
565,1130.0,13.832378007585044,MASP2_Helo_CM,842
566,1132.0,14.573767512613603,MASP2_Helo_CM,842
567,1134.0,12.849720446383687,MASP2_Helo_CM,842
568,1136.0,13.392117144378943,MASP2_Helo_CM,842
569,1138.0,11.737117498825365,MASP2_Helo_CM,842
570,1140.0,11.202545235062669,MASP2_Helo_CM,842
571,1142.0,12.570646860517625,MASP2_Helo_CM,842
572,1144.0,11.879439709501355,MASP2_Helo_CM,842
573,1146.0,11.854825797827004,MASP2_Helo_CM,842
574,1148.0,13.64737257485376,MASP2_Helo_CM,842
575,1150.0,13.821410863817176,MASP2_Helo_CM,842
576,1152.0,12.698615281119915,MASP2_Helo_CM,842
577,1154.0,11.656051060415827,MASP2_Helo_CM,842
578,1156.0,11.457618521570904,MASP2_Helo_CM,842
579,1158.0,11.576354457961719,MASP2_Helo_CM,842
580,1160.0,13.058862758601412,MASP2_Helo_CM,842
581,1162.0,12.223930912218226,MASP2_Helo_CM,842
582,1164.0,10.121937497284293,MASP2_Helo_CM,842
583,1166.0,11.560750221953729,MASP2_Helo_CM,842
584,1168.0,10.8736442678029,MASP2_Helo_CM,842
585,1170.0,13.390744104682971,MASP2_Helo_CM,842
586,1172.0,13.009825882888094,MASP2_Helo_CM,842
587,1174.0,13.029262136916088,MASP2_Helo_CM,842
588,1176.0,13.599043759583797,MASP2_Helo_CM,842
589,1178.0,14.247918694924849,MASP2_Helo_CM,842
590,1180.0,18.769008433054715,MASP2_Helo_CM,842
591,1182.0,17.420967452898935,MASP2_Helo_CM,842
592,1184.0,17.75297392813634,MASP2_Helo_CM,842
593,1186.0,16.430766417299246,MASP2_Helo_CM,842
594,1188.0,14.945476474491352,MASP2_Helo_CM,842
595,1190.0,12.160781550420081,MASP2_Helo_CM,842
596,1192.0,14.122755503157011,MASP2_Helo_CM,842
597,1194.0,16.09941983554915,MASP2_Helo_CM,842
598,1196.0,18.26070678642474,MASP2_Helo_CM,842
599,1198.0,18.333310368972825,MASP2_Helo_CM,842
600,1200.0,18.627675827812944,MASP2_Helo_CM,842
601,1202.0,15.001828418034947,MASP2_Helo_CM,842
602,1204.0,14.681502969191678,MASP2_Helo_CM,842
603,1206.0,13.610082034069153,MASP2_Helo_CM,842
604,1208.0,10.662708321542985,MASP2_Helo_CM,842
605,1210.0,9.748708840793746,MASP2_Helo_CM,842
606,1212.0,9.04321141793046,MASP2_Helo_CM,842
607,1214.0,10.908831253297736,MASP2_Helo_CM,842
608,1216.0,13.621032197434067,MASP2_Helo_CM,842
609,1218.0,10.92839556291288,MASP2_Helo_CM,842
610,1220.0,10.52733364656897,MASP2_Helo_CM,842
611,1222.0,14.017610897279427,MASP2_Helo_CM,842
612,1224.0,14.274439007973266,MASP2_Helo_CM,842
613,1226.0,14.843287005908119,MASP2_Helo_CM,842
614,1228.0,14.83970161547828,MASP2_Helo_CM,842
615,1230.0,15.202816575427443,MASP2_Helo_CM,842
616,1232.0,14.709228077816169,MASP2_Helo_CM,842
617,1234.0,14.038250703405746,MASP2_Helo_CM,842
618,1236.0,15.162850442171273,MASP2_Helo_CM,842
619,1238.0,16.919506473122834,MASP2_Helo_CM,842
620,1240.0,14.229525336692882,MASP2_Helo_CM,842
621,1242.0,13.527469322559721,MASP2_Helo_CM,842
622,1244.0,15.40830839420798,MASP2_Helo_CM,842
623,1246.0,15.612243896784785,MASP2_Helo_CM,842
624,1248.0,15.70736883291076,MASP2_Helo_CM,842
625,1250.0,18.47714929728896,MASP2_Helo_CM,842
626,1252.0,17.215698519168985,MASP2_Helo_CM,842
627,1254.0,14.996167665878556,MASP2_Helo_CM,842
628,1256.0,14.5256853944063,MASP2_Helo_CM,842
629,1258.0,14.22887668460146,MASP2_Helo_CM,842
630,1260.0,13.192556373937133,MASP2_Helo_CM,842
631,1262.0,12.78425951519473,MASP2_Helo_CM,842
632,1264.0,12.097612824263594,MASP2_Helo_CM,842
633,1266.0,12.059514423815381,MASP2_Helo_CM,842
634,1268.0,11.21319992662502,MASP2_Helo_CM,842
635,1270.0,12.014396158862798,MASP2_Helo_CM,842
636,1272.0,10.461299936547544,MASP2_Helo_CM,842
637,1274.0,13.798961949303955,MASP2_Helo_CM,842
638,1276.0,12.896550880648867,MASP2_Helo_CM,842
639,1278.0,16.39612838876564,MASP2_Helo_CM,842
640,1280.0,18.955715412924185,MASP2_Helo_CM,842
641,1282.0,14.945885361682073,MASP2_Helo_CM,842
642,1284.0,14.558825392025907,MASP2_Helo_CM,842
643,1286.0,14.367157451550344,MASP2_Helo_CM,842
644,1288.0,13.516597519352015,MASP2_Helo_CM,842
645,1290.0,14.562932670375641,MASP2_Helo_CM,842
646,1292.0,14.284721324460675,MASP2_Helo_CM,842
647,1294.0,14.975227854253792,MASP2_Helo_CM,842
648,1296.0,13.406411202836319,MASP2_Helo_CM,842
649,1298.0,13.739603022926728,MASP2_Helo_CM,842
650,1300.0,13.919113944630281,MASP2_Helo_CM,842
651,1302.0,13.796386434514275,MASP2_Helo_CM,842
652,1304.0,14.41618178184329,MASP2_Helo_CM,842
653,1306.0,16.46078030275757,MASP2_Helo_CM,842
654,1308.0,13.001991931611204,MASP2_Helo_CM,842
655,1310.0,12.863955615518003,MASP2_Helo_CM,842
656,1312.0,16.068793363413658,MASP2_Helo_CM,842
657,1314.0,13.711203727453926,MASP2_Helo_CM,842
658,1316.0,14.602809917267654,MASP2_Helo_CM,842
659,1318.0,15.346452982761758,MASP2_Helo_CM,842
660,1320.0,12.589034510507217,MASP2_Helo_CM,842
661,1322.0,13.972531400522595,MASP2_Helo_CM,842
662,1324.0,14.883194921693084,MASP2_Helo_CM,842
663,1326.0,14.27182494306797,MASP2_Helo_CM,842
664,1328.0,15.482080458307617,MASP2_Helo_CM,842
665,1330.0,14.467016120408353,MASP2_Helo_CM,842
666,1332.0,13.500424763460675,MASP2_Helo_CM,842
667,1334.0,17.20377113914481,MASP2_Helo_CM,842
668,1336.0,17.961412863472127,MASP2_Helo_CM,842
669,1338.0,17.502413287022268,MASP2_Helo_CM,842
670,1340.0,14.363058951085662,MASP2_Helo_CM,842
671,1342.0,15.980345895506476,MASP2_Helo_CM,842
672,1344.0,11.999323118972809,MASP2_Helo_CM,842
673,1346.0,13.481921169841504,MASP2_Helo_CM,842
674,1348.0,16.922751171476172,MASP2_Helo_CM,842
675,1350.0,15.640887588219947,MASP2_Helo_CM,842
676,1352.0,15.135950570856648,MASP2_Helo_CM,842
677,1354.0,11.316572434993912,MASP2_Helo_CM,842
678,1356.0,13.948746982508478,MASP2_Helo_CM,842
679,1358.0,14.043879653279498,MASP2_Helo_CM,842
680,1360.0,10.947845324547702,MASP2_Helo_CM,842
681,1362.0,11.483376954168786,MASP2_Helo_CM,842
682,1364.0,14.747491388877473,MASP2_Helo_CM,842
683,1366.0,13.35858704524773,MASP2_Helo_CM,842
684,1368.0,14.295280770003812,MASP2_Helo_CM,842
685,1370.0,15.679335267024552,MASP2_Helo_CM,842
686,1372.0,16.106608040429666,MASP2_Helo_CM,842
687,1374.0,15.512804266872854,MASP2_Helo_CM,842
688,1376.0,16.15974802999815,MASP2_Helo_CM,842
689,1378.0,14.860769889140126,MASP2_Helo_CM,842
690,1380.0,15.496470702689086,MASP2_Helo_CM,842
691,1382.0,16.516750715358928,MASP2_Helo_CM,842
692,1384.0,16.53053501043663,MASP2_Helo_CM,842
693,1386.0,15.993064300477096,MASP2_Helo_CM,842
694,1388.0,15.091235205746507,MASP2_Helo_CM,842
695,1390.0,15.140919445288793,MASP2_Helo_CM,842
696,1392.0,15.807636235618025,MASP2_Helo_CM,842
697,1394.0,16.77686708634759,MASP2_Helo_CM,842
698,1396.0,16.20866856364456,MASP2_Helo_CM,842
699,1398.0,16.82893077287285,MASP2_Helo_CM,842
700,1400.0,14.322405448918234,MASP2_Helo_CM,842
701,1402.0,15.208146770299253,MASP2_Helo_CM,842
702,1404.0,16.223881085842528,MASP2_Helo_CM,842
703,1406.0,15.70100654172534,MASP2_Helo_CM,842
704,1408.0,19.05224803278662,MASP2_Helo_CM,842
705,1410.0,18.88726241617624,MASP2_Helo_CM,842
706,1412.0,16.959815464463155,MASP2_Helo_CM,842
707,1414.0,16.109248089308508,MASP2_Helo_CM,842
708,1416.0,17.094180011519573,MASP2_Helo_CM,842
709,1418.0,16.747616351505005,MASP2_Helo_CM,842
710,1420.0,15.982685293759046,MASP2_Helo_CM,842
711,1422.0,14.510079843036591,MASP2_Helo_CM,842
712,1424.0,14.12923256947481,MASP2_Helo_CM,842
713,1426.0,12.04774358842676,MASP2_Helo_CM,842
714,1428.0,14.612040326000962,MASP2_Helo_CM,842
715,1430.0,14.272562708874739,MASP2_Helo_CM,842
716,1432.0,15.083203303812827,MASP2_Helo_CM,842
717,1434.0,15.498731799406395,MASP2_Helo_CM,842
718,1436.0,13.998937916719022,MASP2_Helo_CM,842
719,1438.0,14.57713486497307,MASP2_Helo_CM,842
720,1440.0,15.064839672015536,MASP2_Helo_CM,842
721,1442.0,13.618799772072137,MASP2_Helo_CM,842
722,1444.0,15.259576803616579,MASP2_Helo_CM,842
723,1446.0,11.542008705837516,MASP2_Helo_CM,842
724,1448.0,13.552099882084,MASP2_Helo_CM,842
725,1450.0,15.984197321540389,MASP2_Helo_CM,842
726,1452.0,13.354000906367961,MASP2_Helo_CM,842
727,1454.0,14.324276900493423,MASP2_Helo_CM,842
728,1456.0,14.35738152407921,MASP2_Helo_CM,842
729,1458.0,14.52888345166138,MASP2_Helo_CM,842
730,1460.0,14.413756718584608,MASP2_Helo_CM,842
731,1462.0,15.844124791439649,MASP2_Helo_CM,842
732,1464.0,14.663747478148522,MASP2_Helo_CM,842
733,1466.0,13.424618456786865,MASP2_Helo_CM,842
734,1468.0,15.102246011364182,MASP2_Helo_CM,842
735,1470.0,14.37163017111391,MASP2_Helo_CM,842
736,1472.0,13.568508669966805,MASP2_Helo_CM,842
737,1474.0,13.945012043684427,MASP2_Helo_CM,842
738,1476.0,17.063582482446677,MASP2_Helo_CM,842
739,1478.0,13.681291348735723,MASP2_Helo_CM,842
740,1480.0,12.759192008353464,MASP2_Helo_CM,842
741,1482.0,13.476970473960206,MASP2_Helo_CM,842
742,1484.0,16.555728161725302,MASP2_Helo_CM,842
743,1486.0,13.072863963567286,MASP2_Helo_CM,842
744,1488.0,14.49482772472851,MASP2_Helo_CM,842
745,1490.0,15.638323728678456,MASP2_Helo_CM,842
746,1492.0,14.884374276025786,MASP2_Helo_CM,842
747,1494.0,14.073068806790781,MASP2_Helo_CM,842
748,1496.0,14.069281593358617,MASP2_Helo_CM,842
749,1498.0,13.141637376847804,MASP2_Helo_CM,842
750,1500.0,13.366215741895168,MASP2_Helo_CM,842
751,1502.0,10.19748181469016,MASP2_Helo_CM,842
752,1504.0,11.93598442657961,MASP2_Helo_CM,842
753,1506.0,11.608949626359614,MASP2_Helo_CM,842
754,1508.0,11.387344333634623,MASP2_Helo_CM,842
755,1510.0,10.56016323143736,MASP2_Helo_CM,842
756,1512.0,9.072334323920007,MASP2_Helo_CM,842
757,1514.0,10.92094081350164,MASP2_Helo_CM,842
758,1516.0,10.620397107924724,MASP2_Helo_CM,842
759,1518.0,9.854491038132638,MASP2_Helo_CM,842
760,1520.0,9.694077363014488,MASP2_Helo_CM,842
761,1522.0,9.88575161499215,MASP2_Helo_CM,842
762,1524.0,10.663218901308799,MASP2_Helo_CM,842
763,1526.0,10.372323654701328,MASP2_Helo_CM,842
764,1528.0,10.080224346716868,MASP2_Helo_CM,842
765,1530.0,11.211424722949484,MASP2_Helo_CM,842
766,1532.0,11.775470910609414,MASP2_Helo_CM,842
767,1534.0,11.930526585958573,MASP2_Helo_CM,842
768,1536.0,11.70560007046978,MASP2_Helo_CM,842
769,1538.0,11.981723815579848,MASP2_Helo_CM,842
770,1540.0,12.386824473637404,MASP2_Helo_CM,842
771,1542.0,12.504126266280602,MASP2_Helo_CM,842
772,1544.0,15.904852171979199,MASP2_Helo_CM,842
773,1546.0,15.244704859158501,MASP2_Helo_CM,842
774,1548.0,13.918992212932663,MASP2_Helo_CM,842
775,1550.0,15.749407750441843,MASP2_Helo_CM,842
776,1552.0,13.738876143053524,MASP2_Helo_CM,842
777,1554.0,14.039754043937693,MASP2_Helo_CM,842
778,1556.0,11.15930161807134,MASP2_Helo_CM,842
779,1558.0,11.74891386285413,MASP2_Helo_CM,842
780,1560.0,13.067025568673472,MASP2_Helo_CM,842
781,1562.0,11.873190418516657,MASP2_Helo_CM,842
782,1564.0,12.30616217520015,MASP2_Helo_CM,842
783,1566.0,12.118053214120204,MASP2_Helo_CM,842
784,1568.0,15.1205377612349,MASP2_Helo_CM,842
785,1570.0,14.657883475026209,MASP2_Helo_CM,842
786,1572.0,12.94364219876468,MASP2_Helo_CM,842
787,1574.0,13.766395471138093,MASP2_Helo_CM,842
788,1576.0,14.47128256654654,MASP2_Helo_CM,842
789,1578.0,15.774581869647845,MASP2_Helo_CM,842
790,1580.0,13.74100462763958,MASP2_Helo_CM,842
791,1582.0,17.03789928141335,MASP2_Helo_CM,842
792,1584.0,16.86839727642576,MASP2_Helo_CM,842
793,1586.0,16.184348361292848,MASP2_Helo_CM,842
794,1588.0,16.193917313127496,MASP2_Helo_CM,842
795,1590.0,16.904516460075598,MASP2_Helo_CM,842
796,1592.0,16.398517079016663,MASP2_Helo_CM,842
797,1594.0,16.251526819016235,MASP2_Helo_CM,842
798,1596.0,15.625603194958828,MASP2_Helo_CM,842
799,1598.0,17.106973231233148,MASP2_Helo_CM,842
800,1600.0,15.746801661213315,MASP2_Helo_CM,842
801,1602.0,14.14943899753495,MASP2_Helo_CM,842
802,1604.0,15.910779915385673,MASP2_Helo_CM,842
803,1606.0,10.198964700162005,MASP2_Helo_CM,842
804,1608.0,10.130741108731684,MASP2_Helo_CM,842
805,1610.0,11.210624713542169,MASP2_Helo_CM,842
806,1612.0,11.452128724303131,MASP2_Helo_CM,842
807,1614.0,13.863291802740441,MASP2_Helo_CM,842
808,1616.0,12.792730065061566,MASP2_Helo_CM,842
809,1618.0,13.669646874827391,MASP2_Helo_CM,842
810,1620.0,11.346829999909632,MASP2_Helo_CM,842
811,1622.0,14.648148936969521,MASP2_Helo_CM,842
812,1624.0,12.242430551792612,MASP2_Helo_CM,842
813,1626.0,10.671720717970182,MASP2_Helo_CM,842
814,1628.0,11.763647647522333,MASP2_Helo_CM,842
815,1630.0,11.18490979755383,MASP2_Helo_CM,842
816,1632.0,15.07737092069997,MASP2_Helo_CM,842
817,1634.0,14.106514016137778,MASP2_Helo_CM,842
818,1636.0,13.15956622460785,MASP2_Helo_CM,842
819,1638.0,13.544639384501473,MASP2_Helo_CM,842
820,1640.0,14.57500640193734,MASP2_Helo_CM,842
821,1642.0,15.372327449075977,MASP2_Helo_CM,842
822,1644.0,12.572417228450952,MASP2_Helo_CM,842
823,1646.0,14.161208065627175,MASP2_Helo_CM,842
824,1648.0,14.027045721258176,MASP2_Helo_CM,842
825,1650.0,13.237356444792301,MASP2_Helo_CM,842
826,1652.0,13.884724726330184,MASP2_Helo_CM,842
827,1654.0,11.460808601936359,MASP2_Helo_CM,842
828,1656.0,13.051278011048089,MASP2_Helo_CM,842
829,1658.0,11.716236311816553,MASP2_Helo_CM,842
830,1660.0,13.362537086601348,MASP2_Helo_CM,842
831,1662.0,14.482524284441991,MASP2_Helo_CM,842
832,1664.0,15.571349601694624,MASP2_Helo_CM,842
833,1666.0,16.849440043039245,MASP2_Helo_CM,842
834,1668.0,19.12050604804437,MASP2_Helo_CM,842
835,1670.0,16.02098760453353,MASP2_Helo_CM,842
836,1672.0,16.98039841615911,MASP2_Helo_CM,842
837,1674.0,20.111457263857886,MASP2_Helo_CM,842
838,1676.0,20.96054695235972,MASP2_Helo_CM,842
839,1678.0,18.875266106019442,MASP2_Helo_CM,842
840,1680.0,18.268344652005673,MASP2_Helo_CM,842
841,1682.0,17.255730087771354,MASP2_Helo_CM,842
842,1684.0,13.033797965508432,MASP2_Helo_CM,842
843,1686.0,18.969026769812046,MASP2_Helo_CM,842
844,1688.0,16.170697651702298,MASP2_Helo_CM,842
845,1690.0,16.515683994120625,MASP2_Helo_CM,842
846,1692.0,16.74516682053516,MASP2_Helo_CM,842
847,1694.0,16.592705855424303,MASP2_Helo_CM,842
848,1696.0,18.155979939887935,MASP2_Helo_CM,842
849,1698.0,14.328449075051076,MASP2_Helo_CM,842
850,1700.0,14.977476577876667,MASP2_Helo_CM,842
851,1702.0,14.99828738978675,MASP2_Helo_CM,842
852,1704.0,18.244272641435217,MASP2_Helo_CM,842
853,1706.0,20.44999701881479,MASP2_Helo_CM,842
854,1708.0,20.30788116701978,MASP2_Helo_CM,842
855,1710.0,16.59239119774439,MASP2_Helo_CM,842
856,1712.0,17.77967081992408,MASP2_Helo_CM,842
857,1714.0,18.818813150223562,MASP2_Helo_CM,842
858,1716.0,19.263606982023067,MASP2_Helo_CM,842
859,1718.0,19.095961006836486,MASP2_Helo_CM,842
860,1720.0,17.771363983786003,MASP2_Helo_CM,842
861,1722.0,19.996808676645003,MASP2_Helo_CM,842
862,1724.0,19.235666158389932,MASP2_Helo_CM,842
863,1726.0,18.000600996979543,MASP2_Helo_CM,842
864,1728.0,16.94742753332084,MASP2_Helo_CM,842
865,1730.0,17.71803102215959,MASP2_Helo_CM,842
866,1732.0,18.627926955445712,MASP2_Helo_CM,842
867,1734.0,18.355133833073662,MASP2_Helo_CM,842
868,1736.0,19.696392729049045,MASP2_Helo_CM,842
869,1738.0,18.933228056236874,MASP2_Helo_CM,842
870,1740.0,18.814241095251933,MASP2_Helo_CM,842
871,1742.0,17.899459672405253,MASP2_Helo_CM,842
872,1744.0,17.99563062707102,MASP2_Helo_CM,842
873,1746.0,18.8264947350938,MASP2_Helo_CM,842
874,1748.0,19.519632950531268,MASP2_Helo_CM,842
875,1750.0,16.906174973499994,MASP2_Helo_CM,842
876,1752.0,16.99026780074507,MASP2_Helo_CM,842
877,1754.0,17.35920695660287,MASP2_Helo_CM,842
878,1756.0,15.454019792424113,MASP2_Helo_CM,842
879,1758.0,18.42674601910661,MASP2_Helo_CM,842
880,1760.0,15.926559329607361,MASP2_Helo_CM,842
881,1762.0,13.935945895509171,MASP2_Helo_CM,842
882,1764.0,13.336807685603615,MASP2_Helo_CM,842
883,1766.0,13.164285594369895,MASP2_Helo_CM,842
884,1768.0,14.178365390941533,MASP2_Helo_CM,842
885,1770.0,13.503944648648122,MASP2_Helo_CM,842
886,1772.0,14.765223234586944,MASP2_Helo_CM,842
887,1774.0,16.13944305542937,MASP2_Helo_CM,842
888,1776.0,12.759650340244672,MASP2_Helo_CM,842
889,1778.0,14.000005602396087,MASP2_Helo_CM,842
890,1780.0,13.121381987835417,MASP2_Helo_CM,842
891,1782.0,14.4659319985204,MASP2_Helo_CM,842
892,1784.0,14.209189276959696,MASP2_Helo_CM,842
893,1786.0,11.168673122400236,MASP2_Helo_CM,842
894,1788.0,15.368752973691466,MASP2_Helo_CM,842
895,1790.0,12.617245720034585,MASP2_Helo_CM,842
896,1792.0,10.82075385008685,MASP2_Helo_CM,842
897,1794.0,9.49228998979818,MASP2_Helo_CM,842
898,1796.0,9.394045509152983,MASP2_Helo_CM,842
899,1798.0,9.760261834168162,MASP2_Helo_CM,842
900,1800.0,11.520433009629407,MASP2_Helo_CM,842
901,1802.0,13.251193420852195,MASP2_Helo_CM,842
902,1804.0,13.45642151254375,MASP2_Helo_CM,842
903,1806.0,14.49719229342018,MASP2_Helo_CM,842
904,1808.0,14.947724243377628,MASP2_Helo_CM,842
905,1810.0,16.530468052718437,MASP2_Helo_CM,842
906,1812.0,13.79148806110599,MASP2_Helo_CM,842
907,1814.0,15.735728640770823,MASP2_Helo_CM,842
908,1816.0,16.69743088218987,MASP2_Helo_CM,842
909,1818.0,16.297286091151772,MASP2_Helo_CM,842
910,1820.0,13.240753323197362,MASP2_Helo_CM,842
911,1822.0,14.854679276128044,MASP2_Helo_CM,842
912,1824.0,14.958850165576953,MASP2_Helo_CM,842
913,1826.0,13.684339652290966,MASP2_Helo_CM,842
914,1828.0,13.672736517297883,MASP2_Helo_CM,842
915,1830.0,14.15607402569246,MASP2_Helo_CM,842
916,1832.0,13.238907275091423,MASP2_Helo_CM,842
917,1834.0,14.073229805963395,MASP2_Helo_CM,842
918,1836.0,12.89680295221427,MASP2_Helo_CM,842
919,1838.0,11.356313901871777,MASP2_Helo_CM,842
920,1840.0,12.834356728488956,MASP2_Helo_CM,842
921,1842.0,13.44945540010232,MASP2_Helo_CM,842
922,1844.0,12.484026998987794,MASP2_Helo_CM,842
923,1846.0,10.57175757881724,MASP2_Helo_CM,842
924,1848.0,11.039243762874408,MASP2_Helo_CM,842
925,1850.0,12.874015529683957,MASP2_Helo_CM,842
926,1852.0,11.430989254625118,MASP2_Helo_CM,842
927,1854.0,13.239671143626552,MASP2_Helo_CM,842
928,1856.0,14.257955858455155,MASP2_Helo_CM,842
929,1858.0,12.724669622553055,MASP2_Helo_CM,842
930,1860.0,14.723544084691452,MASP2_Helo_CM,842
931,1862.0,13.049477779751102,MASP2_Helo_CM,842
932,1864.0,14.719614282405772,MASP2_Helo_CM,842
933,1866.0,14.869101712313489,MASP2_Helo_CM,842
934,1868.0,18.632042138028332,MASP2_Helo_CM,842
935,1870.0,16.504061294336605,MASP2_Helo_CM,842
936,1872.0,13.569222541392158,MASP2_Helo_CM,842
937,1874.0,13.21145319952285,MASP2_Helo_CM,842
938,1876.0,14.671327596485934,MASP2_Helo_CM,842
939,1878.0,15.323183181637242,MASP2_Helo_CM,842
940,1880.0,14.236917761483388,MASP2_Helo_CM,842
941,1882.0,13.99697807136853,MASP2_Helo_CM,842
942,1884.0,13.960529065273908,MASP2_Helo_CM,842
943,1886.0,13.68884148533626,MASP2_Helo_CM,842
944,1888.0,14.849192945398208,MASP2_Helo_CM,842
945,1890.0,15.44652565905655,MASP2_Helo_CM,842
946,1892.0,14.787981673056443,MASP2_Helo_CM,842
947,1894.0,15.595612081490772,MASP2_Helo_CM,842
948,1896.0,15.110099877522796,MASP2_Helo_CM,842
949,1898.0,15.923004236579928,MASP2_Helo_CM,842
950,1900.0,13.73283751462619,MASP2_Helo_CM,842
951,1902.0,13.413735624199974,MASP2_Helo_CM,842
952,1904.0,14.816491702093321,MASP2_Helo_CM,842
953,1906.0,14.478402410159951,MASP2_Helo_CM,842
954,1908.0,13.868825492110744,MASP2_Helo_CM,842
955,1910.0,15.308465386401405,MASP2_Helo_CM,842
956,1912.0,13.131341305770746,MASP2_Helo_CM,842
957,1914.0,14.99713718826641,MASP2_Helo_CM,842
958,1916.0,15.164153287540042,MASP2_Helo_CM,842
959,1918.0,15.03018619042793,MASP2_Helo_CM,842
960,1920.0,14.395004103853935,MASP2_Helo_CM,842
961,1922.0,16.261054876100633,MASP2_Helo_CM,842
962,1924.0,14.719875228719593,MASP2_Helo_CM,842
963,1926.0,13.40867267147441,MASP2_Helo_CM,842
964,1928.0,17.126880297636905,MASP2_Helo_CM,842
965,1930.0,16.666490093992813,MASP2_Helo_CM,842
966,1932.0,16.10030316025913,MASP2_Helo_CM,842
967,1934.0,15.446525044331052,MASP2_Helo_CM,842
968,1936.0,15.927274185630225,MASP2_Helo_CM,842
969,1938.0,16.094708848586215,MASP2_Helo_CM,842
970,1940.0,15.49916661592992,MASP2_Helo_CM,842
971,1942.0,16.744797154209852,MASP2_Helo_CM,842
972,1944.0,16.28165469541693,MASP2_Helo_CM,842
973,1946.0,14.9677295101705,MASP2_Helo_CM,842
974,1948.0,17.206480916056062,MASP2_Helo_CM,842
975,1950.0,17.757023102117245,MASP2_Helo_CM,842
976,1952.0,16.254898936856645,MASP2_Helo_CM,842
977,1954.0,15.871828282960937,MASP2_Helo_CM,842
978,1956.0,16.326371831192567,MASP2_Helo_CM,842
979,1958.0,17.169983290367693,MASP2_Helo_CM,842
980,1960.0,15.332739178905111,MASP2_Helo_CM,842
981,1962.0,13.693240270019736,MASP2_Helo_CM,842
982,1964.0,16.334028030341912,MASP2_Helo_CM,842
983,1966.0,15.534699242924196,MASP2_Helo_CM,842
984,1968.0,15.25175404406658,MASP2_Helo_CM,842
985,1970.0,16.842842213703964,MASP2_Helo_CM,842
986,1972.0,13.318077459895175,MASP2_Helo_CM,842
987,1974.0,16.07147997883844,MASP2_Helo_CM,842
988,1976.0,15.592521674977597,MASP2_Helo_CM,842
989,1978.0,16.06468333281539,MASP2_Helo_CM,842
990,1980.0,15.033048730458047,MASP2_Helo_CM,842
991,1982.0,16.25060210617925,MASP2_Helo_CM,842
992,1984.0,15.404530896234515,MASP2_Helo_CM,842
993,1986.0,15.7128417784332,MASP2_Helo_CM,842
994,1988.0,15.77562901004481,MASP2_Helo_CM,842
995,1990.0,15.88961536204041,MASP2_Helo_CM,842
996,1992.0,16.52245451737405,MASP2_Helo_CM,842
997,1994.0,17.108684981060524,MASP2_Helo_CM,842
998,1996.0,13.931711900794644,MASP2_Helo_CM,842
999,1998.0,15.038814974222056,MASP2_Helo_CM,842
1000,2000.0,17.49477894988109,MASP2_Helo_CM,842
1001,2002.0,16.908887519663917,MASP2_Helo_CM,842
1002,2004.0,15.897869021468553,MASP2_Helo_CM,842
1003,2006.0,15.039080283653243,MASP2_Helo_CM,842
1004,2008.0,14.75467239851252,MASP2_Helo_CM,842
1005,2010.0,14.36059321665697,MASP2_Helo_CM,842
1006,2012.0,13.248552013743488,MASP2_Helo_CM,842
1007,2014.0,12.542745496713692,MASP2_Helo_CM,842
1008,2016.0,13.535978498219992,MASP2_Helo_CM,842
1009,2018.0,12.89608201947203,MASP2_Helo_CM,842
1010,2020.0,12.148098117765832,MASP2_Helo_CM,842
1011,2022.0,11.533858847921955,MASP2_Helo_CM,842
1012,2024.0,12.170377728358766,MASP2_Helo_CM,842
1013,2026.0,13.94853941966539,MASP2_Helo_CM,842
1014,2028.0,13.441800652227188,MASP2_Helo_CM,842
1015,2030.0,14.947517831021486,MASP2_Helo_CM,842
1016,2032.0,13.555856896538529,MASP2_Helo_CM,842
1017,2034.0,14.923688626768202,MASP2_Helo_CM,842
1018,2036.0,16.043601217757082,MASP2_Helo_CM,842
1019,2038.0,15.465578846181188,MASP2_Helo_CM,842
1020,2040.0,14.578157277078095,MASP2_Helo_CM,842
1021,2042.0,14.82780474810153,MASP2_Helo_CM,842
1022,2044.0,14.302814854212572,MASP2_Helo_CM,842
1023,2046.0,14.286881316892792,MASP2_Helo_CM,842
1024,2048.0,11.970411355208284,MASP2_Helo_CM,842
1025,2050.0,12.193688218960926,MASP2_Helo_CM,842
1026,2052.0,11.545802957669979,MASP2_Helo_CM,842
1027,2054.0,13.621618194553852,MASP2_Helo_CM,842
1028,2056.0,11.526492968473757,MASP2_Helo_CM,842
1029,2058.0,11.249718612573542,MASP2_Helo_CM,842
1030,2060.0,11.63039256710574,MASP2_Helo_CM,842
1031,2062.0,12.289966229575668,MASP2_Helo_CM,842
1032,2064.0,12.680629535927293,MASP2_Helo_CM,842
1033,2066.0,16.653507444057333,MASP2_Helo_CM,842
1034,2068.0,15.476286804091515,MASP2_Helo_CM,842
1035,2070.0,16.45103098173717,MASP2_Helo_CM,842
1036,2072.0,12.553924506235663,MASP2_Helo_CM,842
1037,2074.0,15.684872411699143,MASP2_Helo_CM,842
1038,2076.0,15.83872415090497,MASP2_Helo_CM,842
1039,2078.0,15.317560117419033,MASP2_Helo_CM,842
1040,2080.0,14.23195896116411,MASP2_Helo_CM,842
1041,2082.0,16.24657218805999,MASP2_Helo_CM,842
1042,2084.0,13.09299392273059,MASP2_Helo_CM,842
1043,2086.0,13.211401004224493,MASP2_Helo_CM,842
1044,2088.0,16.222722640979278,MASP2_Helo_CM,842
1045,2090.0,16.4443794246344,MASP2_Helo_CM,842
1046,2092.0,15.659243397307787,MASP2_Helo_CM,842
1047,2094.0,15.064605370433673,MASP2_Helo_CM,842
1048,2096.0,15.634856269102555,MASP2_Helo_CM,842
1049,2098.0,14.151636380802785,MASP2_Helo_CM,842
1050,2100.0,15.058237402495454,MASP2_Helo_CM,842
1051,2102.0,13.913387321695426,MASP2_Helo_CM,842
1052,2104.0,15.014813451386475,MASP2_Helo_CM,842
1053,2106.0,15.259137187085694,MASP2_Helo_CM,842
1054,2108.0,14.405662229507262,MASP2_Helo_CM,842
1055,2110.0,15.509938956259775,MASP2_Helo_CM,842
1056,2112.0,17.012158449527522,MASP2_Helo_CM,842
1057,2114.0,15.169793058477614,MASP2_Helo_CM,842
1058,2116.0,15.622158599313769,MASP2_Helo_CM,842
1059,2118.0,15.333537671477751,MASP2_Helo_CM,842
1060,2120.0,15.014191871156662,MASP2_Helo_CM,842
1061,2122.0,14.548824639400047,MASP2_Helo_CM,842
1062,2124.0,15.884930110083765,MASP2_Helo_CM,842
1063,2126.0,15.050555822677394,MASP2_Helo_CM,842
1064,2128.0,14.64719553262183,MASP2_Helo_CM,842
1065,2130.0,15.552123442634908,MASP2_Helo_CM,842
1066,2132.0,15.239621000745649,MASP2_Helo_CM,842
1067,2134.0,15.180588886024305,MASP2_Helo_CM,842
1068,2136.0,15.808457176620864,MASP2_Helo_CM,842
1069,2138.0,15.653160888495902,MASP2_Helo_CM,842
1070,2140.0,16.27353455214621,MASP2_Helo_CM,842
1071,2142.0,14.378179169518752,MASP2_Helo_CM,842
1072,2144.0,15.09994807587059,MASP2_Helo_CM,842
1073,2146.0,15.021845334984103,MASP2_Helo_CM,842
1074,2148.0,17.144764709140617,MASP2_Helo_CM,842
1075,2150.0,16.18867181466944,MASP2_Helo_CM,842
1076,2152.0,16.732458404021607,MASP2_Helo_CM,842
1077,2154.0,15.367808749108102,MASP2_Helo_CM,842
1078,2156.0,14.650800411413421,MASP2_Helo_CM,842
1079,2158.0,16.425427837893633,MASP2_Helo_CM,842
1080,2160.0,15.627648108656135,MASP2_Helo_CM,842
1081,2162.0,15.734896401788424,MASP2_Helo_CM,842
1082,2164.0,16.431280563556516,MASP2_Helo_CM,842
1083,2166.0,15.355478739114297,MASP2_Helo_CM,842
1084,2168.0,13.356295013470366,MASP2_Helo_CM,842
1085,2170.0,11.498203083898531,MASP2_Helo_CM,842
1086,2172.0,14.486032719897448,MASP2_Helo_CM,842
1087,2174.0,16.748719902066586,MASP2_Helo_CM,842
1088,2176.0,14.994657927144125,MASP2_Helo_CM,842
1089,2178.0,15.9023985054583,MASP2_Helo_CM,842
1090,2180.0,16.326271132419528,MASP2_Helo_CM,842
1091,2182.0,17.000495476922186,MASP2_Helo_CM,842
1092,2184.0,17.379577594008502,MASP2_Helo_CM,842
1093,2186.0,16.396341925584355,MASP2_Helo_CM,842
1094,2188.0,16.330846963797917,MASP2_Helo_CM,842
1095,2190.0,14.505053429104288,MASP2_Helo_CM,842
1096,2192.0,17.85459776923154,MASP2_Helo_CM,842
1097,2194.0,15.530504056324315,MASP2_Helo_CM,842
1098,2196.0,19.226253436471154,MASP2_Helo_CM,842
1099,2198.0,16.565307264584238,MASP2_Helo_CM,842
1100,2200.0,17.967691355159808,MASP2_Helo_CM,842
1101,2202.0,15.904558648233442,MASP2_Helo_CM,842
1102,2204.0,18.91634031410858,MASP2_Helo_CM,842
1103,2206.0,14.651116474313378,MASP2_Helo_CM,842
1104,2208.0,18.214738708856174,MASP2_Helo_CM,842
1105,2210.0,19.383552145425593,MASP2_Helo_CM,842
1106,2212.0,16.451657544236777,MASP2_Helo_CM,842
1107,2214.0,16.980253251442413,MASP2_Helo_CM,842
1108,2216.0,15.196972178668373,MASP2_Helo_CM,842
1109,2218.0,13.74311491007763,MASP2_Helo_CM,842
1110,2220.0,14.947394763478284,MASP2_Helo_CM,842
1111,2222.0,14.253038400152143,MASP2_Helo_CM,842
1112,2224.0,14.429828964360656,MASP2_Helo_CM,842
1113,2226.0,16.967181656881696,MASP2_Helo_CM,842
1114,2228.0,18.3326589593518,MASP2_Helo_CM,842
1115,2230.0,18.74306754152268,MASP2_Helo_CM,842
1116,2232.0,17.462213721213804,MASP2_Helo_CM,842
1117,2234.0,16.500374952474854,MASP2_Helo_CM,842
1118,2236.0,18.37635482060533,MASP2_Helo_CM,842
1119,2238.0,17.522016678527933,MASP2_Helo_CM,842
1120,2240.0,16.052589952263045,MASP2_Helo_CM,842
1121,2242.0,16.408419794532563,MASP2_Helo_CM,842
1122,2244.0,16.83022032447946,MASP2_Helo_CM,842
1123,2246.0,17.565996319207706,MASP2_Helo_CM,842
1124,2248.0,18.169028527260462,MASP2_Helo_CM,842
1125,2250.0,15.659609366682687,MASP2_Helo_CM,842
1126,2252.0,14.584364387100917,MASP2_Helo_CM,842
1127,2254.0,14.700761109124342,MASP2_Helo_CM,842
1128,2256.0,14.203228254699674,MASP2_Helo_CM,842
1129,2258.0,14.13675525517572,MASP2_Helo_CM,842
1130,2260.0,14.235724075589202,MASP2_Helo_CM,842
1131,2262.0,13.21952635729102,MASP2_Helo_CM,842
1132,2264.0,15.098566591924925,MASP2_Helo_CM,842
1133,2266.0,11.5828540587973,MASP2_Helo_CM,842
1134,2268.0,10.147169004971616,MASP2_Helo_CM,842
1135,2270.0,9.913059081238622,MASP2_Helo_CM,842
1136,2272.0,9.817900199733838,MASP2_Helo_CM,842
1137,2274.0,8.072390275915597,MASP2_Helo_CM,842
1138,2276.0,10.381203344260115,MASP2_Helo_CM,842
1139,2278.0,10.730159810879389,MASP2_Helo_CM,842
1140,2280.0,13.075606062388358,MASP2_Helo_CM,842
1141,2282.0,13.920988148663096,MASP2_Helo_CM,842
1142,2284.0,11.963908944308503,MASP2_Helo_CM,842
1143,2286.0,11.191326035709181,MASP2_Helo_CM,842
1144,2288.0,18.404602969088902,MASP2_Helo_CM,842
1145,2290.0,19.748057516281193,MASP2_Helo_CM,842
1146,2292.0,20.04196206530479,MASP2_Helo_CM,842
1147,2294.0,18.886159707934915,MASP2_Helo_CM,842
1148,2296.0,17.538589055399004,MASP2_Helo_CM,842
1149,2298.0,18.2036533769515,MASP2_Helo_CM,842
1150,2300.0,18.98206005440418,MASP2_Helo_CM,842
1151,2302.0,17.417622078821715,MASP2_Helo_CM,842
1152,2304.0,13.884465107048849,MASP2_Helo_CM,842
1153,2306.0,16.649569259341142,MASP2_Helo_CM,842
1154,2308.0,18.04988939310345,MASP2_Helo_CM,842
1155,2310.0,17.709873508181058,MASP2_Helo_CM,842
1156,2312.0,17.39626473003709,MASP2_Helo_CM,842
1157,2314.0,16.746642656951,MASP2_Helo_CM,842
1158,2316.0,13.933224933349505,MASP2_Helo_CM,842
1159,2318.0,13.532802438766344,MASP2_Helo_CM,842
1160,2320.0,14.779027890384901,MASP2_Helo_CM,842
1161,2322.0,14.427600161074203,MASP2_Helo_CM,842
1162,2324.0,14.841009650127434,MASP2_Helo_CM,842
1163,2326.0,13.984736010938086,MASP2_Helo_CM,842
1164,2328.0,15.829543320576716,MASP2_Helo_CM,842
1165,2330.0,14.884789411239474,MASP2_Helo_CM,842
1166,2332.0,16.442913675046704,MASP2_Helo_CM,842
1167,2334.0,16.26463181170753,MASP2_Helo_CM,842
1168,2336.0,17.610239036244714,MASP2_Helo_CM,842
1169,2338.0,14.340134218652729,MASP2_Helo_CM,842
1170,2340.0,17.687041708763374,MASP2_Helo_CM,842
1171,2342.0,14.981695732935757,MASP2_Helo_CM,842
1172,2344.0,15.214428017743815,MASP2_Helo_CM,842
1173,2346.0,15.908439813244632,MASP2_Helo_CM,842
1174,2348.0,17.26347356677243,MASP2_Helo_CM,842
1175,2350.0,16.48739124389853,MASP2_Helo_CM,842
1176,2352.0,19.157555347095375,MASP2_Helo_CM,842
1177,2354.0,17.412460867982595,MASP2_Helo_CM,842
1178,2356.0,16.055753508491417,MASP2_Helo_CM,842
1179,2358.0,19.359606686583223,MASP2_Helo_CM,842
1180,2360.0,21.168235126306495,MASP2_Helo_CM,842
1181,2362.0,18.740217422841113,MASP2_Helo_CM,842
1182,2364.0,17.905301215782526,MASP2_Helo_CM,842
1183,2366.0,11.488052962819701,MASP2_Helo_CM,842
1184,2368.0,14.949565952786555,MASP2_Helo_CM,842
1185,2370.0,11.512181769403407,MASP2_Helo_CM,842
1186,2372.0,14.608417287947042,MASP2_Helo_CM,842
1187,2374.0,15.777356496399555,MASP2_Helo_CM,842
1188,2376.0,14.023467289026362,MASP2_Helo_CM,842
1189,2378.0,16.68376285421823,MASP2_Helo_CM,842
1190,2380.0,16.07301417753245,MASP2_Helo_CM,842
1191,2382.0,15.4964708797191,MASP2_Helo_CM,842
1192,2384.0,16.498979288100877,MASP2_Helo_CM,842
1193,2386.0,17.226722152731618,MASP2_Helo_CM,842
1194,2388.0,17.44201538327969,MASP2_Helo_CM,842
1195,2390.0,17.82611008142788,MASP2_Helo_CM,842
1196,2392.0,17.88648401811858,MASP2_Helo_CM,842
1197,2394.0,17.380461872842567,MASP2_Helo_CM,842
1198,2396.0,18.336536972529437,MASP2_Helo_CM,842
1199,2398.0,18.786170890051825,MASP2_Helo_CM,842
1200,2400.0,19.74734631640114,MASP2_Helo_CM,842
1201,2402.0,20.00235276989275,MASP2_Helo_CM,842
1202,2404.0,17.108378090222256,MASP2_Helo_CM,842
1203,2406.0,19.587477142845984,MASP2_Helo_CM,842
1204,2408.0,17.255793527221158,MASP2_Helo_CM,842
1205,2410.0,16.74743344121033,MASP2_Helo_CM,842
1206,2412.0,17.603440804696017,MASP2_Helo_CM,842
1207,2414.0,15.521456486774865,MASP2_Helo_CM,842
1208,2416.0,17.58673469164083,MASP2_Helo_CM,842
1209,2418.0,15.711195538344297,MASP2_Helo_CM,842
1210,2420.0,14.816082504807593,MASP2_Helo_CM,842
1211,2422.0,10.633520741428322,MASP2_Helo_CM,842
1212,2424.0,13.571733872386897,MASP2_Helo_CM,842
1213,2426.0,12.392466415585622,MASP2_Helo_CM,842
1214,2428.0,13.261705488031957,MASP2_Helo_CM,842
1215,2430.0,17.066726696293475,MASP2_Helo_CM,842
1216,2432.0,14.434187595772212,MASP2_Helo_CM,842
1217,2434.0,13.471234480013011,MASP2_Helo_CM,842
1218,2436.0,16.78078960731251,MASP2_Helo_CM,842
1219,2438.0,19.983226364519034,MASP2_Helo_CM,842
1220,2440.0,13.54168075047462,MASP2_Helo_CM,842
1221,2442.0,14.316189574166454,MASP2_Helo_CM,842
1222,2444.0,12.146755050054615,MASP2_Helo_CM,842
1223,2446.0,14.401958357631965,MASP2_Helo_CM,842
1224,2448.0,16.438633491363774,MASP2_Helo_CM,842
1225,2450.0,13.06622478036739,MASP2_Helo_CM,842
1226,2452.0,13.174701850995081,MASP2_Helo_CM,842
1227,2454.0,15.563253363978216,MASP2_Helo_CM,842
1228,2456.0,13.514243480405568,MASP2_Helo_CM,842
1229,2458.0,14.246865657905282,MASP2_Helo_CM,842
1230,2460.0,14.932690947327643,MASP2_Helo_CM,842
1231,2462.0,15.491056929997585,MASP2_Helo_CM,842
1232,2464.0,17.22082587822342,MASP2_Helo_CM,842
1233,2466.0,18.803522654106924,MASP2_Helo_CM,842
1234,2468.0,19.51216610961385,MASP2_Helo_CM,842
1235,2470.0,17.633156862162934,MASP2_Helo_CM,842
1236,2472.0,19.397265999816632,MASP2_Helo_CM,842
1237,2474.0,16.453867468271106,MASP2_Helo_CM,842
1238,2476.0,18.25523016742841,MASP2_Helo_CM,842
1239,2478.0,18.548093326214346,MASP2_Helo_CM,842
1240,2480.0,18.168312866776127,MASP2_Helo_CM,842
1241,2482.0,18.452029934889875,MASP2_Helo_CM,842
1242,2484.0,18.94180948898717,MASP2_Helo_CM,842
1243,2486.0,20.553710968754892,MASP2_Helo_CM,842
1244,2488.0,17.589910877259037,MASP2_Helo_CM,842
1245,2490.0,16.792004714110963,MASP2_Helo_CM,842
1246,2492.0,17.366769253707275,MASP2_Helo_CM,842
1247,2494.0,17.492373879918016,MASP2_Helo_CM,842
1248,2496.0,16.48940193657436,MASP2_Helo_CM,842
1249,2498.0,19.587523918229905,MASP2_Helo_CM,842
1250,2500.0,19.443548630172092,MASP2_Helo_CM,842
1251,2502.0,21.154850774371596,MASP2_Helo_CM,842
1252,2504.0,20.610213514033802,MASP2_Helo_CM,842
1253,2506.0,21.264694964070006,MASP2_Helo_CM,842
1254,2508.0,20.869598805592698,MASP2_Helo_CM,842
1255,2510.0,20.935106964815844,MASP2_Helo_CM,842
1256,2512.0,20.6509694913684,MASP2_Helo_CM,842
1257,2514.0,22.074849329528377,MASP2_Helo_CM,842
1258,2516.0,23.15571552012608,MASP2_Helo_CM,842
1259,2518.0,20.842329462789287,MASP2_Helo_CM,842
1260,2520.0,19.68997576259047,MASP2_Helo_CM,842
1261,2522.0,17.291973710072014,MASP2_Helo_CM,842
1262,2524.0,17.58033253145789,MASP2_Helo_CM,842
1263,2526.0,20.70234046819439,MASP2_Helo_CM,842
1264,2528.0,19.85646841762075,MASP2_Helo_CM,842
1265,2530.0,20.11084433051191,MASP2_Helo_CM,842
1266,2532.0,19.66893222526294,MASP2_Helo_CM,842
1267,2534.0,20.35519316357688,MASP2_Helo_CM,842
1268,2536.0,20.115635200921137,MASP2_Helo_CM,842
1269,2538.0,21.61584992052884,MASP2_Helo_CM,842
1270,2540.0,19.739964254783093,MASP2_Helo_CM,842
1271,2542.0,17.579757380194952,MASP2_Helo_CM,842
1272,2544.0,15.380595347221783,MASP2_Helo_CM,842
1273,2546.0,15.133634571713804,MASP2_Helo_CM,842
1274,2548.0,15.966490691874121,MASP2_Helo_CM,842
1275,2550.0,16.463387683868962,MASP2_Helo_CM,842
1276,2552.0,14.850622467501276,MASP2_Helo_CM,842
1277,2554.0,17.498219527827036,MASP2_Helo_CM,842
1278,2556.0,17.40931542955539,MASP2_Helo_CM,842
1279,2558.0,18.656034832226794,MASP2_Helo_CM,842
1280,2560.0,18.02271160767503,MASP2_Helo_CM,842
1281,2562.0,17.172118296595894,MASP2_Helo_CM,842
1282,2564.0,16.45779841396912,MASP2_Helo_CM,842
1283,2566.0,16.121351980339135,MASP2_Helo_CM,842
1284,2568.0,18.460716770601508,MASP2_Helo_CM,842
1285,2570.0,15.610073547285882,MASP2_Helo_CM,842
1286,2572.0,18.250427900685608,MASP2_Helo_CM,842
1287,2574.0,19.084078592224042,MASP2_Helo_CM,842
1288,2576.0,19.22876098126063,MASP2_Helo_CM,842
1289,2578.0,18.77774740626197,MASP2_Helo_CM,842
1290,2580.0,19.560331554824064,MASP2_Helo_CM,842
1291,2582.0,19.47681632245704,MASP2_Helo_CM,842
1292,2584.0,20.697320982011863,MASP2_Helo_CM,842
1293,2586.0,18.966905594302627,MASP2_Helo_CM,842
1294,2588.0,18.91412151582004,MASP2_Helo_CM,842
1295,2590.0,20.864910147757502,MASP2_Helo_CM,842
1296,2592.0,17.970104718062295,MASP2_Helo_CM,842
1297,2594.0,20.716375717922475,MASP2_Helo_CM,842
1298,2596.0,19.56838434538867,MASP2_Helo_CM,842
1299,2598.0,18.296781348104897,MASP2_Helo_CM,842
1300,2600.0,17.549463850594385,MASP2_Helo_CM,842
1301,2602.0,15.646350440227495,MASP2_Helo_CM,842
1302,2604.0,16.918841556988898,MASP2_Helo_CM,842
1303,2606.0,13.984463366202384,MASP2_Helo_CM,842
1304,2608.0,16.432197740120166,MASP2_Helo_CM,842
1305,2610.0,17.385168186080115,MASP2_Helo_CM,842
1306,2612.0,14.026510904710692,MASP2_Helo_CM,842
1307,2614.0,13.120343977435335,MASP2_Helo_CM,842
1308,2616.0,12.17393363191142,MASP2_Helo_CM,842
1309,2618.0,7.315684200707594,MASP2_Helo_CM,842
1310,2620.0,6.885090762255425,MASP2_Helo_CM,842
1311,2622.0,7.385804220852321,MASP2_Helo_CM,842
1312,2624.0,6.573270757055965,MASP2_Helo_CM,842
1313,2626.0,8.639661528450663,MASP2_Helo_CM,842
1314,2628.0,11.463070206709949,MASP2_Helo_CM,842
1315,2630.0,10.565148738353432,MASP2_Helo_CM,842
1316,2632.0,11.453473621912366,MASP2_Helo_CM,842
1317,2634.0,10.186281710847082,MASP2_Helo_CM,842
1318,2636.0,13.468909827102195,MASP2_Helo_CM,842
1319,2638.0,11.581711538704235,MASP2_Helo_CM,842
1320,2640.0,9.34019337877784,MASP2_Helo_CM,842
1321,2642.0,10.458596306540382,MASP2_Helo_CM,842
1322,2644.0,7.64979685499131,MASP2_Helo_CM,842
1323,2646.0,7.63440538626637,MASP2_Helo_CM,842
1324,2648.0,8.968173435038283,MASP2_Helo_CM,842
1325,2650.0,8.84920100147516,MASP2_Helo_CM,842
1326,2652.0,9.056516542315576,MASP2_Helo_CM,842
1327,2654.0,10.199942130050177,MASP2_Helo_CM,842
1328,2656.0,10.222382090303503,MASP2_Helo_CM,842
1329,2658.0,10.771073520188148,MASP2_Helo_CM,842
1330,2660.0,10.771183187990266,MASP2_Helo_CM,842
1331,2662.0,10.293258216081476,MASP2_Helo_CM,842
1332,2664.0,10.10365719396739,MASP2_Helo_CM,842
1333,2666.0,11.173919226638539,MASP2_Helo_CM,842
1334,2668.0,11.97674102836972,MASP2_Helo_CM,842
1335,2670.0,10.323517232632298,MASP2_Helo_CM,842
1336,2672.0,11.070681108398505,MASP2_Helo_CM,842
1337,2674.0,12.705316417193748,MASP2_Helo_CM,842
1338,2676.0,11.701837831183898,MASP2_Helo_CM,842
1339,2678.0,12.36956875016269,MASP2_Helo_CM,842
1340,2680.0,11.685091394626117,MASP2_Helo_CM,842
1341,2682.0,9.9362945330005,MASP2_Helo_CM,842
1342,2684.0,10.389363764873771,MASP2_Helo_CM,842
1343,2686.0,9.930365359579792,MASP2_Helo_CM,842
1344,2688.0,9.749572306552812,MASP2_Helo_CM,842
1345,2690.0,9.430107736879412,MASP2_Helo_CM,842
1346,2692.0,8.200857778460584,MASP2_Helo_CM,842
1347,2694.0,8.409938888992832,MASP2_Helo_CM,842
1348,2696.0,9.700669439811456,MASP2_Helo_CM,842
1349,2698.0,8.828172332946925,MASP2_Helo_CM,842
1350,2700.0,9.281310849076322,MASP2_Helo_CM,842
1351,2702.0,9.667266659010311,MASP2_Helo_CM,842
1352,2704.0,11.587953440777142,MASP2_Helo_CM,842
1353,2706.0,11.278903094063148,MASP2_Helo_CM,842
1354,2708.0,10.327472320909143,MASP2_Helo_CM,842
1355,2710.0,9.790055936687187,MASP2_Helo_CM,842
1356,2712.0,7.183990069656191,MASP2_Helo_CM,842
1357,2714.0,8.598007182469589,MASP2_Helo_CM,842
1358,2716.0,8.46932163627103,MASP2_Helo_CM,842
1359,2718.0,9.276959858273594,MASP2_Helo_CM,842
1360,2720.0,8.42213068568338,MASP2_Helo_CM,842
1361,2722.0,9.560358425153686,MASP2_Helo_CM,842
1362,2724.0,8.824247910785438,MASP2_Helo_CM,842
1363,2726.0,8.901654763451154,MASP2_Helo_CM,842
1364,2728.0,8.681965406571354,MASP2_Helo_CM,842
1365,2730.0,8.277250129336483,MASP2_Helo_CM,842
1366,2732.0,6.8853021997788675,MASP2_Helo_CM,842
1367,2734.0,6.811526047323477,MASP2_Helo_CM,842
1368,2736.0,7.366107246423378,MASP2_Helo_CM,842
1369,2738.0,8.480165238361698,MASP2_Helo_CM,842
1370,2740.0,8.247369132504357,MASP2_Helo_CM,842
1371,2742.0,8.964416459188982,MASP2_Helo_CM,842
1372,2744.0,9.589762357472164,MASP2_Helo_CM,842
1373,2746.0,7.223638120346847,MASP2_Helo_CM,842
1374,2748.0,6.572607722494515,MASP2_Helo_CM,842
1375,2750.0,5.375499825944333,MASP2_Helo_CM,842
1376,2752.0,6.460058820336951,MASP2_Helo_CM,842
1377,2754.0,5.065902419293734,MASP2_Helo_CM,842
1378,2756.0,5.332047545615614,MASP2_Helo_CM,842
1379,2758.0,5.262300164217442,MASP2_Helo_CM,842
1380,2760.0,5.385060945846368,MASP2_Helo_CM,842
1381,2762.0,4.8293831169919965,MASP2_Helo_CM,842
1382,2764.0,4.948694766461103,MASP2_Helo_CM,842
1383,2766.0,4.756254028924137,MASP2_Helo_CM,842
1384,2768.0,4.492106026573846,MASP2_Helo_CM,842
1385,2770.0,5.390160465799864,MASP2_Helo_CM,842
1386,2772.0,4.781073571505884,MASP2_Helo_CM,842
1387,2774.0,5.417655249403097,MASP2_Helo_CM,842
1388,2776.0,6.186873296575097,MASP2_Helo_CM,842
1389,2778.0,7.126356515331765,MASP2_Helo_CM,842
1390,2780.0,7.210594835116389,MASP2_Helo_CM,842
1391,2782.0,7.042118146248303,MASP2_Helo_CM,842
1392,2784.0,7.492048725809599,MASP2_Helo_CM,842
1393,2786.0,10.418903172456044,MASP2_Helo_CM,842
1394,2788.0,9.298603178091847,MASP2_Helo_CM,842
1395,2790.0,8.688635383525147,MASP2_Helo_CM,842
1396,2792.0,8.721678601774979,MASP2_Helo_CM,842
1397,2794.0,9.970667897505903,MASP2_Helo_CM,842
1398,2796.0,8.35988091700168,MASP2_Helo_CM,842
1399,2798.0,8.345563071980154,MASP2_Helo_CM,842
1400,2800.0,9.078518373947901,MASP2_Helo_CM,842
1401,2802.0,8.417700623552884,MASP2_Helo_CM,842
1402,2804.0,9.296968834131018,MASP2_Helo_CM,842
1403,2806.0,8.761568931772757,MASP2_Helo_CM,842
1404,2808.0,7.874223466400382,MASP2_Helo_CM,842
1405,2810.0,8.674563199741538,MASP2_Helo_CM,842
1406,2812.0,8.957373773564484,MASP2_Helo_CM,842
1407,2814.0,9.442168714057853,MASP2_Helo_CM,842
1408,2816.0,8.65273311308173,MASP2_Helo_CM,842
1409,2818.0,8.42656130882362,MASP2_Helo_CM,842
1410,2820.0,7.959137791747921,MASP2_Helo_CM,842
1411,2822.0,7.946844526934539,MASP2_Helo_CM,842
1412,2824.0,8.508874382822825,MASP2_Helo_CM,842
1413,2826.0,8.578983724184654,MASP2_Helo_CM,842
1414,2828.0,8.52562437267073,MASP2_Helo_CM,842
1415,2830.0,7.58469158261563,MASP2_Helo_CM,842
1416,2832.0,8.031028337966235,MASP2_Helo_CM,842
1417,2834.0,7.429471443739768,MASP2_Helo_CM,842
1418,2836.0,7.907442934757581,MASP2_Helo_CM,842
1419,2838.0,7.958359256048363,MASP2_Helo_CM,842
1420,2840.0,7.889623956153046,MASP2_Helo_CM,842
1421,2842.0,7.7198582487479,MASP2_Helo_CM,842
1422,2844.0,7.419173471912682,MASP2_Helo_CM,842
1423,2846.0,9.145334379466266,MASP2_Helo_CM,842
1424,2848.0,8.748196312189897,MASP2_Helo_CM,842
1425,2850.0,9.281347932204024,MASP2_Helo_CM,842
1426,2852.0,8.455400154177351,MASP2_Helo_CM,842
1427,2854.0,8.187593079069282,MASP2_Helo_CM,842
1428,2856.0,8.129906310532817,MASP2_Helo_CM,842
1429,2858.0,7.895418842319462,MASP2_Helo_CM,842
1430,2860.0,7.524818587528535,MASP2_Helo_CM,842
1431,2862.0,8.877401948624318,MASP2_Helo_CM,842
1432,2864.0,8.36958861740443,MASP2_Helo_CM,842
1433,2866.0,8.603298724170589,MASP2_Helo_CM,842
1434,2868.0,7.4123206189124184,MASP2_Helo_CM,842
1435,2870.0,8.583652682145999,MASP2_Helo_CM,842
1436,2872.0,9.13082321561761,MASP2_Helo_CM,842
1437,2874.0,7.989792345572038,MASP2_Helo_CM,842
1438,2876.0,10.230888650081688,MASP2_Helo_CM,842
1439,2878.0,11.322371680528699,MASP2_Helo_CM,842
1440,2880.0,9.632951653956363,MASP2_Helo_CM,842
1441,2882.0,12.04653532973358,MASP2_Helo_CM,842
1442,2884.0,11.518451086266058,MASP2_Helo_CM,842
1443,2886.0,12.240560441570357,MASP2_Helo_CM,842
1444,2888.0,11.486370357000885,MASP2_Helo_CM,842
1445,2890.0,10.30554358624703,MASP2_Helo_CM,842
1446,2892.0,11.425882730015443,MASP2_Helo_CM,842
1447,2894.0,10.650447479341826,MASP2_Helo_CM,842
1448,2896.0,8.827609872491204,MASP2_Helo_CM,842
1449,2898.0,9.710058267170195,MASP2_Helo_CM,842
1450,2900.0,8.8969542776727,MASP2_Helo_CM,842
1451,2902.0,9.442420009427883,MASP2_Helo_CM,842
1452,2904.0,10.072666702952711,MASP2_Helo_CM,842
1453,2906.0,9.807933047160573,MASP2_Helo_CM,842
1454,2908.0,9.533772051199147,MASP2_Helo_CM,842
1455,2910.0,9.086345409128798,MASP2_Helo_CM,842
1456,2912.0,8.100452208483595,MASP2_Helo_CM,842
1457,2914.0,8.140842885560245,MASP2_Helo_CM,842
1458,2916.0,7.782156043280689,MASP2_Helo_CM,842
1459,2918.0,10.86382227785174,MASP2_Helo_CM,842
1460,2920.0,7.156508698939146,MASP2_Helo_CM,842
1461,2922.0,8.650310141520837,MASP2_Helo_CM,842
1462,2924.0,8.960278480378802,MASP2_Helo_CM,842
1463,2926.0,9.018944140067505,MASP2_Helo_CM,842
1464,2928.0,8.86234892065216,MASP2_Helo_CM,842
1465,2930.0,9.16531478288214,MASP2_Helo_CM,842
1466,2932.0,8.35498606034171,MASP2_Helo_CM,842
1467,2934.0,10.541179700496171,MASP2_Helo_CM,842
1468,2936.0,10.653735451875578,MASP2_Helo_CM,842
1469,2938.0,9.3718523141303,MASP2_Helo_CM,842
1470,2940.0,11.56516311843456,MASP2_Helo_CM,842
1471,2942.0,10.468037973642609,MASP2_Helo_CM,842
1472,2944.0,9.059955805910867,MASP2_Helo_CM,842
1473,2946.0,10.125379104107665,MASP2_Helo_CM,842
1474,2948.0,8.703841710394354,MASP2_Helo_CM,842
1475,2950.0,8.240920163803745,MASP2_Helo_CM,842
1476,2952.0,8.727433480579728,MASP2_Helo_CM,842
1477,2954.0,8.637109834817318,MASP2_Helo_CM,842
1478,2956.0,8.638718991313725,MASP2_Helo_CM,842
1479,2958.0,9.189680885864053,MASP2_Helo_CM,842
1480,2960.0,8.696618876637425,MASP2_Helo_CM,842
1481,2962.0,8.735198939815163,MASP2_Helo_CM,842
1482,2964.0,7.072905901649771,MASP2_Helo_CM,842
1483,2966.0,7.095988862213187,MASP2_Helo_CM,842
1484,2968.0,7.143856407835319,MASP2_Helo_CM,842
1485,2970.0,7.943296067212831,MASP2_Helo_CM,842
1486,2972.0,7.676860807672507,MASP2_Helo_CM,842
1487,2974.0,7.597758722264974,MASP2_Helo_CM,842
1488,2976.0,8.426270369201557,MASP2_Helo_CM,842
1489,2978.0,7.928003206056798,MASP2_Helo_CM,842
1490,2980.0,7.891501148398921,MASP2_Helo_CM,842
1491,2982.0,7.152431241031149,MASP2_Helo_CM,842
1492,2984.0,7.6649252836627255,MASP2_Helo_CM,842
1493,2986.0,9.124053857955943,MASP2_Helo_CM,842
1494,2988.0,7.945641789256011,MASP2_Helo_CM,842
1495,2990.0,7.6644890592829995,MASP2_Helo_CM,842
1496,2992.0,7.719444192471619,MASP2_Helo_CM,842
1497,2994.0,8.468404059347046,MASP2_Helo_CM,842
1498,2996.0,7.844195364062973,MASP2_Helo_CM,842
1499,2998.0,6.914144457571237,MASP2_Helo_CM,842
1500,3000.0,6.828799030344647,MASP2_Helo_CM,842
1501,3002.0,6.914255813414633,MASP2_Helo_CM,842
1502,3004.0,7.149636293884925,MASP2_Helo_CM,842
1503,3006.0,7.236799623920492,MASP2_Helo_CM,842
1504,3008.0,7.408020910350442,MASP2_Helo_CM,842
1505,3010.0,7.3085828555785595,MASP2_Helo_CM,842
1506,3012.0,7.894347426577436,MASP2_Helo_CM,842
1507,3014.0,7.291875473290166,MASP2_Helo_CM,842
1508,3016.0,7.524136813413521,MASP2_Helo_CM,842
1509,3018.0,7.035008938178231,MASP2_Helo_CM,842
1510,3020.0,6.798971985708458,MASP2_Helo_CM,842
1511,3022.0,7.5326534649764625,MASP2_Helo_CM,842
1512,3024.0,7.6376830080776115,MASP2_Helo_CM,842
1513,3026.0,7.382063971357847,MASP2_Helo_CM,842
1514,3028.0,7.108481363726926,MASP2_Helo_CM,842
1515,3030.0,6.1589784814030315,MASP2_Helo_CM,842
1516,3032.0,6.551817800978841,MASP2_Helo_CM,842
1517,3034.0,7.702529936253714,MASP2_Helo_CM,842
1518,3036.0,7.3597119171111265,MASP2_Helo_CM,842
1519,3038.0,7.299211483370169,MASP2_Helo_CM,842
1520,3040.0,7.481148830760927,MASP2_Helo_CM,842
1521,3042.0,8.01728182711818,MASP2_Helo_CM,842
1522,3044.0,7.2582520730619455,MASP2_Helo_CM,842
1523,3046.0,7.298936112271327,MASP2_Helo_CM,842
1524,3048.0,7.852346272489234,MASP2_Helo_CM,842
1525,3050.0,7.688051328028837,MASP2_Helo_CM,842
1526,3052.0,6.971859496594899,MASP2_Helo_CM,842
1527,3054.0,6.166436919329809,MASP2_Helo_CM,842
1528,3056.0,7.94901011859134,MASP2_Helo_CM,842
1529,3058.0,6.095769752147542,MASP2_Helo_CM,842
1530,3060.0,6.654408517460918,MASP2_Helo_CM,842
1531,3062.0,5.999368655009341,MASP2_Helo_CM,842
1532,3064.0,6.421008863442612,MASP2_Helo_CM,842
1533,3066.0,6.660598945368622,MASP2_Helo_CM,842
1534,3068.0,7.101988071575688,MASP2_Helo_CM,842
1535,3070.0,7.869830730563951,MASP2_Helo_CM,842
1536,3072.0,6.9258291585931655,MASP2_Helo_CM,842
1537,3074.0,6.870422412544733,MASP2_Helo_CM,842
1538,3076.0,7.093961149481258,MASP2_Helo_CM,842
1539,3078.0,6.674666329053967,MASP2_Helo_CM,842
1540,3080.0,5.996048097159026,MASP2_Helo_CM,842
1541,3082.0,6.830807897974045,MASP2_Helo_CM,842
1542,3084.0,6.7436247188098735,MASP2_Helo_CM,842
1543,3086.0,5.614452513145884,MASP2_Helo_CM,842
1544,3088.0,6.709705437917178,MASP2_Helo_CM,842
1545,3090.0,7.371280617795026,MASP2_Helo_CM,842
1546,3092.0,7.379261772827903,MASP2_Helo_CM,842
1547,3094.0,7.071354679189769,MASP2_Helo_CM,842
1548,3096.0,8.875421400330056,MASP2_Helo_CM,842
1549,3098.0,7.3507462082412625,MASP2_Helo_CM,842
1550,3100.0,8.128311372591352,MASP2_Helo_CM,842
1551,3102.0,8.191602644534623,MASP2_Helo_CM,842
1552,3104.0,7.30613205899437,MASP2_Helo_CM,842
1553,3106.0,8.14859572100897,MASP2_Helo_CM,842
1554,3108.0,8.21190302691694,MASP2_Helo_CM,842
1555,3110.0,6.237975201821929,MASP2_Helo_CM,842
1556,3112.0,7.4756834665188405,MASP2_Helo_CM,842
1557,3114.0,7.715460173406418,MASP2_Helo_CM,842
1558,3116.0,7.879223896045149,MASP2_Helo_CM,842
1559,3118.0,7.147354136627491,MASP2_Helo_CM,842
1560,3120.0,7.0912350965995,MASP2_Helo_CM,842
1561,3122.0,7.663364948862898,MASP2_Helo_CM,842
1562,3124.0,7.717619828290043,MASP2_Helo_CM,842
1563,3126.0,10.137057893769146,MASP2_Helo_CM,842
1564,3128.0,8.557419801228658,MASP2_Helo_CM,842
1565,3130.0,9.224860215254507,MASP2_Helo_CM,842
1566,3132.0,10.229335554411538,MASP2_Helo_CM,842
1567,3134.0,9.930388675381709,MASP2_Helo_CM,842
1568,3136.0,9.887484654648667,MASP2_Helo_CM,842
1569,3138.0,7.154530662697931,MASP2_Helo_CM,842
1570,3140.0,7.239295310309489,MASP2_Helo_CM,842
1571,3142.0,8.169586510129527,MASP2_Helo_CM,842
1572,3144.0,7.132164351725397,MASP2_Helo_CM,842
1573,3146.0,7.971456855902384,MASP2_Helo_CM,842
1574,3148.0,7.5735566784423645,MASP2_Helo_CM,842
1575,3150.0,8.115352010859102,MASP2_Helo_CM,842
1576,3152.0,6.37084524558093,MASP2_Helo_CM,842
1577,3154.0,7.138985214742338,MASP2_Helo_CM,842
1578,3156.0,8.261531975033801,MASP2_Helo_CM,842
1579,3158.0,7.001888605321097,MASP2_Helo_CM,842
1580,3160.0,6.929154171563243,MASP2_Helo_CM,842
1581,3162.0,7.521791010474088,MASP2_Helo_CM,842
1582,3164.0,7.119234705448748,MASP2_Helo_CM,842
1583,3166.0,7.9564065476460195,MASP2_Helo_CM,842
1584,3168.0,7.661497575613977,MASP2_Helo_CM,842
1585,3170.0,7.3061446527783085,MASP2_Helo_CM,842
1586,3172.0,7.899409994775866,MASP2_Helo_CM,842
1587,3174.0,7.591547224024597,MASP2_Helo_CM,842
1588,3176.0,7.69924233024219,MASP2_Helo_CM,842
1589,3178.0,7.5380453909651495,MASP2_Helo_CM,842
1590,3180.0,6.819411259756644,MASP2_Helo_CM,842
1591,3182.0,6.696379123752283,MASP2_Helo_CM,842
1592,3184.0,7.334319824695866,MASP2_Helo_CM,842
1593,3186.0,7.131815131802716,MASP2_Helo_CM,842
1594,3188.0,7.238592566175237,MASP2_Helo_CM,842
1595,3190.0,7.262893889941892,MASP2_Helo_CM,842
1596,3192.0,8.071645497984925,MASP2_Helo_CM,842
1597,3194.0,7.671702497523689,MASP2_Helo_CM,842
1598,3196.0,6.220012389520828,MASP2_Helo_CM,842
1599,3198.0,8.589310778279945,MASP2_Helo_CM,842
1600,3200.0,7.4172996948257595,MASP2_Helo_CM,842
1601,3202.0,8.173594645081877,MASP2_Helo_CM,842
1602,3204.0,7.643958014898876,MASP2_Helo_CM,842
1603,3206.0,7.712923082605905,MASP2_Helo_CM,842
1604,3208.0,7.417865905371015,MASP2_Helo_CM,842
1605,3210.0,7.035374336690125,MASP2_Helo_CM,842
1606,3212.0,7.375666837731032,MASP2_Helo_CM,842
1607,3214.0,7.268660504530605,MASP2_Helo_CM,842
1608,3216.0,7.880093239267094,MASP2_Helo_CM,842
1609,3218.0,7.944969285423031,MASP2_Helo_CM,842
1610,3220.0,7.087937102697448,MASP2_Helo_CM,842
1611,3222.0,7.678822586205996,MASP2_Helo_CM,842
1612,3224.0,7.447774416146522,MASP2_Helo_CM,842
1613,3226.0,6.96234608163502,MASP2_Helo_CM,842
1614,3228.0,7.429221000373944,MASP2_Helo_CM,842
1615,3230.0,7.120026407171875,MASP2_Helo_CM,842
1616,3232.0,7.531023341732557,MASP2_Helo_CM,842
1617,3234.0,6.554184225780025,MASP2_Helo_CM,842
1618,3236.0,5.452322117996553,MASP2_Helo_CM,842
1619,3238.0,5.844125979055926,MASP2_Helo_CM,842
1620,3240.0,7.139965201878243,MASP2_Helo_CM,842
1621,3242.0,6.38370485601423,MASP2_Helo_CM,842
1622,3244.0,7.478089312996863,MASP2_Helo_CM,842
1623,3246.0,7.360532272049617,MASP2_Helo_CM,842
1624,3248.0,7.054547118920178,MASP2_Helo_CM,842
1625,3250.0,6.511128251469719,MASP2_Helo_CM,842
1626,3252.0,7.365067426847268,MASP2_Helo_CM,842
1627,3254.0,7.115627027766746,MASP2_Helo_CM,842
1628,3256.0,7.222800003317881,MASP2_Helo_CM,842
1629,3258.0,7.35723732119392,MASP2_Helo_CM,842
1630,3260.0,7.864106605088022,MASP2_Helo_CM,842
1631,3262.0,7.455668105622545,MASP2_Helo_CM,842
1632,3264.0,7.334238082184967,MASP2_Helo_CM,842
1633,3266.0,8.654621004520623,MASP2_Helo_CM,842
1634,3268.0,7.760282743768091,MASP2_Helo_CM,842
1635,3270.0,7.2470998039953,MASP2_Helo_CM,842
1636,3272.0,6.079413636970018,MASP2_Helo_CM,842
1637,3274.0,7.986806418660441,MASP2_Helo_CM,842
1638,3276.0,8.42635199590406,MASP2_Helo_CM,842
1639,3278.0,8.332023569893698,MASP2_Helo_CM,842
1640,3280.0,6.521409442688609,MASP2_Helo_CM,842
1641,3282.0,6.24182867749214,MASP2_Helo_CM,842
1642,3284.0,6.569865138355659,MASP2_Helo_CM,842
1643,3286.0,6.0101800978655735,MASP2_Helo_CM,842
1644,3288.0,5.886470288246684,MASP2_Helo_CM,842
1645,3290.0,8.045408289965772,MASP2_Helo_CM,842
1646,3292.0,7.897728939235248,MASP2_Helo_CM,842
1647,3294.0,7.494389694043001,MASP2_Helo_CM,842
1648,3296.0,7.451282219769917,MASP2_Helo_CM,842
1649,3298.0,7.514138159675638,MASP2_Helo_CM,842
1650,3300.0,8.612649108302502,MASP2_Helo_CM,842
1651,3302.0,11.036177977699685,MASP2_Helo_CM,842
1652,3304.0,9.543921638018343,MASP2_Helo_CM,842
1653,3306.0,9.90005791194448,MASP2_Helo_CM,842
1654,3308.0,7.992116653199562,MASP2_Helo_CM,842
1655,3310.0,8.19011976778257,MASP2_Helo_CM,842
1656,3312.0,9.184749070636732,MASP2_Helo_CM,842
1657,3314.0,8.43313280044364,MASP2_Helo_CM,842
1658,3316.0,8.23537234638318,MASP2_Helo_CM,842
1659,3318.0,7.142878732271058,MASP2_Helo_CM,842
1660,3320.0,7.050059674043384,MASP2_Helo_CM,842
1661,3322.0,6.957051836387149,MASP2_Helo_CM,842
1662,3324.0,7.078521253071374,MASP2_Helo_CM,842
1663,3326.0,10.414444347547997,MASP2_Helo_CM,842
1664,3328.0,8.827876706575795,MASP2_Helo_CM,842
1665,3330.0,9.684938442591456,MASP2_Helo_CM,842
1666,3332.0,10.530932292077994,MASP2_Helo_CM,842
1667,3334.0,9.041611731281566,MASP2_Helo_CM,842
1668,3336.0,8.616595114962125,MASP2_Helo_CM,842
1669,3338.0,8.361534437165467,MASP2_Helo_CM,842
1670,3340.0,10.255032751333713,MASP2_Helo_CM,842
1671,3342.0,8.85099224770005,MASP2_Helo_CM,842
1672,3344.0,7.556965777178505,MASP2_Helo_CM,842
1673,3346.0,7.059796969733119,MASP2_Helo_CM,842
1674,3348.0,7.704483588529628,MASP2_Helo_CM,842
1675,3350.0,9.78357216006992,MASP2_Helo_CM,842
1676,3352.0,7.511916656309305,MASP2_Helo_CM,842
1677,3354.0,9.85053405828956,MASP2_Helo_CM,842
1678,3356.0,11.673560531530454,MASP2_Helo_CM,842
1679,3358.0,8.750603579696907,MASP2_Helo_CM,842
1680,3360.0,9.126037541680981,MASP2_Helo_CM,842
1681,3362.0,7.951491654978521,MASP2_Helo_CM,842
1682,3364.0,9.111903413956442,MASP2_Helo_CM,842
1683,3366.0,9.933027446481795,MASP2_Helo_CM,842
1684,3368.0,8.101762757402641,MASP2_Helo_CM,842
1685,3370.0,6.890103581605534,MASP2_Helo_CM,842
1686,3372.0,7.162619516093311,MASP2_Helo_CM,842
1687,3374.0,8.532205819744613,MASP2_Helo_CM,842
1688,3376.0,5.973169438555431,MASP2_Helo_CM,842
1689,3378.0,5.623146834396064,MASP2_Helo_CM,842
1690,3380.0,5.936577970482156,MASP2_Helo_CM,842
1691,3382.0,6.195157375191292,MASP2_Helo_CM,842
1692,3384.0,7.6932178388263575,MASP2_Helo_CM,842
1693,3386.0,7.470826642351687,MASP2_Helo_CM,842
1694,3388.0,6.857631835607309,MASP2_Helo_CM,842
1695,3390.0,8.770996018902148,MASP2_Helo_CM,842
1696,3392.0,7.994039167410968,MASP2_Helo_CM,842
1697,3394.0,8.208056304763243,MASP2_Helo_CM,842
1698,3396.0,7.630127112330547,MASP2_Helo_CM,842
1699,3398.0,5.576927273978816,MASP2_Helo_CM,842
1700,3400.0,6.082140585328886,MASP2_Helo_CM,842
1701,3402.0,5.765394025474466,MASP2_Helo_CM,842
1702,3404.0,5.912558125147121,MASP2_Helo_CM,842
1703,3406.0,5.5735743885354925,MASP2_Helo_CM,842
1704,3408.0,5.973675340042755,MASP2_Helo_CM,842
1705,3410.0,5.970154995680706,MASP2_Helo_CM,842
1706,3412.0,5.3545249748201424,MASP2_Helo_CM,842
1707,3414.0,5.152724173327197,MASP2_Helo_CM,842
1708,3416.0,5.372520249888754,MASP2_Helo_CM,842
1709,3418.0,6.181855956529584,MASP2_Helo_CM,842
1710,3420.0,5.517493920688201,MASP2_Helo_CM,842
1711,3422.0,5.566319531029784,MASP2_Helo_CM,842
1712,3424.0,5.7303250614985775,MASP2_Helo_CM,842
1713,3426.0,5.547172362359924,MASP2_Helo_CM,842
1714,3428.0,5.804768890959735,MASP2_Helo_CM,842
1715,3430.0,7.166322129671031,MASP2_Helo_CM,842
1716,3432.0,7.156022811737264,MASP2_Helo_CM,842
1717,3434.0,6.514015025205373,MASP2_Helo_CM,842
1718,3436.0,7.853125143946605,MASP2_Helo_CM,842
1719,3438.0,7.708294688694163,MASP2_Helo_CM,842
1720,3440.0,7.773078197539215,MASP2_Helo_CM,842
1721,3442.0,7.394819960389373,MASP2_Helo_CM,842
1722,3444.0,7.778383502890079,MASP2_Helo_CM,842
1723,3446.0,6.647208650759622,MASP2_Helo_CM,842
1724,3448.0,7.260109420266183,MASP2_Helo_CM,842
1725,3450.0,7.2472965606822335,MASP2_Helo_CM,842
1726,3452.0,7.681929629445125,MASP2_Helo_CM,842
1727,3454.0,7.886937351461277,MASP2_Helo_CM,842
1728,3456.0,7.306530046125089,MASP2_Helo_CM,842
1729,3458.0,8.067229942332945,MASP2_Helo_CM,842
1730,3460.0,7.59061816455531,MASP2_Helo_CM,842
1731,3462.0,7.704976903824994,MASP2_Helo_CM,842
1732,3464.0,8.231810699411493,MASP2_Helo_CM,842
1733,3466.0,7.608540785662307,MASP2_Helo_CM,842
1734,3468.0,7.04458117023951,MASP2_Helo_CM,842
1735,3470.0,7.763980643044133,MASP2_Helo_CM,842
1736,3472.0,7.68252717482717,MASP2_Helo_CM,842
1737,3474.0,6.828725355801022,MASP2_Helo_CM,842
1738,3476.0,7.729277610623771,MASP2_Helo_CM,842
1739,3478.0,7.2221913881537265,MASP2_Helo_CM,842
1740,3480.0,7.432974151386809,MASP2_Helo_CM,842
1741,3482.0,7.962702975241565,MASP2_Helo_CM,842
1742,3484.0,7.746042445216236,MASP2_Helo_CM,842
1743,3486.0,6.808997057541393,MASP2_Helo_CM,842
1744,3488.0,7.452969572656349,MASP2_Helo_CM,842
1745,3490.0,8.591982581944647,MASP2_Helo_CM,842
1746,3492.0,7.369115092361419,MASP2_Helo_CM,842
1747,3494.0,6.565917578329114,MASP2_Helo_CM,842
1748,3496.0,5.74973259652578,MASP2_Helo_CM,842
1749,3498.0,5.9731223408721705,MASP2_Helo_CM,842
1750,3500.0,5.8255380853906065,MASP2_Helo_CM,842
1751,3502.0,5.642121824436891,MASP2_Helo_CM,842
1752,3504.0,7.676724319941309,MASP2_Helo_CM,842
1753,3506.0,8.498827641475762,MASP2_Helo_CM,842
1754,3508.0,8.043598959574968,MASP2_Helo_CM,842
1755,3510.0,8.314822098960404,MASP2_Helo_CM,842
1756,3512.0,8.150381705221168,MASP2_Helo_CM,842
1757,3514.0,8.570821754069344,MASP2_Helo_CM,842
1758,3516.0,7.846632010664755,MASP2_Helo_CM,842
1759,3518.0,7.435056407078473,MASP2_Helo_CM,842
1760,3520.0,7.385704786400209,MASP2_Helo_CM,842
1761,3522.0,5.05389448987251,MASP2_Helo_CM,842
1762,3524.0,5.668075510432077,MASP2_Helo_CM,842
1763,3526.0,5.030533091640883,MASP2_Helo_CM,842
1764,3528.0,4.852275626678476,MASP2_Helo_CM,842
1765,3530.0,4.93702490594256,MASP2_Helo_CM,842
1766,3532.0,4.99580656820869,MASP2_Helo_CM,842
1767,3534.0,4.728703234809345,MASP2_Helo_CM,842
1768,3536.0,4.922454462275386,MASP2_Helo_CM,842
1769,3538.0,4.901866556780524,MASP2_Helo_CM,842
1770,3540.0,4.655817038659766,MASP2_Helo_CM,842
1771,3542.0,4.877131995798197,MASP2_Helo_CM,842
1772,3544.0,4.774839741341559,MASP2_Helo_CM,842
1773,3546.0,5.066062430901316,MASP2_Helo_CM,842
1774,3548.0,4.896818021425758,MASP2_Helo_CM,842
1775,3550.0,5.401940613736318,MASP2_Helo_CM,842
1776,3552.0,5.506809743358894,MASP2_Helo_CM,842
1777,3554.0,4.875993204436543,MASP2_Helo_CM,842
1778,3556.0,5.000064035109777,MASP2_Helo_CM,842
1779,3558.0,4.983432653905198,MASP2_Helo_CM,842
1780,3560.0,4.314217778413749,MASP2_Helo_CM,842
1781,3562.0,4.855574086797014,MASP2_Helo_CM,842
1782,3564.0,4.799424947519237,MASP2_Helo_CM,842
1783,3566.0,5.140867162683765,MASP2_Helo_CM,842
1784,3568.0,5.233855819548298,MASP2_Helo_CM,842
1785,3570.0,5.170297380679629,MASP2_Helo_CM,842
1786,3572.0,5.166635403139973,MASP2_Helo_CM,842
1787,3574.0,5.160870686817638,MASP2_Helo_CM,842
1788,3576.0,6.14755532751065,MASP2_Helo_CM,842
1789,3578.0,6.121157273211487,MASP2_Helo_CM,842
1790,3580.0,5.99308966899622,MASP2_Helo_CM,842
1791,3582.0,5.978449968876286,MASP2_Helo_CM,842
1792,3584.0,5.804625883382763,MASP2_Helo_CM,842
1793,3586.0,5.205215285288847,MASP2_Helo_CM,842
1794,3588.0,4.899745122315654,MASP2_Helo_CM,842
1795,3590.0,5.516199904484647,MASP2_Helo_CM,842
1796,3592.0,4.983199693128179,MASP2_Helo_CM,842
1797,3594.0,4.889582516968082,MASP2_Helo_CM,842
1798,3596.0,4.896050351564313,MASP2_Helo_CM,842
1799,3598.0,4.696572898907377,MASP2_Helo_CM,842
1800,3600.0,5.793713061408596,MASP2_Helo_CM,842
1801,3602.0,6.139335623213459,MASP2_Helo_CM,842
1802,3604.0,6.103350648489916,MASP2_Helo_CM,842
1803,3606.0,6.194268191261415,MASP2_Helo_CM,842
1804,3608.0,5.762167050990671,MASP2_Helo_CM,842
1805,3610.0,6.858805708098124,MASP2_Helo_CM,842
1806,3612.0,7.8903864971905575,MASP2_Helo_CM,842
1807,3614.0,8.466423679605008,MASP2_Helo_CM,842
1808,3616.0,8.92704168124301,MASP2_Helo_CM,842
1809,3618.0,7.789906423256793,MASP2_Helo_CM,842
1810,3620.0,6.3782905716733564,MASP2_Helo_CM,842
1811,3622.0,8.841181359464398,MASP2_Helo_CM,842
1812,3624.0,9.291189927515225,MASP2_Helo_CM,842
1813,3626.0,9.127617387282807,MASP2_Helo_CM,842
1814,3628.0,8.869927838637974,MASP2_Helo_CM,842
1815,3630.0,9.183118928153187,MASP2_Helo_CM,842
1816,3632.0,8.387527917745375,MASP2_Helo_CM,842
1817,3634.0,9.225522463157139,MASP2_Helo_CM,842
1818,3636.0,8.964295875604233,MASP2_Helo_CM,842
1819,3638.0,9.596195442709039,MASP2_Helo_CM,842
1820,3640.0,10.115328455833858,MASP2_Helo_CM,842
1821,3642.0,9.577320236252955,MASP2_Helo_CM,842
1822,3644.0,10.791774536918773,MASP2_Helo_CM,842
1823,3646.0,8.71094794119255,MASP2_Helo_CM,842
1824,3648.0,10.895414882205964,MASP2_Helo_CM,842
1825,3650.0,10.028775493817603,MASP2_Helo_CM,842
1826,3652.0,10.083902059391159,MASP2_Helo_CM,842
1827,3654.0,8.476317507513583,MASP2_Helo_CM,842
1828,3656.0,9.554228745363474,MASP2_Helo_CM,842
1829,3658.0,8.729654210447523,MASP2_Helo_CM,842
1830,3660.0,10.83720515438138,MASP2_Helo_CM,842
1831,3662.0,7.803917198473164,MASP2_Helo_CM,842
1832,3664.0,9.01162744799254,MASP2_Helo_CM,842
1833,3666.0,8.404824587098942,MASP2_Helo_CM,842
1834,3668.0,8.889091556604843,MASP2_Helo_CM,842
1835,3670.0,9.198364311891497,MASP2_Helo_CM,842
1836,3672.0,9.278715508091787,MASP2_Helo_CM,842
1837,3674.0,9.19619219352652,MASP2_Helo_CM,842
1838,3676.0,9.272187965884605,MASP2_Helo_CM,842
1839,3678.0,7.651333382074903,MASP2_Helo_CM,842
1840,3680.0,9.612428791694937,MASP2_Helo_CM,842
1841,3682.0,8.864769043509876,MASP2_Helo_CM,842
1842,3684.0,8.411649757427751,MASP2_Helo_CM,842
1843,3686.0,6.666594400744344,MASP2_Helo_CM,842
1844,3688.0,7.344531046194873,MASP2_Helo_CM,842
1845,3690.0,7.854117117149972,MASP2_Helo_CM,842
1846,3692.0,6.961268588934629,MASP2_Helo_CM,842
1847,3694.0,7.637135471220097,MASP2_Helo_CM,842
1848,3696.0,6.763620301781186,MASP2_Helo_CM,842
1849,3698.0,7.176801261753972,MASP2_Helo_CM,842
1850,3700.0,7.435038734508515,MASP2_Helo_CM,842
1851,3702.0,7.36131331124573,MASP2_Helo_CM,842
1852,3704.0,6.232558079495338,MASP2_Helo_CM,842
1853,3706.0,6.442305537367931,MASP2_Helo_CM,842
1854,3708.0,6.321437546093894,MASP2_Helo_CM,842
1855,3710.0,7.328203247489138,MASP2_Helo_CM,842
1856,3712.0,7.343570621838395,MASP2_Helo_CM,842
1857,3714.0,8.978458305207404,MASP2_Helo_CM,842
1858,3716.0,7.781491241439445,MASP2_Helo_CM,842
1859,3718.0,7.9161170370808405,MASP2_Helo_CM,842
1860,3720.0,7.86068398416866,MASP2_Helo_CM,842
1861,3722.0,7.282841070033141,MASP2_Helo_CM,842
1862,3724.0,7.56581537372808,MASP2_Helo_CM,842
1863,3726.0,7.361549711105439,MASP2_Helo_CM,842
1864,3728.0,7.123892025234324,MASP2_Helo_CM,842
1865,3730.0,9.004387884153548,MASP2_Helo_CM,842
1866,3732.0,8.261506669602475,MASP2_Helo_CM,842
1867,3734.0,7.710754461440632,MASP2_Helo_CM,842
1868,3736.0,7.773061501973436,MASP2_Helo_CM,842
1869,3738.0,8.61747768673086,MASP2_Helo_CM,842
1870,3740.0,8.456429991520391,MASP2_Helo_CM,842
1871,3742.0,8.37804248949555,MASP2_Helo_CM,842
1872,3744.0,9.121716013460444,MASP2_Helo_CM,842
1873,3746.0,10.63525928643568,MASP2_Helo_CM,842
1874,3748.0,8.839241487416418,MASP2_Helo_CM,842
1875,3750.0,10.059392861367723,MASP2_Helo_CM,842
1876,3752.0,11.139152687277972,MASP2_Helo_CM,842
1877,3754.0,10.160675824931621,MASP2_Helo_CM,842
1878,3756.0,9.903376790706265,MASP2_Helo_CM,842
1879,3758.0,9.993057475692453,MASP2_Helo_CM,842
1880,3760.0,9.381328036026591,MASP2_Helo_CM,842
1881,3762.0,9.84852536549232,MASP2_Helo_CM,842
1882,3764.0,9.772473080957722,MASP2_Helo_CM,842
1883,3766.0,10.834225685853255,MASP2_Helo_CM,842
1884,3768.0,9.739596533526193,MASP2_Helo_CM,842
1885,3770.0,9.835938866874523,MASP2_Helo_CM,842
1886,3772.0,10.117907478966618,MASP2_Helo_CM,842
1887,3774.0,10.038643895858673,MASP2_Helo_CM,842
1888,3776.0,9.869663407880982,MASP2_Helo_CM,842
1889,3778.0,10.167707704962176,MASP2_Helo_CM,842
1890,3780.0,10.24268368845947,MASP2_Helo_CM,842
1891,3782.0,10.439822663027591,MASP2_Helo_CM,842
1892,3784.0,10.18893468952842,MASP2_Helo_CM,842
1893,3786.0,10.54519352104531,MASP2_Helo_CM,842
1894,3788.0,10.021258417559807,MASP2_Helo_CM,842
1895,3790.0,10.42827513677132,MASP2_Helo_CM,842
1896,3792.0,9.718438515573542,MASP2_Helo_CM,842
1897,3794.0,10.455640655726102,MASP2_Helo_CM,842
1898,3796.0,10.644436031507606,MASP2_Helo_CM,842
1899,3798.0,10.805219742015153,MASP2_Helo_CM,842
1900,3800.0,10.314847013499655,MASP2_Helo_CM,842
1901,3802.0,10.365204216643662,MASP2_Helo_CM,842
1902,3804.0,10.58298603337379,MASP2_Helo_CM,842
1903,3806.0,10.230440677476533,MASP2_Helo_CM,842
1904,3808.0,10.720199827754014,MASP2_Helo_CM,842
1905,3810.0,10.322831028000781,MASP2_Helo_CM,842
1906,3812.0,9.418080275496312,MASP2_Helo_CM,842
1907,3814.0,9.471917061068734,MASP2_Helo_CM,842
1908,3816.0,9.801398102881835,MASP2_Helo_CM,842
1909,3818.0,9.05568485330174,MASP2_Helo_CM,842
1910,3820.0,9.634070662694514,MASP2_Helo_CM,842
1911,3822.0,9.309918729148137,MASP2_Helo_CM,842
1912,3824.0,9.902588374367584,MASP2_Helo_CM,842
1913,3826.0,9.428646080795682,MASP2_Helo_CM,842
1914,3828.0,9.413328744158967,MASP2_Helo_CM,842
1915,3830.0,9.068725633277422,MASP2_Helo_CM,842
1916,3832.0,8.994763981866342,MASP2_Helo_CM,842
1917,3834.0,9.352708745302204,MASP2_Helo_CM,842
1918,3836.0,9.39807688457999,MASP2_Helo_CM,842
1919,3838.0,10.115715962306597,MASP2_Helo_CM,842
1920,3840.0,9.177109734776195,MASP2_Helo_CM,842
1921,3842.0,8.523735312118204,MASP2_Helo_CM,842
1922,3844.0,8.74171224004917,MASP2_Helo_CM,842
1923,3846.0,8.642251388186267,MASP2_Helo_CM,842
1924,3848.0,8.137962154637064,MASP2_Helo_CM,842
1925,3850.0,8.533346382100099,MASP2_Helo_CM,842
1926,3852.0,7.642094117127317,MASP2_Helo_CM,842
1927,3854.0,7.657009281881773,MASP2_Helo_CM,842
1928,3856.0,8.633556198499036,MASP2_Helo_CM,842
1929,3858.0,7.68667802568382,MASP2_Helo_CM,842
1930,3860.0,7.5239961793183685,MASP2_Helo_CM,842
1931,3862.0,6.866714910037889,MASP2_Helo_CM,842
1932,3864.0,8.184339579382312,MASP2_Helo_CM,842
1933,3866.0,7.220761377727943,MASP2_Helo_CM,842
1934,3868.0,6.783165345587535,MASP2_Helo_CM,842
1935,3870.0,7.239830281071532,MASP2_Helo_CM,842
1936,3872.0,6.436039711348249,MASP2_Helo_CM,842
1937,3874.0,6.816973423844954,MASP2_Helo_CM,842
1938,3876.0,6.410949563789784,MASP2_Helo_CM,842
1939,3878.0,6.2891782949022055,MASP2_Helo_CM,842
1940,3880.0,6.842421078265602,MASP2_Helo_CM,842
1941,3882.0,6.9239074133383,MASP2_Helo_CM,842
1942,3884.0,7.424697499496498,MASP2_Helo_CM,842
1943,3886.0,6.646819234833365,MASP2_Helo_CM,842
1944,3888.0,7.099126336600621,MASP2_Helo_CM,842
1945,3890.0,6.480452480665166,MASP2_Helo_CM,842
1946,3892.0,6.81477636116718,MASP2_Helo_CM,842
1947,3894.0,6.5217770345705635,MASP2_Helo_CM,842
1948,3896.0,6.689393528565014,MASP2_Helo_CM,842
1949,3898.0,6.516043395952026,MASP2_Helo_CM,842
1950,3900.0,6.576976920685065,MASP2_Helo_CM,842
1951,3902.0,7.065564057849969,MASP2_Helo_CM,842
1952,3904.0,6.501550502071708,MASP2_Helo_CM,842
1953,3906.0,7.328555974297155,MASP2_Helo_CM,842
1954,3908.0,6.7477143158217965,MASP2_Helo_CM,842
1955,3910.0,7.627089652287043,MASP2_Helo_CM,842
1956,3912.0,6.5249428664356435,MASP2_Helo_CM,842
1957,3914.0,7.001771724836966,MASP2_Helo_CM,842
1958,3916.0,7.155620039355499,MASP2_Helo_CM,842
1959,3918.0,7.211014342224759,MASP2_Helo_CM,842
1960,3920.0,6.77058498224178,MASP2_Helo_CM,842
1961,3922.0,6.405661647930934,MASP2_Helo_CM,842
1962,3924.0,7.460672610482318,MASP2_Helo_CM,842
1963,3926.0,6.938884304983437,MASP2_Helo_CM,842
1964,3928.0,7.119267492001819,MASP2_Helo_CM,842
1965,3930.0,6.157981154940076,MASP2_Helo_CM,842
1966,3932.0,6.667516716144366,MASP2_Helo_CM,842
1967,3934.0,6.894585604239928,MASP2_Helo_CM,842
1968,3936.0,6.949040296790407,MASP2_Helo_CM,842
1969,3938.0,6.753783606892624,MASP2_Helo_CM,842
1970,3940.0,7.015835533033822,MASP2_Helo_CM,842
1971,3942.0,7.108218235673672,MASP2_Helo_CM,842
1972,3944.0,6.873230932861494,MASP2_Helo_CM,842
1973,3946.0,7.062014472796344,MASP2_Helo_CM,842
1974,3948.0,7.425347730033317,MASP2_Helo_CM,842
1975,3950.0,6.47693430858488,MASP2_Helo_CM,842
1976,3952.0,7.041023983753887,MASP2_Helo_CM,842
1977,3954.0,6.493695332323875,MASP2_Helo_CM,842
1978,3956.0,7.855982274248067,MASP2_Helo_CM,842
1979,3958.0,6.510028807577825,MASP2_Helo_CM,842
1980,3960.0,7.800505760518511,MASP2_Helo_CM,842
1981,3962.0,7.461970683899309,MASP2_Helo_CM,842
1982,3964.0,7.005208628312992,MASP2_Helo_CM,842
1983,3966.0,6.475963706310065,MASP2_Helo_CM,842
1984,3968.0,6.562150729928345,MASP2_Helo_CM,842
1985,3970.0,6.376863614955387,MASP2_Helo_CM,842
1986,3972.0,7.488376489105087,MASP2_Helo_CM,842
1987,3974.0,6.700449505045756,MASP2_Helo_CM,842
1988,3976.0,6.867472202111532,MASP2_Helo_CM,842
1989,3978.0,6.661251424605872,MASP2_Helo_CM,842
1990,3980.0,6.509551912036251,MASP2_Helo_CM,842
1991,3982.0,6.944282084377988,MASP2_Helo_CM,842
1992,3984.0,6.4201498191879605,MASP2_Helo_CM,842
1993,3986.0,6.314863768410289,MASP2_Helo_CM,842
1994,3988.0,7.110879933336257,MASP2_Helo_CM,842
1995,3990.0,6.569544823390526,MASP2_Helo_CM,842
1996,3992.0,8.033233520871095,MASP2_Helo_CM,842
1997,3994.0,7.940053928966708,MASP2_Helo_CM,842
1998,3996.0,8.72820398981477,MASP2_Helo_CM,842
1999,3998.0,6.338509733423328,MASP2_Helo_CM,842
2000,4000.0,6.990930391344414,MASP2_Helo_CM,842
2001,4002.0,5.812215564240507,MASP2_Helo_CM,842
2002,4004.0,7.494138836808796,MASP2_Helo_CM,842
2003,4006.0,7.5745165187224375,MASP2_Helo_CM,842
2004,4008.0,7.925207504730969,MASP2_Helo_CM,842
2005,4010.0,7.85481545609243,MASP2_Helo_CM,842
2006,4012.0,7.810623039430355,MASP2_Helo_CM,842
2007,4014.0,7.173931050214819,MASP2_Helo_CM,842
2008,4016.0,7.617784409687068,MASP2_Helo_CM,842
2009,4018.0,7.935741528229306,MASP2_Helo_CM,842
2010,4020.0,8.471565144213743,MASP2_Helo_CM,842
2011,4022.0,9.0438131276851,MASP2_Helo_CM,842
2012,4024.0,7.833495421169223,MASP2_Helo_CM,842
2013,4026.0,7.410133949035556,MASP2_Helo_CM,842
2014,4028.0,6.126605353300058,MASP2_Helo_CM,842
2015,4030.0,6.2680814337616155,MASP2_Helo_CM,842
2016,4032.0,6.950797328724623,MASP2_Helo_CM,842
2017,4034.0,6.481876585151636,MASP2_Helo_CM,842
2018,4036.0,7.559750474273322,MASP2_Helo_CM,842
2019,4038.0,7.2232997446470435,MASP2_Helo_CM,842
2020,4040.0,6.992779044050464,MASP2_Helo_CM,842
2021,4042.0,7.217110081455709,MASP2_Helo_CM,842
2022,4044.0,7.73852340508546,MASP2_Helo_CM,842
2023,4046.0,7.142016617972024,MASP2_Helo_CM,842
2024,4048.0,7.699677359983396,MASP2_Helo_CM,842
2025,4050.0,8.044728268991102,MASP2_Helo_CM,842
2026,4052.0,7.593347212639242,MASP2_Helo_CM,842
2027,4054.0,8.025032601196461,MASP2_Helo_CM,842
2028,4056.0,7.833854078409669,MASP2_Helo_CM,842
2029,4058.0,7.670712986531251,MASP2_Helo_CM,842
2030,4060.0,8.19292314437006,MASP2_Helo_CM,842
2031,4062.0,7.977700942644017,MASP2_Helo_CM,842
2032,4064.0,7.137749566737719,MASP2_Helo_CM,842
2033,4066.0,7.027548358416975,MASP2_Helo_CM,842
2034,4068.0,7.6144589519273405,MASP2_Helo_CM,842
2035,4070.0,7.784038222568267,MASP2_Helo_CM,842
2036,4072.0,6.995593584653639,MASP2_Helo_CM,842
2037,4074.0,7.117373202121407,MASP2_Helo_CM,842
2038,4076.0,7.748149033945157,MASP2_Helo_CM,842
2039,4078.0,7.781069760538315,MASP2_Helo_CM,842
2040,4080.0,7.190084858981332,MASP2_Helo_CM,842
2041,4082.0,7.649356261441663,MASP2_Helo_CM,842
2042,4084.0,7.590739063555746,MASP2_Helo_CM,842
2043,4086.0,7.746556122316236,MASP2_Helo_CM,842
2044,4088.0,7.888888267993716,MASP2_Helo_CM,842
2045,4090.0,6.906313040301057,MASP2_Helo_CM,842
2046,4092.0,6.516345227421979,MASP2_Helo_CM,842
2047,4094.0,7.614220147792041,MASP2_Helo_CM,842
2048,4096.0,7.974054034377807,MASP2_Helo_CM,842
2049,4098.0,7.53274988662523,MASP2_Helo_CM,842
2050,4100.0,7.197709436806489,MASP2_Helo_CM,842
2051,4102.0,7.056514123750398,MASP2_Helo_CM,842
2052,4104.0,7.079732715110667,MASP2_Helo_CM,842
2053,4106.0,7.605419819924928,MASP2_Helo_CM,842
2054,4108.0,7.880159613876094,MASP2_Helo_CM,842
2055,4110.0,8.008024784433424,MASP2_Helo_CM,842
2056,4112.0,8.081134981191536,MASP2_Helo_CM,842
2057,4114.0,8.256200912992895,MASP2_Helo_CM,842
2058,4116.0,8.293143079130397,MASP2_Helo_CM,842
2059,4118.0,8.094580460736239,MASP2_Helo_CM,842
2060,4120.0,8.033558095593365,MASP2_Helo_CM,842
2061,4122.0,7.976381257976521,MASP2_Helo_CM,842
2062,4124.0,7.798784233653403,MASP2_Helo_CM,842
2063,4126.0,7.918532822985438,MASP2_Helo_CM,842
2064,4128.0,8.414892533526261,MASP2_Helo_CM,842
2065,4130.0,8.188877494719915,MASP2_Helo_CM,842
2066,4132.0,8.244087661637522,MASP2_Helo_CM,842
2067,4134.0,8.192402774846716,MASP2_Helo_CM,842
2068,4136.0,8.227269289141715,MASP2_Helo_CM,842
2069,4138.0,6.892453596326778,MASP2_Helo_CM,842
2070,4140.0,6.8679906195570535,MASP2_Helo_CM,842
2071,4142.0,5.919940665467281,MASP2_Helo_CM,842
2072,4144.0,6.8286510830066325,MASP2_Helo_CM,842
2073,4146.0,7.1836037605048935,MASP2_Helo_CM,842
2074,4148.0,6.7903628569679615,MASP2_Helo_CM,842
2075,4150.0,6.1114787778455755,MASP2_Helo_CM,842
2076,4152.0,6.360315309093124,MASP2_Helo_CM,842
2077,4154.0,7.755575667403322,MASP2_Helo_CM,842
2078,4156.0,6.766348964165826,MASP2_Helo_CM,842
2079,4158.0,6.3707043334822675,MASP2_Helo_CM,842
2080,4160.0,7.585445505981283,MASP2_Helo_CM,842
2081,4162.0,8.577361010724363,MASP2_Helo_CM,842
2082,4164.0,7.940891766300285,MASP2_Helo_CM,842
2083,4166.0,8.107878477554058,MASP2_Helo_CM,842
2084,4168.0,6.827453552689401,MASP2_Helo_CM,842
2085,4170.0,7.306611231487761,MASP2_Helo_CM,842
2086,4172.0,7.112610241398419,MASP2_Helo_CM,842
2087,4174.0,7.130371199805845,MASP2_Helo_CM,842
2088,4176.0,7.971130063393988,MASP2_Helo_CM,842
2089,4178.0,7.2564396768067,MASP2_Helo_CM,842
2090,4180.0,9.496305919318392,MASP2_Helo_CM,842
2091,4182.0,7.990271328866859,MASP2_Helo_CM,842
2092,4184.0,7.3516385146946295,MASP2_Helo_CM,842
2093,4186.0,7.940198407531788,MASP2_Helo_CM,842
2094,4188.0,7.413360903347519,MASP2_Helo_CM,842
2095,4190.0,7.640383826516684,MASP2_Helo_CM,842
2096,4192.0,7.7400263860474645,MASP2_Helo_CM,842
2097,4194.0,7.774689879566101,MASP2_Helo_CM,842
2098,4196.0,7.993021555925296,MASP2_Helo_CM,842
2099,4198.0,8.464951945708691,MASP2_Helo_CM,842
2100,4200.0,7.889282889030636,MASP2_Helo_CM,842
2101,4202.0,7.3788908681026175,MASP2_Helo_CM,842
2102,4204.0,7.74237777020225,MASP2_Helo_CM,842
2103,4206.0,7.950271217609506,MASP2_Helo_CM,842
2104,4208.0,7.086234188607165,MASP2_Helo_CM,842
2105,4210.0,8.014656374529562,MASP2_Helo_CM,842
2106,4212.0,8.121913454885819,MASP2_Helo_CM,842
2107,4214.0,7.557520576620725,MASP2_Helo_CM,842
2108,4216.0,7.550230678696921,MASP2_Helo_CM,842
2109,4218.0,7.539650590345058,MASP2_Helo_CM,842
2110,4220.0,7.5253664915103275,MASP2_Helo_CM,842
2111,4222.0,7.482042398877274,MASP2_Helo_CM,842
2112,4224.0,7.420504426266511,MASP2_Helo_CM,842
2113,4226.0,6.950492097900019,MASP2_Helo_CM,842
2114,4228.0,5.618858935594295,MASP2_Helo_CM,842
2115,4230.0,5.532000500840207,MASP2_Helo_CM,842
2116,4232.0,5.27231243265205,MASP2_Helo_CM,842
2117,4234.0,5.175160362432646,MASP2_Helo_CM,842
2118,4236.0,5.223992599118303,MASP2_Helo_CM,842
2119,4238.0,5.281217497169671,MASP2_Helo_CM,842
2120,4240.0,7.031653267166259,MASP2_Helo_CM,842
2121,4242.0,7.338143193662534,MASP2_Helo_CM,842
2122,4244.0,8.204659084299065,MASP2_Helo_CM,842
2123,4246.0,7.480977392607609,MASP2_Helo_CM,842
2124,4248.0,7.099901984648137,MASP2_Helo_CM,842
2125,4250.0,7.111675448171131,MASP2_Helo_CM,842
2126,4252.0,6.167654323336929,MASP2_Helo_CM,842
2127,4254.0,7.8970488103022864,MASP2_Helo_CM,842
2128,4256.0,8.293859991093926,MASP2_Helo_CM,842
2129,4258.0,8.228841385065376,MASP2_Helo_CM,842
2130,4260.0,8.06555972074225,MASP2_Helo_CM,842
2131,4262.0,7.452658129399428,MASP2_Helo_CM,842
2132,4264.0,7.060962860562639,MASP2_Helo_CM,842
2133,4266.0,7.113356644487537,MASP2_Helo_CM,842
2134,4268.0,6.925510792525121,MASP2_Helo_CM,842
2135,4270.0,6.774023734803733,MASP2_Helo_CM,842
2136,4272.0,7.0492418569693465,MASP2_Helo_CM,842
2137,4274.0,6.663376572440504,MASP2_Helo_CM,842
2138,4276.0,7.513341310238521,MASP2_Helo_CM,842
2139,4278.0,6.988964597562748,MASP2_Helo_CM,842
2140,4280.0,7.087388234418379,MASP2_Helo_CM,842
2141,4282.0,6.576877599307931,MASP2_Helo_CM,842
2142,4284.0,7.2417747699068356,MASP2_Helo_CM,842
2143,4286.0,6.8897617661452175,MASP2_Helo_CM,842
2144,4288.0,7.4345743871390235,MASP2_Helo_CM,842
2145,4290.0,7.310244512553969,MASP2_Helo_CM,842
2146,4292.0,6.708848648973599,MASP2_Helo_CM,842
2147,4294.0,6.713194049292917,MASP2_Helo_CM,842
2148,4296.0,7.184022015460172,MASP2_Helo_CM,842
2149,4298.0,6.429375225232516,MASP2_Helo_CM,842
2150,4300.0,6.678695774582138,MASP2_Helo_CM,842
2151,4302.0,6.181779642912869,MASP2_Helo_CM,842
2152,4304.0,7.334753563600102,MASP2_Helo_CM,842
2153,4306.0,8.43340102856933,MASP2_Helo_CM,842
2154,4308.0,7.338037099092012,MASP2_Helo_CM,842
2155,4310.0,7.508851443543627,MASP2_Helo_CM,842
2156,4312.0,7.286512651423143,MASP2_Helo_CM,842
2157,4314.0,7.360013741577238,MASP2_Helo_CM,842
2158,4316.0,6.2689770249011065,MASP2_Helo_CM,842
2159,4318.0,6.396863169402622,MASP2_Helo_CM,842
2160,4320.0,7.331732062457135,MASP2_Helo_CM,842
2161,4322.0,7.5849265518504,MASP2_Helo_CM,842
2162,4324.0,7.411889789106129,MASP2_Helo_CM,842
2163,4326.0,7.3979789890394425,MASP2_Helo_CM,842
2164,4328.0,7.499768595888361,MASP2_Helo_CM,842
2165,4330.0,8.18845020082074,MASP2_Helo_CM,842
2166,4332.0,8.138731488916816,MASP2_Helo_CM,842
2167,4334.0,7.633190351501302,MASP2_Helo_CM,842
2168,4336.0,8.132214459503016,MASP2_Helo_CM,842
2169,4338.0,6.635748188341076,MASP2_Helo_CM,842
2170,4340.0,6.651082029751504,MASP2_Helo_CM,842
2171,4342.0,6.925366354391355,MASP2_Helo_CM,842
2172,4344.0,7.1608647236586815,MASP2_Helo_CM,842
2173,4346.0,6.903602439633279,MASP2_Helo_CM,842
2174,4348.0,6.997665047872954,MASP2_Helo_CM,842
2175,4350.0,6.4012411101372395,MASP2_Helo_CM,842
2176,4352.0,7.203355420033893,MASP2_Helo_CM,842
2177,4354.0,6.66218089214695,MASP2_Helo_CM,842
2178,4356.0,7.059130898246756,MASP2_Helo_CM,842
2179,4358.0,7.548938523498488,MASP2_Helo_CM,842
2180,4360.0,6.781041910396009,MASP2_Helo_CM,842
2181,4362.0,7.05539768846201,MASP2_Helo_CM,842
2182,4364.0,7.3255898813313625,MASP2_Helo_CM,842
2183,4366.0,7.4223525520879186,MASP2_Helo_CM,842
2184,4368.0,6.849555397493205,MASP2_Helo_CM,842
2185,4370.0,6.189554454722218,MASP2_Helo_CM,842
2186,4372.0,7.232311085554496,MASP2_Helo_CM,842
2187,4374.0,6.11282041875693,MASP2_Helo_CM,842
2188,4376.0,7.4466936430849895,MASP2_Helo_CM,842
2189,4378.0,7.281759609296619,MASP2_Helo_CM,842
2190,4380.0,7.378697541821726,MASP2_Helo_CM,842
2191,4382.0,8.721419722375398,MASP2_Helo_CM,842
2192,4384.0,8.75517787868921,MASP2_Helo_CM,842
2193,4386.0,8.473865410894742,MASP2_Helo_CM,842
2194,4388.0,8.12640290870895,MASP2_Helo_CM,842
2195,4390.0,8.941215318851055,MASP2_Helo_CM,842
2196,4392.0,8.514989780972057,MASP2_Helo_CM,842
2197,4394.0,8.438472311744007,MASP2_Helo_CM,842
2198,4396.0,7.566283308019263,MASP2_Helo_CM,842
2199,4398.0,8.117210141005394,MASP2_Helo_CM,842
2200,4400.0,8.088330647256052,MASP2_Helo_CM,842
2201,4402.0,7.983382540089404,MASP2_Helo_CM,842
2202,4404.0,7.9487559589616374,MASP2_Helo_CM,842
2203,4406.0,8.68177563721921,MASP2_Helo_CM,842
2204,4408.0,9.17260044249917,MASP2_Helo_CM,842
2205,4410.0,9.005796295421227,MASP2_Helo_CM,842
2206,4412.0,9.098321902598279,MASP2_Helo_CM,842
2207,4414.0,8.682399738594409,MASP2_Helo_CM,842
2208,4416.0,9.273000369070123,MASP2_Helo_CM,842
2209,4418.0,9.363740027446553,MASP2_Helo_CM,842
2210,4420.0,7.788922589351642,MASP2_Helo_CM,842
2211,4422.0,8.076681977783313,MASP2_Helo_CM,842
2212,4424.0,8.238674941081943,MASP2_Helo_CM,842
2213,4426.0,8.783077043650973,MASP2_Helo_CM,842
2214,4428.0,8.810366500726035,MASP2_Helo_CM,842
2215,4430.0,8.109263956090619,MASP2_Helo_CM,842
2216,4432.0,8.137554330268829,MASP2_Helo_CM,842
2217,4434.0,8.696668922945426,MASP2_Helo_CM,842
2218,4436.0,8.751369792064656,MASP2_Helo_CM,842
2219,4438.0,8.27446531148284,MASP2_Helo_CM,842
2220,4440.0,9.303914331732377,MASP2_Helo_CM,842
2221,4442.0,8.669122422813098,MASP2_Helo_CM,842
2222,4444.0,7.860734826591221,MASP2_Helo_CM,842
2223,4446.0,7.507036419627175,MASP2_Helo_CM,842
2224,4448.0,7.860465808279437,MASP2_Helo_CM,842
2225,4450.0,6.602226950065461,MASP2_Helo_CM,842
2226,4452.0,7.2480947416373525,MASP2_Helo_CM,842
2227,4454.0,7.161349872533787,MASP2_Helo_CM,842
2228,4456.0,7.027333415357097,MASP2_Helo_CM,842
2229,4458.0,6.366753278170682,MASP2_Helo_CM,842
2230,4460.0,7.143173595937012,MASP2_Helo_CM,842
2231,4462.0,7.533459217919977,MASP2_Helo_CM,842
2232,4464.0,8.340266577702918,MASP2_Helo_CM,842
2233,4466.0,8.905637740178637,MASP2_Helo_CM,842
2234,4468.0,8.857898986479864,MASP2_Helo_CM,842
2235,4470.0,7.610994321105601,MASP2_Helo_CM,842
2236,4472.0,8.556490956224156,MASP2_Helo_CM,842
2237,4474.0,8.046448014715144,MASP2_Helo_CM,842
2238,4476.0,9.167436950898011,MASP2_Helo_CM,842
2239,4478.0,8.178711791260248,MASP2_Helo_CM,842
2240,4480.0,7.604096839512991,MASP2_Helo_CM,842
2241,4482.0,8.218540820909663,MASP2_Helo_CM,842
2242,4484.0,9.065110566255322,MASP2_Helo_CM,842
2243,4486.0,8.180632825087093,MASP2_Helo_CM,842
2244,4488.0,8.380605712131572,MASP2_Helo_CM,842
2245,4490.0,7.425840638687317,MASP2_Helo_CM,842
2246,4492.0,7.245621624836963,MASP2_Helo_CM,842
2247,4494.0,7.434467929555252,MASP2_Helo_CM,842
2248,4496.0,8.473388806850705,MASP2_Helo_CM,842
2249,4498.0,8.151085095593524,MASP2_Helo_CM,842
2250,4500.0,7.929569097996853,MASP2_Helo_CM,842
2251,4502.0,8.505997151856741,MASP2_Helo_CM,842
2252,4504.0,7.165063240596304,MASP2_Helo_CM,842
2253,4506.0,8.515011348139117,MASP2_Helo_CM,842
2254,4508.0,8.358748244671729,MASP2_Helo_CM,842
2255,4510.0,8.514726998054346,MASP2_Helo_CM,842
2256,4512.0,8.66749458904586,MASP2_Helo_CM,842
2257,4514.0,8.745611275434326,MASP2_Helo_CM,842
2258,4516.0,8.139685810717527,MASP2_Helo_CM,842
2259,4518.0,8.185379637566996,MASP2_Helo_CM,842
2260,4520.0,8.011781554283568,MASP2_Helo_CM,842
2261,4522.0,8.766844048929757,MASP2_Helo_CM,842
2262,4524.0,9.26208659498885,MASP2_Helo_CM,842
2263,4526.0,8.655109174849146,MASP2_Helo_CM,842
2264,4528.0,8.14838235880826,MASP2_Helo_CM,842
2265,4530.0,8.795350746899114,MASP2_Helo_CM,842
2266,4532.0,8.894725702376565,MASP2_Helo_CM,842
2267,4534.0,8.625959872202213,MASP2_Helo_CM,842
2268,4536.0,8.806965883147345,MASP2_Helo_CM,842
2269,4538.0,9.53529740958163,MASP2_Helo_CM,842
2270,4540.0,9.333341820311507,MASP2_Helo_CM,842
2271,4542.0,9.619827955186064,MASP2_Helo_CM,842
2272,4544.0,9.389154154142595,MASP2_Helo_CM,842
2273,4546.0,9.259582275368382,MASP2_Helo_CM,842
2274,4548.0,8.906937266469667,MASP2_Helo_CM,842
2275,4550.0,9.726684456333926,MASP2_Helo_CM,842
2276,4552.0,9.557799348839827,MASP2_Helo_CM,842
2277,4554.0,9.763879024774113,MASP2_Helo_CM,842
2278,4556.0,10.457464355640608,MASP2_Helo_CM,842
2279,4558.0,9.641255090994983,MASP2_Helo_CM,842
2280,4560.0,9.707338611567017,MASP2_Helo_CM,842
2281,4562.0,9.095319089285622,MASP2_Helo_CM,842
2282,4564.0,9.303306741818176,MASP2_Helo_CM,842
2283,4566.0,9.999403873964743,MASP2_Helo_CM,842
2284,4568.0,9.921557554643455,MASP2_Helo_CM,842
2285,4570.0,9.534061375557698,MASP2_Helo_CM,842
2286,4572.0,10.269313974620392,MASP2_Helo_CM,842
2287,4574.0,10.21615274308456,MASP2_Helo_CM,842
2288,4576.0,9.834641757274824,MASP2_Helo_CM,842
2289,4578.0,9.498934973178027,MASP2_Helo_CM,842
2290,4580.0,10.076835979412722,MASP2_Helo_CM,842
2291,4582.0,9.488133596668725,MASP2_Helo_CM,842
2292,4584.0,7.91468416479919,MASP2_Helo_CM,842
2293,4586.0,8.167051052069581,MASP2_Helo_CM,842
2294,4588.0,8.545513729498817,MASP2_Helo_CM,842
2295,4590.0,8.618792085120981,MASP2_Helo_CM,842
2296,4592.0,7.743750562810781,MASP2_Helo_CM,842
2297,4594.0,8.598498076492241,MASP2_Helo_CM,842
2298,4596.0,8.212479804065701,MASP2_Helo_CM,842
2299,4598.0,8.733973616895653,MASP2_Helo_CM,842
2300,4600.0,8.336271324340787,MASP2_Helo_CM,842
2301,4602.0,7.911203532301909,MASP2_Helo_CM,842
2302,4604.0,8.181387713952377,MASP2_Helo_CM,842
2303,4606.0,7.679461932489015,MASP2_Helo_CM,842
2304,4608.0,7.963543492670215,MASP2_Helo_CM,842
2305,4610.0,9.522846971928898,MASP2_Helo_CM,842
2306,4612.0,8.556736634281274,MASP2_Helo_CM,842
2307,4614.0,8.539937072902742,MASP2_Helo_CM,842
2308,4616.0,8.140462438830564,MASP2_Helo_CM,842
2309,4618.0,8.61048880237394,MASP2_Helo_CM,842
2310,4620.0,8.850349167796749,MASP2_Helo_CM,842
2311,4622.0,7.889613584300606,MASP2_Helo_CM,842
2312,4624.0,9.127688407496287,MASP2_Helo_CM,842
2313,4626.0,9.103733765349459,MASP2_Helo_CM,842
2314,4628.0,8.729585358168318,MASP2_Helo_CM,842
2315,4630.0,9.009595873841352,MASP2_Helo_CM,842
2316,4632.0,8.64094344178131,MASP2_Helo_CM,842
2317,4634.0,8.63440931571122,MASP2_Helo_CM,842
2318,4636.0,8.557619013112188,MASP2_Helo_CM,842
2319,4638.0,7.77436973135499,MASP2_Helo_CM,842
2320,4640.0,9.076159433618642,MASP2_Helo_CM,842
2321,4642.0,10.483709124932542,MASP2_Helo_CM,842
2322,4644.0,9.57470472452638,MASP2_Helo_CM,842
2323,4646.0,11.003208643580738,MASP2_Helo_CM,842
2324,4648.0,10.461652677504249,MASP2_Helo_CM,842
2325,4650.0,10.28049342509421,MASP2_Helo_CM,842
2326,4652.0,7.10839938732815,MASP2_Helo_CM,842
2327,4654.0,7.796921848610979,MASP2_Helo_CM,842
2328,4656.0,7.370567661561238,MASP2_Helo_CM,842
2329,4658.0,8.005089048308,MASP2_Helo_CM,842
2330,4660.0,8.010848863876996,MASP2_Helo_CM,842
2331,4662.0,8.665498738372857,MASP2_Helo_CM,842
2332,4664.0,8.54000017877288,MASP2_Helo_CM,842
2333,4666.0,8.353097273509928,MASP2_Helo_CM,842
2334,4668.0,8.283427805145815,MASP2_Helo_CM,842
2335,4670.0,8.583228059404089,MASP2_Helo_CM,842
2336,4672.0,9.12581432048565,MASP2_Helo_CM,842
2337,4674.0,7.086477169074132,MASP2_Helo_CM,842
2338,4676.0,7.502768621676025,MASP2_Helo_CM,842
2339,4678.0,8.82984107114961,MASP2_Helo_CM,842
2340,4680.0,8.265633872287255,MASP2_Helo_CM,842
2341,4682.0,8.262286789798583,MASP2_Helo_CM,842
2342,4684.0,9.13165501338075,MASP2_Helo_CM,842
2343,4686.0,9.08240839057139,MASP2_Helo_CM,842
2344,4688.0,7.591688173735969,MASP2_Helo_CM,842
2345,4690.0,8.211027155348203,MASP2_Helo_CM,842
2346,4692.0,8.333370486431798,MASP2_Helo_CM,842
2347,4694.0,7.780541854501861,MASP2_Helo_CM,842
2348,4696.0,8.135577098373673,MASP2_Helo_CM,842
2349,4698.0,7.532692885052422,MASP2_Helo_CM,842
2350,4700.0,8.80500308529613,MASP2_Helo_CM,842
2351,4702.0,7.6426128793959,MASP2_Helo_CM,842
2352,4704.0,7.267241896467123,MASP2_Helo_CM,842
2353,4706.0,7.955111241341286,MASP2_Helo_CM,842
2354,4708.0,8.11555512252168,MASP2_Helo_CM,842
2355,4710.0,8.371034186565106,MASP2_Helo_CM,842
2356,4712.0,7.804052150999037,MASP2_Helo_CM,842
2357,4714.0,7.9194242792017056,MASP2_Helo_CM,842
2358,4716.0,7.819032324473599,MASP2_Helo_CM,842
2359,4718.0,7.393030006636492,MASP2_Helo_CM,842
2360,4720.0,7.977424347575335,MASP2_Helo_CM,842
2361,4722.0,8.041300512764904,MASP2_Helo_CM,842
2362,4724.0,8.36341386867143,MASP2_Helo_CM,842
2363,4726.0,8.736091146244723,MASP2_Helo_CM,842
2364,4728.0,7.905395290633079,MASP2_Helo_CM,842
2365,4730.0,9.252201511755315,MASP2_Helo_CM,842
2366,4732.0,8.95978826562403,MASP2_Helo_CM,842
2367,4734.0,8.715980841282743,MASP2_Helo_CM,842
2368,4736.0,11.049102881365801,MASP2_Helo_CM,842
2369,4738.0,10.89201608392888,MASP2_Helo_CM,842
2370,4740.0,11.035108802549198,MASP2_Helo_CM,842
2371,4742.0,8.8062607940123,MASP2_Helo_CM,842
2372,4744.0,8.3307057732609,MASP2_Helo_CM,842
2373,4746.0,8.119899413590495,MASP2_Helo_CM,842
2374,4748.0,9.047458215769673,MASP2_Helo_CM,842
2375,4750.0,7.949299646328273,MASP2_Helo_CM,842
2376,4752.0,7.986822821140433,MASP2_Helo_CM,842
2377,4754.0,7.791063664514568,MASP2_Helo_CM,842
2378,4756.0,8.839375533090621,MASP2_Helo_CM,842
2379,4758.0,7.58173584544615,MASP2_Helo_CM,842
2380,4760.0,8.955044956603317,MASP2_Helo_CM,842
2381,4762.0,9.825028015459646,MASP2_Helo_CM,842
2382,4764.0,7.736441820223453,MASP2_Helo_CM,842
2383,4766.0,7.671811809522322,MASP2_Helo_CM,842
2384,4768.0,7.69036511902176,MASP2_Helo_CM,842
2385,4770.0,7.450119639045037,MASP2_Helo_CM,842
2386,4772.0,7.778298468295267,MASP2_Helo_CM,842
2387,4774.0,8.492141607178652,MASP2_Helo_CM,842
2388,4776.0,8.369720267465619,MASP2_Helo_CM,842
2389,4778.0,8.660829745663925,MASP2_Helo_CM,842
2390,4780.0,7.697189350306899,MASP2_Helo_CM,842
2391,4782.0,8.060973796992927,MASP2_Helo_CM,842
2392,4784.0,7.670913442251217,MASP2_Helo_CM,842
2393,4786.0,8.163027603423712,MASP2_Helo_CM,842
2394,4788.0,8.954048081472392,MASP2_Helo_CM,842
2395,4790.0,8.072259164748719,MASP2_Helo_CM,842
2396,4792.0,9.093304423115482,MASP2_Helo_CM,842
2397,4794.0,8.594464582469254,MASP2_Helo_CM,842
2398,4796.0,8.615990601680322,MASP2_Helo_CM,842
2399,4798.0,7.957014101636742,MASP2_Helo_CM,842
2400,4800.0,8.218047605389241,MASP2_Helo_CM,842
2401,4802.0,7.3702010078721845,MASP2_Helo_CM,842
2402,4804.0,7.006078544515982,MASP2_Helo_CM,842
2403,4806.0,8.239549611942328,MASP2_Helo_CM,842
2404,4808.0,8.648580766745171,MASP2_Helo_CM,842
2405,4810.0,8.514925334666724,MASP2_Helo_CM,842
2406,4812.0,7.911605662313694,MASP2_Helo_CM,842
2407,4814.0,7.733654678430421,MASP2_Helo_CM,842
2408,4816.0,7.182058417950016,MASP2_Helo_CM,842
2409,4818.0,8.089548973997381,MASP2_Helo_CM,842
2410,4820.0,7.062204582432422,MASP2_Helo_CM,842
2411,4822.0,7.678178302252648,MASP2_Helo_CM,842
2412,4824.0,9.888168496743443,MASP2_Helo_CM,842
2413,4826.0,8.570032037728728,MASP2_Helo_CM,842
2414,4828.0,8.735812219946425,MASP2_Helo_CM,842
2415,4830.0,9.784194683185225,MASP2_Helo_CM,842
2416,4832.0,9.611247086279677,MASP2_Helo_CM,842
2417,4834.0,9.222529313926112,MASP2_Helo_CM,842
2418,4836.0,8.720538043940154,MASP2_Helo_CM,842
2419,4838.0,8.202945606294655,MASP2_Helo_CM,842
2420,4840.0,7.703756125593512,MASP2_Helo_CM,842
2421,4842.0,7.397585011435434,MASP2_Helo_CM,842
2422,4844.0,5.635625621023538,MASP2_Helo_CM,842
2423,4846.0,6.619585713518265,MASP2_Helo_CM,842
2424,4848.0,8.300501286390961,MASP2_Helo_CM,842
2425,4850.0,8.618676517389044,MASP2_Helo_CM,842
2426,4852.0,9.202922134271342,MASP2_Helo_CM,842
2427,4854.0,8.823399575608674,MASP2_Helo_CM,842
2428,4856.0,8.055301031701473,MASP2_Helo_CM,842
2429,4858.0,7.964970289988693,MASP2_Helo_CM,842
2430,4860.0,8.293513584179195,MASP2_Helo_CM,842
2431,4862.0,8.302788871290455,MASP2_Helo_CM,842
2432,4864.0,7.797639885176782,MASP2_Helo_CM,842
2433,4866.0,8.34620647964345,MASP2_Helo_CM,842
2434,4868.0,8.142447955394044,MASP2_Helo_CM,842
2435,4870.0,8.24211838705157,MASP2_Helo_CM,842
2436,4872.0,8.10683678368784,MASP2_Helo_CM,842
2437,4874.0,7.12436712304817,MASP2_Helo_CM,842
2438,4876.0,6.935364769392263,MASP2_Helo_CM,842
2439,4878.0,8.752637087113854,MASP2_Helo_CM,842
2440,4880.0,8.077059117285003,MASP2_Helo_CM,842
2441,4882.0,8.21894607783533,MASP2_Helo_CM,842
2442,4884.0,6.943387824394042,MASP2_Helo_CM,842
2443,4886.0,8.059338994755107,MASP2_Helo_CM,842
2444,4888.0,7.327415957851997,MASP2_Helo_CM,842
2445,4890.0,7.885586789679983,MASP2_Helo_CM,842
2446,4892.0,6.969607645848732,MASP2_Helo_CM,842
2447,4894.0,7.172251869109624,MASP2_Helo_CM,842
2448,4896.0,7.314511690205901,MASP2_Helo_CM,842
2449,4898.0,7.2026445055212,MASP2_Helo_CM,842
2450,4900.0,7.149025237077645,MASP2_Helo_CM,842
2451,4902.0,6.991528072248407,MASP2_Helo_CM,842
2452,4904.0,7.251027379406809,MASP2_Helo_CM,842
2453,4906.0,7.660830671152319,MASP2_Helo_CM,842
2454,4908.0,7.680211139706773,MASP2_Helo_CM,842
2455,4910.0,8.280630877306537,MASP2_Helo_CM,842
2456,4912.0,8.855758945105562,MASP2_Helo_CM,842
2457,4914.0,8.616380930251532,MASP2_Helo_CM,842
2458,4916.0,8.04321283132192,MASP2_Helo_CM,842
2459,4918.0,8.07352394911416,MASP2_Helo_CM,842
2460,4920.0,7.888144725998809,MASP2_Helo_CM,842
2461,4922.0,8.797611120384754,MASP2_Helo_CM,842
2462,4924.0,8.393510926762756,MASP2_Helo_CM,842
2463,4926.0,7.7944339275661765,MASP2_Helo_CM,842
2464,4928.0,7.938231926586167,MASP2_Helo_CM,842
2465,4930.0,8.267981795903351,MASP2_Helo_CM,842
2466,4932.0,8.202335121116711,MASP2_Helo_CM,842
2467,4934.0,7.7143055950951265,MASP2_Helo_CM,842
2468,4936.0,8.457409187892267,MASP2_Helo_CM,842
2469,4938.0,8.06299100771171,MASP2_Helo_CM,842
2470,4940.0,8.330652258517015,MASP2_Helo_CM,842
2471,4942.0,7.969155072662972,MASP2_Helo_CM,842
2472,4944.0,8.551571381987022,MASP2_Helo_CM,842
2473,4946.0,7.639586720837239,MASP2_Helo_CM,842
2474,4948.0,8.15794029398987,MASP2_Helo_CM,842
2475,4950.0,7.708120481305985,MASP2_Helo_CM,842
2476,4952.0,7.479291141971632,MASP2_Helo_CM,842
2477,4954.0,8.19107908063118,MASP2_Helo_CM,842
2478,4956.0,7.629658102802575,MASP2_Helo_CM,842
2479,4958.0,9.104611795875858,MASP2_Helo_CM,842
2480,4960.0,8.108153936596251,MASP2_Helo_CM,842
2481,4962.0,7.7678272226764395,MASP2_Helo_CM,842
2482,4964.0,7.824976422317848,MASP2_Helo_CM,842
2483,4966.0,8.62951848588159,MASP2_Helo_CM,842
2484,4968.0,7.695634809031457,MASP2_Helo_CM,842
2485,4970.0,7.564015076983498,MASP2_Helo_CM,842
2486,4972.0,8.108834674498281,MASP2_Helo_CM,842
2487,4974.0,7.396241865827225,MASP2_Helo_CM,842
2488,4976.0,6.15123111243673,MASP2_Helo_CM,842
2489,4978.0,6.698238344144073,MASP2_Helo_CM,842
2490,4980.0,8.520252533566186,MASP2_Helo_CM,842
2491,4982.0,8.025034918079335,MASP2_Helo_CM,842
2492,4984.0,9.141353761643567,MASP2_Helo_CM,842
2493,4986.0,7.930789206544689,MASP2_Helo_CM,842
2494,4988.0,9.546799652875762,MASP2_Helo_CM,842
2495,4990.0,10.069699641739913,MASP2_Helo_CM,842
2496,4992.0,8.817083151655808,MASP2_Helo_CM,842
2497,4994.0,9.32414346855132,MASP2_Helo_CM,842
2498,4996.0,7.192354368731748,MASP2_Helo_CM,842
2499,4998.0,7.728898710163889,MASP2_Helo_CM,842
0,0.0,44.861689867178775,MASP2_Helo_CM,588
1,2.0,45.13920302797267,MASP2_Helo_CM,588
2,4.0,46.21740735837758,MASP2_Helo_CM,588
3,6.0,45.173140203441825,MASP2_Helo_CM,588
4,8.0,46.87390548828946,MASP2_Helo_CM,588
5,10.0,48.468957076536476,MASP2_Helo_CM,588
6,12.0,46.85083122347854,MASP2_Helo_CM,588
7,14.0,45.77357968931447,MASP2_Helo_CM,588
8,16.0,48.709156318261996,MASP2_Helo_CM,588
9,18.0,46.25336686770053,MASP2_Helo_CM,588
10,20.0,45.793247595516426,MASP2_Helo_CM,588
11,22.0,44.018087100808756,MASP2_Helo_CM,588
12,24.0,46.63018753561554,MASP2_Helo_CM,588
13,26.0,45.86255183013049,MASP2_Helo_CM,588
14,28.0,45.53905306107488,MASP2_Helo_CM,588
15,30.0,44.2821288405239,MASP2_Helo_CM,588
16,32.0,41.956634413427295,MASP2_Helo_CM,588
17,34.0,43.35011935115923,MASP2_Helo_CM,588
18,36.0,45.68125417430477,MASP2_Helo_CM,588
19,38.0,43.47637658407943,MASP2_Helo_CM,588
20,40.0,44.480120990976836,MASP2_Helo_CM,588
21,42.0,42.18005518300831,MASP2_Helo_CM,588
22,44.0,43.59669358972971,MASP2_Helo_CM,588
23,46.0,41.08113939656057,MASP2_Helo_CM,588
24,48.0,45.35068710295319,MASP2_Helo_CM,588
25,50.0,40.61372574114916,MASP2_Helo_CM,588
26,52.0,43.30239504809502,MASP2_Helo_CM,588
27,54.0,43.22228932770057,MASP2_Helo_CM,588
28,56.0,45.690214138635625,MASP2_Helo_CM,588
29,58.0,44.87309951628213,MASP2_Helo_CM,588
30,60.0,41.243386888228095,MASP2_Helo_CM,588
31,62.0,42.98310017853638,MASP2_Helo_CM,588
32,64.0,43.79288068388599,MASP2_Helo_CM,588
33,66.0,43.728323674619865,MASP2_Helo_CM,588
34,68.0,44.40418950231026,MASP2_Helo_CM,588
35,70.0,46.010734479513225,MASP2_Helo_CM,588
36,72.0,48.3829025534514,MASP2_Helo_CM,588
37,74.0,45.15646597731944,MASP2_Helo_CM,588
38,76.0,44.2607783275295,MASP2_Helo_CM,588
39,78.0,45.90079251084249,MASP2_Helo_CM,588
40,80.0,48.57974693801775,MASP2_Helo_CM,588
41,82.0,48.56583939617764,MASP2_Helo_CM,588
42,84.0,48.07976967128082,MASP2_Helo_CM,588
43,86.0,44.40405674428759,MASP2_Helo_CM,588
44,88.0,48.515464761855036,MASP2_Helo_CM,588
45,90.0,46.42552272545159,MASP2_Helo_CM,588
46,92.0,44.90486174884118,MASP2_Helo_CM,588
47,94.0,45.97733636240728,MASP2_Helo_CM,588
48,96.0,48.86173528449195,MASP2_Helo_CM,588
49,98.0,47.40400476582263,MASP2_Helo_CM,588
50,100.0,45.981566672624076,MASP2_Helo_CM,588
51,102.0,48.87053847667444,MASP2_Helo_CM,588
52,104.0,49.19017908788835,MASP2_Helo_CM,588
53,106.0,48.90125373722425,MASP2_Helo_CM,588
54,108.0,51.36528592366732,MASP2_Helo_CM,588
55,110.0,49.91920146035252,MASP2_Helo_CM,588
56,112.0,46.708888922369404,MASP2_Helo_CM,588
57,114.0,46.294439890511484,MASP2_Helo_CM,588
58,116.0,46.56819104994966,MASP2_Helo_CM,588
59,118.0,46.855699703686085,MASP2_Helo_CM,588
60,120.0,49.3075680666524,MASP2_Helo_CM,588
61,122.0,46.17648248613957,MASP2_Helo_CM,588
62,124.0,47.95926731070489,MASP2_Helo_CM,588
63,126.0,43.83468100915177,MASP2_Helo_CM,588
64,128.0,41.6182400673199,MASP2_Helo_CM,588
65,130.0,40.673258822208545,MASP2_Helo_CM,588
66,132.0,42.58153140454008,MASP2_Helo_CM,588
67,134.0,42.27865327676318,MASP2_Helo_CM,588
68,136.0,39.43291443995158,MASP2_Helo_CM,588
69,138.0,39.11011630487743,MASP2_Helo_CM,588
70,140.0,40.492111275942754,MASP2_Helo_CM,588
71,142.0,39.366669956110414,MASP2_Helo_CM,588
72,144.0,39.87409992270002,MASP2_Helo_CM,588
73,146.0,41.00539748048337,MASP2_Helo_CM,588
74,148.0,39.533737466016014,MASP2_Helo_CM,588
75,150.0,41.78155709015875,MASP2_Helo_CM,588
76,152.0,39.995537775878155,MASP2_Helo_CM,588
77,154.0,41.86042129079519,MASP2_Helo_CM,588
78,156.0,41.94911229815471,MASP2_Helo_CM,588
79,158.0,39.07567782177825,MASP2_Helo_CM,588
80,160.0,42.77058642062519,MASP2_Helo_CM,588
81,162.0,42.48931590306039,MASP2_Helo_CM,588
82,164.0,41.97523854180245,MASP2_Helo_CM,588
83,166.0,42.75148205011931,MASP2_Helo_CM,588
84,168.0,42.519701148857514,MASP2_Helo_CM,588
85,170.0,43.1832293786514,MASP2_Helo_CM,588
86,172.0,38.865339391888725,MASP2_Helo_CM,588
87,174.0,40.82291713140033,MASP2_Helo_CM,588
88,176.0,41.234840681503094,MASP2_Helo_CM,588
89,178.0,44.61496347750102,MASP2_Helo_CM,588
90,180.0,42.08511771326369,MASP2_Helo_CM,588
91,182.0,44.272701431797806,MASP2_Helo_CM,588
92,184.0,45.53977398222034,MASP2_Helo_CM,588
93,186.0,44.50104583859391,MASP2_Helo_CM,588
94,188.0,36.5552183452598,MASP2_Helo_CM,588
95,190.0,35.485690277099955,MASP2_Helo_CM,588
96,192.0,36.481582984619024,MASP2_Helo_CM,588
97,194.0,39.70467633402415,MASP2_Helo_CM,588
98,196.0,41.23618052882755,MASP2_Helo_CM,588
99,198.0,39.27005642458315,MASP2_Helo_CM,588
100,200.0,37.38557961967267,MASP2_Helo_CM,588
101,202.0,39.45327160938926,MASP2_Helo_CM,588
102,204.0,37.322522173487826,MASP2_Helo_CM,588
103,206.0,38.86875857862571,MASP2_Helo_CM,588
104,208.0,40.3064957470651,MASP2_Helo_CM,588
105,210.0,42.634791347730065,MASP2_Helo_CM,588
106,212.0,43.25910676136356,MASP2_Helo_CM,588
107,214.0,43.91758466155011,MASP2_Helo_CM,588
108,216.0,46.35480524725975,MASP2_Helo_CM,588
109,218.0,44.09360241670225,MASP2_Helo_CM,588
110,220.0,47.60398595393461,MASP2_Helo_CM,588
111,222.0,46.25747195842324,MASP2_Helo_CM,588
112,224.0,47.293269472428435,MASP2_Helo_CM,588
113,226.0,47.98630881938955,MASP2_Helo_CM,588
114,228.0,47.982465265740885,MASP2_Helo_CM,588
115,230.0,46.857287508582225,MASP2_Helo_CM,588
116,232.0,41.48281806055171,MASP2_Helo_CM,588
117,234.0,41.68515474661115,MASP2_Helo_CM,588
118,236.0,39.8676671803783,MASP2_Helo_CM,588
119,238.0,44.023865264138614,MASP2_Helo_CM,588
120,240.0,41.16258543006946,MASP2_Helo_CM,588
121,242.0,42.4545496162273,MASP2_Helo_CM,588
122,244.0,46.298478423323715,MASP2_Helo_CM,588
123,246.0,45.60650623618128,MASP2_Helo_CM,588
124,248.0,47.054783046760186,MASP2_Helo_CM,588
125,250.0,48.57002149543023,MASP2_Helo_CM,588
126,252.0,46.13478612329986,MASP2_Helo_CM,588
127,254.0,45.26863168803862,MASP2_Helo_CM,588
128,256.0,42.580807076705256,MASP2_Helo_CM,588
129,258.0,41.85928456208571,MASP2_Helo_CM,588
130,260.0,41.58639677779255,MASP2_Helo_CM,588
131,262.0,43.89808978289302,MASP2_Helo_CM,588
132,264.0,45.186218163649215,MASP2_Helo_CM,588
133,266.0,43.465229494928145,MASP2_Helo_CM,588
134,268.0,45.77423186093855,MASP2_Helo_CM,588
135,270.0,41.651845365020655,MASP2_Helo_CM,588
136,272.0,44.67713928861159,MASP2_Helo_CM,588
137,274.0,44.17356133061725,MASP2_Helo_CM,588
138,276.0,45.56026845717695,MASP2_Helo_CM,588
139,278.0,44.516526235343775,MASP2_Helo_CM,588
140,280.0,45.77678707069832,MASP2_Helo_CM,588
141,282.0,44.246099783854035,MASP2_Helo_CM,588
142,284.0,49.46922374106173,MASP2_Helo_CM,588
143,286.0,46.812696293616185,MASP2_Helo_CM,588
144,288.0,46.901665579355644,MASP2_Helo_CM,588
145,290.0,44.143657224582284,MASP2_Helo_CM,588
146,292.0,46.57557984764685,MASP2_Helo_CM,588
147,294.0,44.275625032776404,MASP2_Helo_CM,588
148,296.0,43.57356368064605,MASP2_Helo_CM,588
149,298.0,43.43935723889683,MASP2_Helo_CM,588
150,300.0,46.07842752283221,MASP2_Helo_CM,588
151,302.0,44.55997653125522,MASP2_Helo_CM,588
152,304.0,45.48955219949264,MASP2_Helo_CM,588
153,306.0,45.20678708270403,MASP2_Helo_CM,588
154,308.0,45.40521402712121,MASP2_Helo_CM,588
155,310.0,45.02264831893408,MASP2_Helo_CM,588
156,312.0,43.84237615919271,MASP2_Helo_CM,588
157,314.0,43.7618352693139,MASP2_Helo_CM,588
158,316.0,42.87931052628667,MASP2_Helo_CM,588
159,318.0,43.2280016655219,MASP2_Helo_CM,588
160,320.0,40.82017133224558,MASP2_Helo_CM,588
161,322.0,40.094395603066,MASP2_Helo_CM,588
162,324.0,38.12228735857542,MASP2_Helo_CM,588
163,326.0,41.961659161166835,MASP2_Helo_CM,588
164,328.0,39.74357229687206,MASP2_Helo_CM,588
165,330.0,41.97530998041745,MASP2_Helo_CM,588
166,332.0,42.4015918787078,MASP2_Helo_CM,588
167,334.0,44.74393453510124,MASP2_Helo_CM,588
168,336.0,45.14713711824244,MASP2_Helo_CM,588
169,338.0,46.53186713526022,MASP2_Helo_CM,588
170,340.0,44.14976038242333,MASP2_Helo_CM,588
171,342.0,43.17297214052092,MASP2_Helo_CM,588
172,344.0,40.43228204282523,MASP2_Helo_CM,588
173,346.0,42.38839822529463,MASP2_Helo_CM,588
174,348.0,40.713601384642295,MASP2_Helo_CM,588
175,350.0,40.273608386650935,MASP2_Helo_CM,588
176,352.0,38.12628250482653,MASP2_Helo_CM,588
177,354.0,38.84218482637702,MASP2_Helo_CM,588
178,356.0,37.65441829057026,MASP2_Helo_CM,588
179,358.0,39.28004378404968,MASP2_Helo_CM,588
180,360.0,35.279701531474416,MASP2_Helo_CM,588
181,362.0,35.6257101393449,MASP2_Helo_CM,588
182,364.0,36.79760729463836,MASP2_Helo_CM,588
183,366.0,42.29199302333851,MASP2_Helo_CM,588
184,368.0,40.43297728078671,MASP2_Helo_CM,588
185,370.0,40.07660614838779,MASP2_Helo_CM,588
186,372.0,40.520647478261026,MASP2_Helo_CM,588
187,374.0,41.34714850088302,MASP2_Helo_CM,588
188,376.0,45.278658756277025,MASP2_Helo_CM,588
189,378.0,42.719839951038175,MASP2_Helo_CM,588
190,380.0,41.9990854827686,MASP2_Helo_CM,588
191,382.0,41.84749526518948,MASP2_Helo_CM,588
192,384.0,38.59534264000891,MASP2_Helo_CM,588
193,386.0,39.51134519061583,MASP2_Helo_CM,588
194,388.0,39.14663294488007,MASP2_Helo_CM,588
195,390.0,39.19332993581927,MASP2_Helo_CM,588
196,392.0,40.75513234332547,MASP2_Helo_CM,588
197,394.0,40.05791573260117,MASP2_Helo_CM,588
198,396.0,41.62005296650873,MASP2_Helo_CM,588
199,398.0,37.535875488602485,MASP2_Helo_CM,588
200,400.0,41.83735618737329,MASP2_Helo_CM,588
201,402.0,40.46188289777208,MASP2_Helo_CM,588
202,404.0,39.09924554140973,MASP2_Helo_CM,588
203,406.0,44.50487562250933,MASP2_Helo_CM,588
204,408.0,45.00789352437126,MASP2_Helo_CM,588
205,410.0,43.72358047290934,MASP2_Helo_CM,588
206,412.0,43.5864051615569,MASP2_Helo_CM,588
207,414.0,45.367797751550285,MASP2_Helo_CM,588
208,416.0,45.382140410182366,MASP2_Helo_CM,588
209,418.0,45.98454245016128,MASP2_Helo_CM,588
210,420.0,42.33671550790284,MASP2_Helo_CM,588
211,422.0,42.395661814596714,MASP2_Helo_CM,588
212,424.0,43.785609693082826,MASP2_Helo_CM,588
213,426.0,45.35575961391672,MASP2_Helo_CM,588
214,428.0,46.11187369608251,MASP2_Helo_CM,588
215,430.0,43.34058757811168,MASP2_Helo_CM,588
216,432.0,43.50668339234742,MASP2_Helo_CM,588
217,434.0,42.37161895084346,MASP2_Helo_CM,588
218,436.0,43.018393431669196,MASP2_Helo_CM,588
219,438.0,45.92340381071792,MASP2_Helo_CM,588
220,440.0,43.89741083603679,MASP2_Helo_CM,588
221,442.0,41.706617982778816,MASP2_Helo_CM,588
222,444.0,43.39738233033129,MASP2_Helo_CM,588
223,446.0,43.1349173601009,MASP2_Helo_CM,588
224,448.0,42.24441968628343,MASP2_Helo_CM,588
225,450.0,40.814841658601246,MASP2_Helo_CM,588
226,452.0,42.1150970078208,MASP2_Helo_CM,588
227,454.0,41.15098614655981,MASP2_Helo_CM,588
228,456.0,38.52766203752792,MASP2_Helo_CM,588
229,458.0,39.72050698041364,MASP2_Helo_CM,588
230,460.0,40.80167407639183,MASP2_Helo_CM,588
231,462.0,41.76549626895732,MASP2_Helo_CM,588
232,464.0,42.02407247449546,MASP2_Helo_CM,588
233,466.0,42.26753766605006,MASP2_Helo_CM,588
234,468.0,43.10863999876408,MASP2_Helo_CM,588
235,470.0,42.46683753698296,MASP2_Helo_CM,588
236,472.0,42.865361513047276,MASP2_Helo_CM,588
237,474.0,42.08064358425814,MASP2_Helo_CM,588
238,476.0,43.553615968082006,MASP2_Helo_CM,588
239,478.0,43.04721913600729,MASP2_Helo_CM,588
240,480.0,43.11478112622364,MASP2_Helo_CM,588
241,482.0,43.57961225234243,MASP2_Helo_CM,588
242,484.0,42.85746234724296,MASP2_Helo_CM,588
243,486.0,41.52717124338919,MASP2_Helo_CM,588
244,488.0,43.09711499665515,MASP2_Helo_CM,588
245,490.0,43.955180317759435,MASP2_Helo_CM,588
246,492.0,46.420913059083524,MASP2_Helo_CM,588
247,494.0,44.781963624818395,MASP2_Helo_CM,588
248,496.0,45.9783445158542,MASP2_Helo_CM,588
249,498.0,44.208343914356924,MASP2_Helo_CM,588
250,500.0,45.622731898899616,MASP2_Helo_CM,588
251,502.0,44.75582532469329,MASP2_Helo_CM,588
252,504.0,43.74823635569532,MASP2_Helo_CM,588
253,506.0,46.44471141891551,MASP2_Helo_CM,588
254,508.0,44.7363153397764,MASP2_Helo_CM,588
255,510.0,45.96133708731329,MASP2_Helo_CM,588
256,512.0,44.4763056105364,MASP2_Helo_CM,588
257,514.0,46.31214903281397,MASP2_Helo_CM,588
258,516.0,44.994180877483984,MASP2_Helo_CM,588
259,518.0,44.15473391105065,MASP2_Helo_CM,588
260,520.0,42.77512172825843,MASP2_Helo_CM,588
261,522.0,43.02420687026835,MASP2_Helo_CM,588
262,524.0,42.44416426259585,MASP2_Helo_CM,588
263,526.0,41.00978389110941,MASP2_Helo_CM,588
264,528.0,42.314210597987255,MASP2_Helo_CM,588
265,530.0,44.098592431927294,MASP2_Helo_CM,588
266,532.0,41.395852039265755,MASP2_Helo_CM,588
267,534.0,40.50555001087699,MASP2_Helo_CM,588
268,536.0,41.25873448986636,MASP2_Helo_CM,588
269,538.0,42.900582568422834,MASP2_Helo_CM,588
270,540.0,41.37527148928567,MASP2_Helo_CM,588
271,542.0,41.4918463669473,MASP2_Helo_CM,588
272,544.0,40.145690594472995,MASP2_Helo_CM,588
273,546.0,39.33481321770469,MASP2_Helo_CM,588
274,548.0,39.4407191371233,MASP2_Helo_CM,588
275,550.0,41.50723633352652,MASP2_Helo_CM,588
276,552.0,40.6871774995158,MASP2_Helo_CM,588
277,554.0,41.452522372620116,MASP2_Helo_CM,588
278,556.0,41.34083010026485,MASP2_Helo_CM,588
279,558.0,38.957868400312464,MASP2_Helo_CM,588
280,560.0,39.55027156751061,MASP2_Helo_CM,588
281,562.0,37.44765297352577,MASP2_Helo_CM,588
282,564.0,39.886636219616776,MASP2_Helo_CM,588
283,566.0,39.28591589592416,MASP2_Helo_CM,588
284,568.0,36.729112997047004,MASP2_Helo_CM,588
285,570.0,37.509881866830575,MASP2_Helo_CM,588
286,572.0,38.995817426397906,MASP2_Helo_CM,588
287,574.0,35.832812919370014,MASP2_Helo_CM,588
288,576.0,37.95547078892402,MASP2_Helo_CM,588
289,578.0,39.72866635586236,MASP2_Helo_CM,588
290,580.0,37.56770904687097,MASP2_Helo_CM,588
291,582.0,37.480015001267176,MASP2_Helo_CM,588
292,584.0,37.50299081498158,MASP2_Helo_CM,588
293,586.0,39.93775655360649,MASP2_Helo_CM,588
294,588.0,38.02896726471563,MASP2_Helo_CM,588
295,590.0,34.98037548628931,MASP2_Helo_CM,588
296,592.0,33.34500305475867,MASP2_Helo_CM,588
297,594.0,33.941904301170915,MASP2_Helo_CM,588
298,596.0,33.42244496327317,MASP2_Helo_CM,588
299,598.0,33.89342044499926,MASP2_Helo_CM,588
300,600.0,35.080105969355564,MASP2_Helo_CM,588
301,602.0,34.55956271412065,MASP2_Helo_CM,588
302,604.0,37.41982181521443,MASP2_Helo_CM,588
303,606.0,35.56814824882616,MASP2_Helo_CM,588
304,608.0,33.744353714836436,MASP2_Helo_CM,588
305,610.0,33.750971621660526,MASP2_Helo_CM,588
306,612.0,34.811245449707314,MASP2_Helo_CM,588
307,614.0,35.790018429801016,MASP2_Helo_CM,588
308,616.0,38.11117808965669,MASP2_Helo_CM,588
309,618.0,36.87332282434185,MASP2_Helo_CM,588
310,620.0,40.53274550018744,MASP2_Helo_CM,588
311,622.0,36.52123997972583,MASP2_Helo_CM,588
312,624.0,38.24353555865527,MASP2_Helo_CM,588
313,626.0,39.809016610080555,MASP2_Helo_CM,588
314,628.0,37.94631218030717,MASP2_Helo_CM,588
315,630.0,34.776999185568776,MASP2_Helo_CM,588
316,632.0,37.09663637822966,MASP2_Helo_CM,588
317,634.0,32.29791409400311,MASP2_Helo_CM,588
318,636.0,35.54515863300403,MASP2_Helo_CM,588
319,638.0,35.63841092886018,MASP2_Helo_CM,588
320,640.0,33.54811706604692,MASP2_Helo_CM,588
321,642.0,33.43850376177397,MASP2_Helo_CM,588
322,644.0,29.895614568804028,MASP2_Helo_CM,588
323,646.0,30.66281702755431,MASP2_Helo_CM,588
324,648.0,33.62424982707048,MASP2_Helo_CM,588
325,650.0,33.75952950211577,MASP2_Helo_CM,588
326,652.0,34.46776780239408,MASP2_Helo_CM,588
327,654.0,35.70605264227469,MASP2_Helo_CM,588
328,656.0,35.20744388816659,MASP2_Helo_CM,588
329,658.0,35.65093714507645,MASP2_Helo_CM,588
330,660.0,37.93727487109455,MASP2_Helo_CM,588
331,662.0,36.03691764959278,MASP2_Helo_CM,588
332,664.0,34.13326654703418,MASP2_Helo_CM,588
333,666.0,33.32127958787539,MASP2_Helo_CM,588
334,668.0,29.592173544582305,MASP2_Helo_CM,588
335,670.0,32.321385987547785,MASP2_Helo_CM,588
336,672.0,35.322961219950216,MASP2_Helo_CM,588
337,674.0,31.511067387893934,MASP2_Helo_CM,588
338,676.0,34.04625104586756,MASP2_Helo_CM,588
339,678.0,36.92658549059956,MASP2_Helo_CM,588
340,680.0,33.35627008611146,MASP2_Helo_CM,588
341,682.0,35.26688043074811,MASP2_Helo_CM,588
342,684.0,35.08894371707704,MASP2_Helo_CM,588
343,686.0,35.112220372234844,MASP2_Helo_CM,588
344,688.0,34.79103774076852,MASP2_Helo_CM,588
345,690.0,34.16087369314095,MASP2_Helo_CM,588
346,692.0,33.443868977460454,MASP2_Helo_CM,588
347,694.0,33.7754920256054,MASP2_Helo_CM,588
348,696.0,34.6648101006152,MASP2_Helo_CM,588
349,698.0,36.148993301723166,MASP2_Helo_CM,588
350,700.0,33.68484935901324,MASP2_Helo_CM,588
351,702.0,34.17850295477873,MASP2_Helo_CM,588
352,704.0,32.48809137000528,MASP2_Helo_CM,588
353,706.0,31.82409608614871,MASP2_Helo_CM,588
354,708.0,34.13906329711255,MASP2_Helo_CM,588
355,710.0,35.12617517816167,MASP2_Helo_CM,588
356,712.0,34.28668865736157,MASP2_Helo_CM,588
357,714.0,34.448678276586385,MASP2_Helo_CM,588
358,716.0,34.141034280424115,MASP2_Helo_CM,588
359,718.0,33.71625232010799,MASP2_Helo_CM,588
360,720.0,35.30913511063101,MASP2_Helo_CM,588
361,722.0,39.31758436495931,MASP2_Helo_CM,588
362,724.0,38.35756359270204,MASP2_Helo_CM,588
363,726.0,39.40725395203885,MASP2_Helo_CM,588
364,728.0,38.60456229258593,MASP2_Helo_CM,588
365,730.0,40.505706610026046,MASP2_Helo_CM,588
366,732.0,41.95363151151896,MASP2_Helo_CM,588
367,734.0,40.38590620568421,MASP2_Helo_CM,588
368,736.0,41.48930254392642,MASP2_Helo_CM,588
369,738.0,40.643809460691315,MASP2_Helo_CM,588
370,740.0,40.27683347177417,MASP2_Helo_CM,588
371,742.0,44.6920493064941,MASP2_Helo_CM,588
372,744.0,42.03130296262324,MASP2_Helo_CM,588
373,746.0,40.75737614881928,MASP2_Helo_CM,588
374,748.0,41.940583019540036,MASP2_Helo_CM,588
375,750.0,41.98920506746413,MASP2_Helo_CM,588
376,752.0,42.38021544480844,MASP2_Helo_CM,588
377,754.0,42.51257592147985,MASP2_Helo_CM,588
378,756.0,41.9287213559189,MASP2_Helo_CM,588
379,758.0,40.74253480158183,MASP2_Helo_CM,588
380,760.0,37.597959336303845,MASP2_Helo_CM,588
381,762.0,35.300239019456704,MASP2_Helo_CM,588
382,764.0,36.87586974318988,MASP2_Helo_CM,588
383,766.0,34.71914242673857,MASP2_Helo_CM,588
384,768.0,32.60150315650809,MASP2_Helo_CM,588
385,770.0,36.74064580664607,MASP2_Helo_CM,588
386,772.0,37.86116952099378,MASP2_Helo_CM,588
387,774.0,39.90909041055073,MASP2_Helo_CM,588
388,776.0,41.69796384364745,MASP2_Helo_CM,588
389,778.0,39.52104271067146,MASP2_Helo_CM,588
390,780.0,39.92185651838106,MASP2_Helo_CM,588
391,782.0,39.63760393389517,MASP2_Helo_CM,588
392,784.0,44.23691665417965,MASP2_Helo_CM,588
393,786.0,38.958055002136916,MASP2_Helo_CM,588
394,788.0,35.25681402484145,MASP2_Helo_CM,588
395,790.0,37.20484809341874,MASP2_Helo_CM,588
396,792.0,39.60527936449568,MASP2_Helo_CM,588
397,794.0,42.057535232138235,MASP2_Helo_CM,588
398,796.0,40.11791898342278,MASP2_Helo_CM,588
399,798.0,41.267660316219214,MASP2_Helo_CM,588
400,800.0,41.12039702020926,MASP2_Helo_CM,588
401,802.0,41.05372179835615,MASP2_Helo_CM,588
402,804.0,43.022933113050804,MASP2_Helo_CM,588
403,806.0,38.6158677188197,MASP2_Helo_CM,588
404,808.0,38.16968223097432,MASP2_Helo_CM,588
405,810.0,35.99653940812477,MASP2_Helo_CM,588
406,812.0,38.33334149462113,MASP2_Helo_CM,588
407,814.0,37.20821553449958,MASP2_Helo_CM,588
408,816.0,38.21917119489345,MASP2_Helo_CM,588
409,818.0,36.94241830986846,MASP2_Helo_CM,588
410,820.0,36.56677589832259,MASP2_Helo_CM,588
411,822.0,34.53124250302249,MASP2_Helo_CM,588
412,824.0,33.81249215387067,MASP2_Helo_CM,588
413,826.0,35.02448283322575,MASP2_Helo_CM,588
414,828.0,33.30858248580855,MASP2_Helo_CM,588
415,830.0,30.689238967315447,MASP2_Helo_CM,588
416,832.0,29.09120471825335,MASP2_Helo_CM,588
417,834.0,28.991143621730593,MASP2_Helo_CM,588
418,836.0,30.291726620281057,MASP2_Helo_CM,588
419,838.0,29.748819679958473,MASP2_Helo_CM,588
420,840.0,26.6318742618627,MASP2_Helo_CM,588
421,842.0,26.336271630411648,MASP2_Helo_CM,588
422,844.0,26.916009983399878,MASP2_Helo_CM,588
423,846.0,25.86532913931461,MASP2_Helo_CM,588
424,848.0,25.269370292721703,MASP2_Helo_CM,588
425,850.0,22.706862106992908,MASP2_Helo_CM,588
426,852.0,23.471202914562788,MASP2_Helo_CM,588
427,854.0,22.82632122722196,MASP2_Helo_CM,588
428,856.0,22.954144908758,MASP2_Helo_CM,588
429,858.0,21.764132467510112,MASP2_Helo_CM,588
430,860.0,21.00484051570523,MASP2_Helo_CM,588
431,862.0,22.550532630856804,MASP2_Helo_CM,588
432,864.0,20.963185650592862,MASP2_Helo_CM,588
433,866.0,21.599477395896756,MASP2_Helo_CM,588
434,868.0,20.82455438306762,MASP2_Helo_CM,588
435,870.0,19.08723687870456,MASP2_Helo_CM,588
436,872.0,21.220708451032873,MASP2_Helo_CM,588
437,874.0,19.620233129496846,MASP2_Helo_CM,588
438,876.0,19.34664732743027,MASP2_Helo_CM,588
439,878.0,18.860451960724728,MASP2_Helo_CM,588
440,880.0,21.503776838329262,MASP2_Helo_CM,588
441,882.0,20.777478949841978,MASP2_Helo_CM,588
442,884.0,20.21483345373488,MASP2_Helo_CM,588
443,886.0,19.627516800921345,MASP2_Helo_CM,588
444,888.0,24.691933640699787,MASP2_Helo_CM,588
445,890.0,22.116177012602428,MASP2_Helo_CM,588
446,892.0,21.459728673378073,MASP2_Helo_CM,588
447,894.0,18.971250052198883,MASP2_Helo_CM,588
448,896.0,20.417693858522803,MASP2_Helo_CM,588
449,898.0,21.479553912409436,MASP2_Helo_CM,588
450,900.0,23.38393443920321,MASP2_Helo_CM,588
451,902.0,25.708890522345907,MASP2_Helo_CM,588
452,904.0,26.853565435126125,MASP2_Helo_CM,588
453,906.0,28.61486269340742,MASP2_Helo_CM,588
454,908.0,26.717060127940275,MASP2_Helo_CM,588
455,910.0,28.107850869864148,MASP2_Helo_CM,588
456,912.0,30.059130803306246,MASP2_Helo_CM,588
457,914.0,28.387248697803773,MASP2_Helo_CM,588
458,916.0,28.509312199648573,MASP2_Helo_CM,588
459,918.0,27.93081714230431,MASP2_Helo_CM,588
460,920.0,31.448669803438708,MASP2_Helo_CM,588
461,922.0,29.444751193942615,MASP2_Helo_CM,588
462,924.0,30.528857701112965,MASP2_Helo_CM,588
463,926.0,30.71501272313516,MASP2_Helo_CM,588
464,928.0,30.836960209990245,MASP2_Helo_CM,588
465,930.0,32.172027904685926,MASP2_Helo_CM,588
466,932.0,30.72606069716901,MASP2_Helo_CM,588
467,934.0,30.862892472848706,MASP2_Helo_CM,588
468,936.0,31.771443667778456,MASP2_Helo_CM,588
469,938.0,32.75818258493361,MASP2_Helo_CM,588
470,940.0,33.23275567498664,MASP2_Helo_CM,588
471,942.0,30.82890723398068,MASP2_Helo_CM,588
472,944.0,29.693194849179743,MASP2_Helo_CM,588
473,946.0,30.28880363879854,MASP2_Helo_CM,588
474,948.0,30.344939195052444,MASP2_Helo_CM,588
475,950.0,30.54596331591426,MASP2_Helo_CM,588
476,952.0,29.568921335522965,MASP2_Helo_CM,588
477,954.0,28.87517661562278,MASP2_Helo_CM,588
478,956.0,29.449029574410027,MASP2_Helo_CM,588
479,958.0,28.141206458772082,MASP2_Helo_CM,588
480,960.0,27.010913871513573,MASP2_Helo_CM,588
481,962.0,25.866191069118777,MASP2_Helo_CM,588
482,964.0,27.119816904700937,MASP2_Helo_CM,588
483,966.0,26.458664549474854,MASP2_Helo_CM,588
484,968.0,27.628044051605357,MASP2_Helo_CM,588
485,970.0,27.985165330718356,MASP2_Helo_CM,588
486,972.0,27.372306033478672,MASP2_Helo_CM,588
487,974.0,27.14663061810091,MASP2_Helo_CM,588
488,976.0,28.269945522887713,MASP2_Helo_CM,588
489,978.0,28.006187304375448,MASP2_Helo_CM,588
490,980.0,26.648523122570342,MASP2_Helo_CM,588
491,982.0,27.822776288346105,MASP2_Helo_CM,588
492,984.0,28.845532443089454,MASP2_Helo_CM,588
493,986.0,28.496723626046474,MASP2_Helo_CM,588
494,988.0,27.228334677160962,MASP2_Helo_CM,588
495,990.0,25.898946785492377,MASP2_Helo_CM,588
496,992.0,30.513847223734366,MASP2_Helo_CM,588
497,994.0,30.825625341037128,MASP2_Helo_CM,588
498,996.0,30.298577529433224,MASP2_Helo_CM,588
499,998.0,31.211216438876207,MASP2_Helo_CM,588
500,1000.0,34.44616890403295,MASP2_Helo_CM,588
501,1002.0,34.67986278977776,MASP2_Helo_CM,588
502,1004.0,33.86930243297573,MASP2_Helo_CM,588
503,1006.0,31.537209532157455,MASP2_Helo_CM,588
504,1008.0,32.81863608499932,MASP2_Helo_CM,588
505,1010.0,34.089464107513734,MASP2_Helo_CM,588
506,1012.0,31.835178483261668,MASP2_Helo_CM,588
507,1014.0,31.245895137562158,MASP2_Helo_CM,588
508,1016.0,30.512340309707135,MASP2_Helo_CM,588
509,1018.0,30.689852432344317,MASP2_Helo_CM,588
510,1020.0,31.488816026719306,MASP2_Helo_CM,588
511,1022.0,31.05963128973016,MASP2_Helo_CM,588
512,1024.0,31.263575882436147,MASP2_Helo_CM,588
513,1026.0,29.55402785856023,MASP2_Helo_CM,588
514,1028.0,25.612227423841816,MASP2_Helo_CM,588
515,1030.0,25.369654716002024,MASP2_Helo_CM,588
516,1032.0,26.141013703935517,MASP2_Helo_CM,588
517,1034.0,27.267951049170556,MASP2_Helo_CM,588
518,1036.0,29.79726896656318,MASP2_Helo_CM,588
519,1038.0,27.398031613745083,MASP2_Helo_CM,588
520,1040.0,24.35541616116884,MASP2_Helo_CM,588
521,1042.0,23.163393723296515,MASP2_Helo_CM,588
522,1044.0,24.021668383002883,MASP2_Helo_CM,588
523,1046.0,23.703308704456852,MASP2_Helo_CM,588
524,1048.0,21.53325513553542,MASP2_Helo_CM,588
525,1050.0,23.318808708871295,MASP2_Helo_CM,588
526,1052.0,22.87974262479142,MASP2_Helo_CM,588
527,1054.0,18.305636481457164,MASP2_Helo_CM,588
528,1056.0,17.058764397902717,MASP2_Helo_CM,588
529,1058.0,16.127364718895258,MASP2_Helo_CM,588
530,1060.0,16.165813070967133,MASP2_Helo_CM,588
531,1062.0,15.24957876447584,MASP2_Helo_CM,588
532,1064.0,15.329254671859793,MASP2_Helo_CM,588
533,1066.0,14.810923535981056,MASP2_Helo_CM,588
534,1068.0,16.587403867580246,MASP2_Helo_CM,588
535,1070.0,17.740997965752964,MASP2_Helo_CM,588
536,1072.0,16.746983127449177,MASP2_Helo_CM,588
537,1074.0,18.340977603265586,MASP2_Helo_CM,588
538,1076.0,17.160024713585333,MASP2_Helo_CM,588
539,1078.0,16.67183334151253,MASP2_Helo_CM,588
540,1080.0,19.11935140313918,MASP2_Helo_CM,588
541,1082.0,21.48341693187777,MASP2_Helo_CM,588
542,1084.0,20.344745970184537,MASP2_Helo_CM,588
543,1086.0,19.462909124865977,MASP2_Helo_CM,588
544,1088.0,24.33227275202938,MASP2_Helo_CM,588
545,1090.0,26.480762351807474,MASP2_Helo_CM,588
546,1092.0,28.741218826557766,MASP2_Helo_CM,588
547,1094.0,27.539355923878013,MASP2_Helo_CM,588
548,1096.0,27.417348087304713,MASP2_Helo_CM,588
549,1098.0,28.670577112672113,MASP2_Helo_CM,588
550,1100.0,29.720257573686958,MASP2_Helo_CM,588
551,1102.0,28.807668528645316,MASP2_Helo_CM,588
552,1104.0,25.45195912793889,MASP2_Helo_CM,588
553,1106.0,25.883334366562153,MASP2_Helo_CM,588
554,1108.0,23.07438710112848,MASP2_Helo_CM,588
555,1110.0,24.2780414975391,MASP2_Helo_CM,588
556,1112.0,21.71932343887365,MASP2_Helo_CM,588
557,1114.0,21.399668523466307,MASP2_Helo_CM,588
558,1116.0,21.513206911105915,MASP2_Helo_CM,588
559,1118.0,19.709681182953158,MASP2_Helo_CM,588
560,1120.0,21.3237831814184,MASP2_Helo_CM,588
561,1122.0,21.93274864676523,MASP2_Helo_CM,588
562,1124.0,21.547674758168842,MASP2_Helo_CM,588
563,1126.0,19.40053675680831,MASP2_Helo_CM,588
564,1128.0,18.64584491270638,MASP2_Helo_CM,588
565,1130.0,20.527812736609825,MASP2_Helo_CM,588
566,1132.0,20.673764983389397,MASP2_Helo_CM,588
567,1134.0,21.238596075041045,MASP2_Helo_CM,588
568,1136.0,18.45706580213967,MASP2_Helo_CM,588
569,1138.0,19.785123725288177,MASP2_Helo_CM,588
570,1140.0,18.09633427604934,MASP2_Helo_CM,588
571,1142.0,16.623318781930568,MASP2_Helo_CM,588
572,1144.0,19.40043539593905,MASP2_Helo_CM,588
573,1146.0,20.608562965356576,MASP2_Helo_CM,588
574,1148.0,18.888922745817414,MASP2_Helo_CM,588
575,1150.0,18.780950957522855,MASP2_Helo_CM,588
576,1152.0,20.434264578224173,MASP2_Helo_CM,588
577,1154.0,22.052849714721116,MASP2_Helo_CM,588
578,1156.0,20.33992717758188,MASP2_Helo_CM,588
579,1158.0,24.090209139347717,MASP2_Helo_CM,588
580,1160.0,26.752929842797574,MASP2_Helo_CM,588
581,1162.0,25.576412904622362,MASP2_Helo_CM,588
582,1164.0,26.58879417847124,MASP2_Helo_CM,588
583,1166.0,28.495494459283396,MASP2_Helo_CM,588
584,1168.0,31.02478244764096,MASP2_Helo_CM,588
585,1170.0,24.371519513523626,MASP2_Helo_CM,588
586,1172.0,28.836985428873213,MASP2_Helo_CM,588
587,1174.0,29.847123331344683,MASP2_Helo_CM,588
588,1176.0,30.450427384629588,MASP2_Helo_CM,588
589,1178.0,29.55449839548768,MASP2_Helo_CM,588
590,1180.0,27.53689028782658,MASP2_Helo_CM,588
591,1182.0,26.20148211857138,MASP2_Helo_CM,588
592,1184.0,23.421223067839946,MASP2_Helo_CM,588
593,1186.0,24.585668592782365,MASP2_Helo_CM,588
594,1188.0,23.05476249689024,MASP2_Helo_CM,588
595,1190.0,22.881795639690598,MASP2_Helo_CM,588
596,1192.0,22.4098488224681,MASP2_Helo_CM,588
597,1194.0,24.286673500307984,MASP2_Helo_CM,588
598,1196.0,25.037846564472463,MASP2_Helo_CM,588
599,1198.0,24.472894508820765,MASP2_Helo_CM,588
600,1200.0,24.38492440894358,MASP2_Helo_CM,588
601,1202.0,25.727433026240362,MASP2_Helo_CM,588
602,1204.0,28.41815776404405,MASP2_Helo_CM,588
603,1206.0,29.2093838648252,MASP2_Helo_CM,588
604,1208.0,28.274784462798905,MASP2_Helo_CM,588
605,1210.0,28.87806387596448,MASP2_Helo_CM,588
606,1212.0,31.370933168663385,MASP2_Helo_CM,588
607,1214.0,32.48574843591801,MASP2_Helo_CM,588
608,1216.0,32.66642895958712,MASP2_Helo_CM,588
609,1218.0,32.66944608508842,MASP2_Helo_CM,588
610,1220.0,31.90694374478308,MASP2_Helo_CM,588
611,1222.0,30.997139196529044,MASP2_Helo_CM,588
612,1224.0,32.550774465955236,MASP2_Helo_CM,588
613,1226.0,33.89494885608057,MASP2_Helo_CM,588
614,1228.0,32.4678049670788,MASP2_Helo_CM,588
615,1230.0,31.27537814955588,MASP2_Helo_CM,588
616,1232.0,30.629809288417796,MASP2_Helo_CM,588
617,1234.0,28.962248608880177,MASP2_Helo_CM,588
618,1236.0,30.34656771440399,MASP2_Helo_CM,588
619,1238.0,30.043740166933247,MASP2_Helo_CM,588
620,1240.0,29.583806369688745,MASP2_Helo_CM,588
621,1242.0,28.521131827895125,MASP2_Helo_CM,588
622,1244.0,26.634554774312072,MASP2_Helo_CM,588
623,1246.0,27.3534757310511,MASP2_Helo_CM,588
624,1248.0,27.676239354413998,MASP2_Helo_CM,588
625,1250.0,29.782973733242844,MASP2_Helo_CM,588
626,1252.0,29.527953587967385,MASP2_Helo_CM,588
627,1254.0,29.669747984646587,MASP2_Helo_CM,588
628,1256.0,29.716297769402445,MASP2_Helo_CM,588
629,1258.0,27.996435083579506,MASP2_Helo_CM,588
630,1260.0,26.812057911115083,MASP2_Helo_CM,588
631,1262.0,26.70327081882448,MASP2_Helo_CM,588
632,1264.0,27.496723605597904,MASP2_Helo_CM,588
633,1266.0,27.99281695133031,MASP2_Helo_CM,588
634,1268.0,26.19006395430682,MASP2_Helo_CM,588
635,1270.0,25.91319429741453,MASP2_Helo_CM,588
636,1272.0,25.750474242802625,MASP2_Helo_CM,588
637,1274.0,24.298336547324322,MASP2_Helo_CM,588
638,1276.0,25.02853429079912,MASP2_Helo_CM,588
639,1278.0,23.196653313108648,MASP2_Helo_CM,588
640,1280.0,25.24786133613356,MASP2_Helo_CM,588
641,1282.0,25.93847303418653,MASP2_Helo_CM,588
642,1284.0,28.42537285587867,MASP2_Helo_CM,588
643,1286.0,27.6559387992593,MASP2_Helo_CM,588
644,1288.0,30.679979536469858,MASP2_Helo_CM,588
645,1290.0,28.93461991954809,MASP2_Helo_CM,588
646,1292.0,28.880407010415542,MASP2_Helo_CM,588
647,1294.0,31.150979541998638,MASP2_Helo_CM,588
648,1296.0,30.275279967665412,MASP2_Helo_CM,588
649,1298.0,30.46867362042378,MASP2_Helo_CM,588
650,1300.0,28.81547657635871,MASP2_Helo_CM,588
651,1302.0,28.084300382876368,MASP2_Helo_CM,588
652,1304.0,25.31675475446469,MASP2_Helo_CM,588
653,1306.0,23.637190552342762,MASP2_Helo_CM,588
654,1308.0,22.688814616910445,MASP2_Helo_CM,588
655,1310.0,22.65055430893951,MASP2_Helo_CM,588
656,1312.0,24.30154224628471,MASP2_Helo_CM,588
657,1314.0,25.135476231798442,MASP2_Helo_CM,588
658,1316.0,25.575227552491395,MASP2_Helo_CM,588
659,1318.0,27.128054598324553,MASP2_Helo_CM,588
660,1320.0,25.691732618972484,MASP2_Helo_CM,588
661,1322.0,27.728560695973655,MASP2_Helo_CM,588
662,1324.0,28.353062516005554,MASP2_Helo_CM,588
663,1326.0,28.413452114461204,MASP2_Helo_CM,588
664,1328.0,24.59421891477983,MASP2_Helo_CM,588
665,1330.0,25.74619016488735,MASP2_Helo_CM,588
666,1332.0,26.373768242011185,MASP2_Helo_CM,588
667,1334.0,25.959266701104738,MASP2_Helo_CM,588
668,1336.0,26.50734849027694,MASP2_Helo_CM,588
669,1338.0,23.89138645976945,MASP2_Helo_CM,588
670,1340.0,25.366341896251424,MASP2_Helo_CM,588
671,1342.0,22.560271084873037,MASP2_Helo_CM,588
672,1344.0,19.72207449877189,MASP2_Helo_CM,588
673,1346.0,18.095739326094314,MASP2_Helo_CM,588
674,1348.0,17.00538383451453,MASP2_Helo_CM,588
675,1350.0,15.626893231280524,MASP2_Helo_CM,588
676,1352.0,16.189310994983185,MASP2_Helo_CM,588
677,1354.0,15.915464996618239,MASP2_Helo_CM,588
678,1356.0,16.842093118915894,MASP2_Helo_CM,588
679,1358.0,16.87553524192601,MASP2_Helo_CM,588
680,1360.0,16.92955678931684,MASP2_Helo_CM,588
681,1362.0,15.667738623719439,MASP2_Helo_CM,588
682,1364.0,17.371613012548092,MASP2_Helo_CM,588
683,1366.0,17.34507777445743,MASP2_Helo_CM,588
684,1368.0,18.78636032042216,MASP2_Helo_CM,588
685,1370.0,18.458819105549,MASP2_Helo_CM,588
686,1372.0,18.67467763731845,MASP2_Helo_CM,588
687,1374.0,20.746925619501013,MASP2_Helo_CM,588
688,1376.0,19.128415045494815,MASP2_Helo_CM,588
689,1378.0,19.683076537478627,MASP2_Helo_CM,588
690,1380.0,19.700340925542662,MASP2_Helo_CM,588
691,1382.0,17.96773664961245,MASP2_Helo_CM,588
692,1384.0,18.658172186297996,MASP2_Helo_CM,588
693,1386.0,18.637688698088667,MASP2_Helo_CM,588
694,1388.0,16.008985287403792,MASP2_Helo_CM,588
695,1390.0,16.309144453712527,MASP2_Helo_CM,588
696,1392.0,16.482057872227692,MASP2_Helo_CM,588
697,1394.0,16.761576487782445,MASP2_Helo_CM,588
698,1396.0,16.500308741811985,MASP2_Helo_CM,588
699,1398.0,15.214688679170921,MASP2_Helo_CM,588
700,1400.0,15.364102387066003,MASP2_Helo_CM,588
701,1402.0,16.098247927028385,MASP2_Helo_CM,588
702,1404.0,17.270674019062692,MASP2_Helo_CM,588
703,1406.0,15.243751211519601,MASP2_Helo_CM,588
704,1408.0,19.771094172847867,MASP2_Helo_CM,588
705,1410.0,18.06232131732916,MASP2_Helo_CM,588
706,1412.0,22.752572016762443,MASP2_Helo_CM,588
707,1414.0,22.187932754234236,MASP2_Helo_CM,588
708,1416.0,21.868801069268024,MASP2_Helo_CM,588
709,1418.0,21.46848325673089,MASP2_Helo_CM,588
710,1420.0,19.26185855452448,MASP2_Helo_CM,588
711,1422.0,18.756366310494492,MASP2_Helo_CM,588
712,1424.0,18.680263336861334,MASP2_Helo_CM,588
713,1426.0,19.585311865625975,MASP2_Helo_CM,588
714,1428.0,19.85098097059466,MASP2_Helo_CM,588
715,1430.0,22.523611104007767,MASP2_Helo_CM,588
716,1432.0,23.997157884319847,MASP2_Helo_CM,588
717,1434.0,24.57010967131881,MASP2_Helo_CM,588
718,1436.0,21.561756041706033,MASP2_Helo_CM,588
719,1438.0,20.714623666821762,MASP2_Helo_CM,588
720,1440.0,17.66945518651311,MASP2_Helo_CM,588
721,1442.0,17.682258189839317,MASP2_Helo_CM,588
722,1444.0,19.98968291020785,MASP2_Helo_CM,588
723,1446.0,17.123727259017596,MASP2_Helo_CM,588
724,1448.0,16.55524486863466,MASP2_Helo_CM,588
725,1450.0,15.515988914793967,MASP2_Helo_CM,588
726,1452.0,18.46304382635226,MASP2_Helo_CM,588
727,1454.0,18.6079439406547,MASP2_Helo_CM,588
728,1456.0,15.406478734748507,MASP2_Helo_CM,588
729,1458.0,18.42662911904627,MASP2_Helo_CM,588
730,1460.0,21.03236875694092,MASP2_Helo_CM,588
731,1462.0,21.01412152707315,MASP2_Helo_CM,588
732,1464.0,20.00530963519375,MASP2_Helo_CM,588
733,1466.0,23.934992751754137,MASP2_Helo_CM,588
734,1468.0,20.487640213804074,MASP2_Helo_CM,588
735,1470.0,20.826996095711213,MASP2_Helo_CM,588
736,1472.0,21.2503759897553,MASP2_Helo_CM,588
737,1474.0,21.154365610510663,MASP2_Helo_CM,588
738,1476.0,23.310766766691806,MASP2_Helo_CM,588
739,1478.0,19.61569596076475,MASP2_Helo_CM,588
740,1480.0,23.79967674012032,MASP2_Helo_CM,588
741,1482.0,19.750777115545315,MASP2_Helo_CM,588
742,1484.0,20.264137563425624,MASP2_Helo_CM,588
743,1486.0,22.00724668574414,MASP2_Helo_CM,588
744,1488.0,20.893895255604455,MASP2_Helo_CM,588
745,1490.0,19.67452187904215,MASP2_Helo_CM,588
746,1492.0,19.968101371407347,MASP2_Helo_CM,588
747,1494.0,20.49327862078339,MASP2_Helo_CM,588
748,1496.0,24.292690767576943,MASP2_Helo_CM,588
749,1498.0,24.364309931082808,MASP2_Helo_CM,588
750,1500.0,24.36562000962949,MASP2_Helo_CM,588
751,1502.0,21.17723812519935,MASP2_Helo_CM,588
752,1504.0,24.53728689446889,MASP2_Helo_CM,588
753,1506.0,20.56073929308588,MASP2_Helo_CM,588
754,1508.0,21.194208700225158,MASP2_Helo_CM,588
755,1510.0,22.067113778063124,MASP2_Helo_CM,588
756,1512.0,19.874106654900686,MASP2_Helo_CM,588
757,1514.0,19.592262955287755,MASP2_Helo_CM,588
758,1516.0,20.654664751209435,MASP2_Helo_CM,588
759,1518.0,16.74971959786385,MASP2_Helo_CM,588
760,1520.0,19.000233925467853,MASP2_Helo_CM,588
761,1522.0,19.49431293878755,MASP2_Helo_CM,588
762,1524.0,17.81356390965774,MASP2_Helo_CM,588
763,1526.0,16.38558536217717,MASP2_Helo_CM,588
764,1528.0,16.105328738707826,MASP2_Helo_CM,588
765,1530.0,12.381343262014843,MASP2_Helo_CM,588
766,1532.0,14.336100146785016,MASP2_Helo_CM,588
767,1534.0,10.941978826077634,MASP2_Helo_CM,588
768,1536.0,14.33686373874072,MASP2_Helo_CM,588
769,1538.0,9.88654628347348,MASP2_Helo_CM,588
770,1540.0,9.3166252209367,MASP2_Helo_CM,588
771,1542.0,10.904738226657145,MASP2_Helo_CM,588
772,1544.0,10.678483854517921,MASP2_Helo_CM,588
773,1546.0,12.043881193851588,MASP2_Helo_CM,588
774,1548.0,10.676692446057347,MASP2_Helo_CM,588
775,1550.0,10.702722369717176,MASP2_Helo_CM,588
776,1552.0,10.826434205132399,MASP2_Helo_CM,588
777,1554.0,10.682031745603197,MASP2_Helo_CM,588
778,1556.0,10.38398917521104,MASP2_Helo_CM,588
779,1558.0,10.428787116415887,MASP2_Helo_CM,588
780,1560.0,11.62242632533847,MASP2_Helo_CM,588
781,1562.0,10.46656428405166,MASP2_Helo_CM,588
782,1564.0,9.952789148235405,MASP2_Helo_CM,588
783,1566.0,12.838044653441038,MASP2_Helo_CM,588
784,1568.0,12.352891832371203,MASP2_Helo_CM,588
785,1570.0,11.676399344088098,MASP2_Helo_CM,588
786,1572.0,11.347742906158148,MASP2_Helo_CM,588
787,1574.0,9.746047075863439,MASP2_Helo_CM,588
788,1576.0,10.807789811871798,MASP2_Helo_CM,588
789,1578.0,10.568590696047497,MASP2_Helo_CM,588
790,1580.0,10.789216479576547,MASP2_Helo_CM,588
791,1582.0,10.920480696217318,MASP2_Helo_CM,588
792,1584.0,10.822661837246331,MASP2_Helo_CM,588
793,1586.0,10.102700552947553,MASP2_Helo_CM,588
794,1588.0,9.833468280178156,MASP2_Helo_CM,588
795,1590.0,9.69412539046041,MASP2_Helo_CM,588
796,1592.0,13.9166891456552,MASP2_Helo_CM,588
797,1594.0,16.04359853314391,MASP2_Helo_CM,588
798,1596.0,14.773678966923097,MASP2_Helo_CM,588
799,1598.0,14.464139191861616,MASP2_Helo_CM,588
800,1600.0,12.451842333956499,MASP2_Helo_CM,588
801,1602.0,14.958264087754984,MASP2_Helo_CM,588
802,1604.0,17.17418456082296,MASP2_Helo_CM,588
803,1606.0,19.010023581593412,MASP2_Helo_CM,588
804,1608.0,18.358834914940857,MASP2_Helo_CM,588
805,1610.0,16.343660703555805,MASP2_Helo_CM,588
806,1612.0,17.718782806207695,MASP2_Helo_CM,588
807,1614.0,19.463574676323283,MASP2_Helo_CM,588
808,1616.0,17.539317015777,MASP2_Helo_CM,588
809,1618.0,17.809405565714382,MASP2_Helo_CM,588
810,1620.0,18.620822864410876,MASP2_Helo_CM,588
811,1622.0,19.62992593190753,MASP2_Helo_CM,588
812,1624.0,16.172307868747698,MASP2_Helo_CM,588
813,1626.0,16.95123150788376,MASP2_Helo_CM,588
814,1628.0,16.466301536587654,MASP2_Helo_CM,588
815,1630.0,15.205491939841007,MASP2_Helo_CM,588
816,1632.0,15.75267580206866,MASP2_Helo_CM,588
817,1634.0,15.119309218514632,MASP2_Helo_CM,588
818,1636.0,16.48472830874973,MASP2_Helo_CM,588
819,1638.0,16.360382370817195,MASP2_Helo_CM,588
820,1640.0,14.531546313640568,MASP2_Helo_CM,588
821,1642.0,18.009538225465644,MASP2_Helo_CM,588
822,1644.0,15.635407631332953,MASP2_Helo_CM,588
823,1646.0,17.450828193864275,MASP2_Helo_CM,588
824,1648.0,18.65755789995023,MASP2_Helo_CM,588
825,1650.0,17.48621671421768,MASP2_Helo_CM,588
826,1652.0,15.547154346141106,MASP2_Helo_CM,588
827,1654.0,17.349659816590602,MASP2_Helo_CM,588
828,1656.0,15.765501934627151,MASP2_Helo_CM,588
829,1658.0,16.432657898058306,MASP2_Helo_CM,588
830,1660.0,19.08148989589248,MASP2_Helo_CM,588
831,1662.0,17.660675942255082,MASP2_Helo_CM,588
832,1664.0,20.33285955238905,MASP2_Helo_CM,588
833,1666.0,19.88497185165955,MASP2_Helo_CM,588
834,1668.0,21.18227490323964,MASP2_Helo_CM,588
835,1670.0,18.959431533401585,MASP2_Helo_CM,588
836,1672.0,17.315835279498625,MASP2_Helo_CM,588
837,1674.0,18.55192400816876,MASP2_Helo_CM,588
838,1676.0,16.32074552631137,MASP2_Helo_CM,588
839,1678.0,17.302149825465374,MASP2_Helo_CM,588
840,1680.0,14.123790613378565,MASP2_Helo_CM,588
841,1682.0,13.923720166863651,MASP2_Helo_CM,588
842,1684.0,14.763415218490634,MASP2_Helo_CM,588
843,1686.0,12.511025004075709,MASP2_Helo_CM,588
844,1688.0,12.161853076198987,MASP2_Helo_CM,588
845,1690.0,15.058417946922772,MASP2_Helo_CM,588
846,1692.0,11.92940013040515,MASP2_Helo_CM,588
847,1694.0,13.434229574657824,MASP2_Helo_CM,588
848,1696.0,13.295856002056954,MASP2_Helo_CM,588
849,1698.0,12.75686685617207,MASP2_Helo_CM,588
850,1700.0,12.517732278317292,MASP2_Helo_CM,588
851,1702.0,13.298877012502043,MASP2_Helo_CM,588
852,1704.0,13.670555250070404,MASP2_Helo_CM,588
853,1706.0,12.48130412595637,MASP2_Helo_CM,588
854,1708.0,12.524513297638093,MASP2_Helo_CM,588
855,1710.0,13.73581961478764,MASP2_Helo_CM,588
856,1712.0,13.832711810860518,MASP2_Helo_CM,588
857,1714.0,13.583750092549309,MASP2_Helo_CM,588
858,1716.0,12.655761293796296,MASP2_Helo_CM,588
859,1718.0,11.416687938532466,MASP2_Helo_CM,588
860,1720.0,11.466021971176904,MASP2_Helo_CM,588
861,1722.0,10.133665916134142,MASP2_Helo_CM,588
862,1724.0,10.602641514646333,MASP2_Helo_CM,588
863,1726.0,11.766023871302929,MASP2_Helo_CM,588
864,1728.0,10.751024827839666,MASP2_Helo_CM,588
865,1730.0,12.085095111919298,MASP2_Helo_CM,588
866,1732.0,13.231554186988086,MASP2_Helo_CM,588
867,1734.0,13.183592408526843,MASP2_Helo_CM,588
868,1736.0,13.868741982954742,MASP2_Helo_CM,588
869,1738.0,14.943716214483194,MASP2_Helo_CM,588
870,1740.0,15.989964286717514,MASP2_Helo_CM,588
871,1742.0,17.04492108994427,MASP2_Helo_CM,588
872,1744.0,19.587277778614588,MASP2_Helo_CM,588
873,1746.0,17.542667464333327,MASP2_Helo_CM,588
874,1748.0,17.23468616140453,MASP2_Helo_CM,588
875,1750.0,19.606192691739647,MASP2_Helo_CM,588
876,1752.0,16.71096674604552,MASP2_Helo_CM,588
877,1754.0,16.1305023141642,MASP2_Helo_CM,588
878,1756.0,17.94020494653819,MASP2_Helo_CM,588
879,1758.0,17.822197520433168,MASP2_Helo_CM,588
880,1760.0,14.744231892656565,MASP2_Helo_CM,588
881,1762.0,16.792183171807352,MASP2_Helo_CM,588
882,1764.0,19.51363703447302,MASP2_Helo_CM,588
883,1766.0,20.209258473359196,MASP2_Helo_CM,588
884,1768.0,17.34519337055565,MASP2_Helo_CM,588
885,1770.0,15.243903388908764,MASP2_Helo_CM,588
886,1772.0,16.112592937717597,MASP2_Helo_CM,588
887,1774.0,14.051524952750553,MASP2_Helo_CM,588
888,1776.0,12.847040376933354,MASP2_Helo_CM,588
889,1778.0,13.431813506186275,MASP2_Helo_CM,588
890,1780.0,14.630255990198346,MASP2_Helo_CM,588
891,1782.0,12.63763422029392,MASP2_Helo_CM,588
892,1784.0,12.800420839489286,MASP2_Helo_CM,588
893,1786.0,11.340278989462936,MASP2_Helo_CM,588
894,1788.0,10.821400965407209,MASP2_Helo_CM,588
895,1790.0,11.259120796228864,MASP2_Helo_CM,588
896,1792.0,11.828959252724813,MASP2_Helo_CM,588
897,1794.0,10.882851214055147,MASP2_Helo_CM,588
898,1796.0,11.216061368334517,MASP2_Helo_CM,588
899,1798.0,11.391060943647533,MASP2_Helo_CM,588
900,1800.0,12.091703634744897,MASP2_Helo_CM,588
901,1802.0,14.664872949841635,MASP2_Helo_CM,588
902,1804.0,13.38374785680872,MASP2_Helo_CM,588
903,1806.0,12.1948995497408,MASP2_Helo_CM,588
904,1808.0,14.997607506087657,MASP2_Helo_CM,588
905,1810.0,15.662998222499796,MASP2_Helo_CM,588
906,1812.0,15.423098657472472,MASP2_Helo_CM,588
907,1814.0,12.441416061046295,MASP2_Helo_CM,588
908,1816.0,12.339226217940936,MASP2_Helo_CM,588
909,1818.0,15.984836740565557,MASP2_Helo_CM,588
910,1820.0,18.446335065075797,MASP2_Helo_CM,588
911,1822.0,17.502869348538244,MASP2_Helo_CM,588
912,1824.0,19.177514029083618,MASP2_Helo_CM,588
913,1826.0,22.671686628802405,MASP2_Helo_CM,588
914,1828.0,18.691879988984155,MASP2_Helo_CM,588
915,1830.0,18.12191568185907,MASP2_Helo_CM,588
916,1832.0,19.371694450844174,MASP2_Helo_CM,588
917,1834.0,19.348926704476867,MASP2_Helo_CM,588
918,1836.0,21.352382546247426,MASP2_Helo_CM,588
919,1838.0,15.613660132282147,MASP2_Helo_CM,588
920,1840.0,17.619783865836013,MASP2_Helo_CM,588
921,1842.0,18.138689174583888,MASP2_Helo_CM,588
922,1844.0,14.370097300167236,MASP2_Helo_CM,588
923,1846.0,17.48560156678881,MASP2_Helo_CM,588
924,1848.0,18.87058409171476,MASP2_Helo_CM,588
925,1850.0,19.32053118175237,MASP2_Helo_CM,588
926,1852.0,21.632820969304138,MASP2_Helo_CM,588
927,1854.0,19.395803166816663,MASP2_Helo_CM,588
928,1856.0,15.60166561232014,MASP2_Helo_CM,588
929,1858.0,18.697551781726524,MASP2_Helo_CM,588
930,1860.0,17.747160273717245,MASP2_Helo_CM,588
931,1862.0,15.144935946346184,MASP2_Helo_CM,588
932,1864.0,15.623483577292307,MASP2_Helo_CM,588
933,1866.0,16.886545584960245,MASP2_Helo_CM,588
934,1868.0,16.150800516296943,MASP2_Helo_CM,588
935,1870.0,17.871122779200178,MASP2_Helo_CM,588
936,1872.0,17.996606182314004,MASP2_Helo_CM,588
937,1874.0,16.643136291780753,MASP2_Helo_CM,588
938,1876.0,14.908052558835655,MASP2_Helo_CM,588
939,1878.0,13.168633649526814,MASP2_Helo_CM,588
940,1880.0,13.834422024091356,MASP2_Helo_CM,588
941,1882.0,14.177638812709072,MASP2_Helo_CM,588
942,1884.0,14.169591751173064,MASP2_Helo_CM,588
943,1886.0,14.900041303862514,MASP2_Helo_CM,588
944,1888.0,11.965604351469686,MASP2_Helo_CM,588
945,1890.0,11.909181137223445,MASP2_Helo_CM,588
946,1892.0,12.610965974561351,MASP2_Helo_CM,588
947,1894.0,11.771696790649832,MASP2_Helo_CM,588
948,1896.0,11.776312352306274,MASP2_Helo_CM,588
949,1898.0,12.759382266797122,MASP2_Helo_CM,588
950,1900.0,12.865202398227941,MASP2_Helo_CM,588
951,1902.0,12.744948808359654,MASP2_Helo_CM,588
952,1904.0,13.897646262674163,MASP2_Helo_CM,588
953,1906.0,12.448152776049058,MASP2_Helo_CM,588
954,1908.0,14.314166563159764,MASP2_Helo_CM,588
955,1910.0,13.17807911854834,MASP2_Helo_CM,588
956,1912.0,12.329858541542782,MASP2_Helo_CM,588
957,1914.0,12.078176738629201,MASP2_Helo_CM,588
958,1916.0,12.07252598715802,MASP2_Helo_CM,588
959,1918.0,11.908558663456782,MASP2_Helo_CM,588
960,1920.0,14.740283461391764,MASP2_Helo_CM,588
961,1922.0,12.988014541185892,MASP2_Helo_CM,588
962,1924.0,13.483221905523228,MASP2_Helo_CM,588
963,1926.0,13.567689293665401,MASP2_Helo_CM,588
964,1928.0,12.648731011430705,MASP2_Helo_CM,588
965,1930.0,14.808666064235975,MASP2_Helo_CM,588
966,1932.0,13.598664009258352,MASP2_Helo_CM,588
967,1934.0,13.434910171323693,MASP2_Helo_CM,588
968,1936.0,14.642872098852019,MASP2_Helo_CM,588
969,1938.0,12.550062793075652,MASP2_Helo_CM,588
970,1940.0,13.063207269304947,MASP2_Helo_CM,588
971,1942.0,12.958556653102775,MASP2_Helo_CM,588
972,1944.0,16.04105439712628,MASP2_Helo_CM,588
973,1946.0,13.18131493218602,MASP2_Helo_CM,588
974,1948.0,14.617413750618288,MASP2_Helo_CM,588
975,1950.0,13.948748357563463,MASP2_Helo_CM,588
976,1952.0,13.462618400171367,MASP2_Helo_CM,588
977,1954.0,13.881563261955387,MASP2_Helo_CM,588
978,1956.0,12.434314644013375,MASP2_Helo_CM,588
979,1958.0,10.12000132218603,MASP2_Helo_CM,588
980,1960.0,8.948776461511397,MASP2_Helo_CM,588
981,1962.0,10.079891375331002,MASP2_Helo_CM,588
982,1964.0,8.506976023477037,MASP2_Helo_CM,588
983,1966.0,9.306572842724684,MASP2_Helo_CM,588
984,1968.0,10.220528830614084,MASP2_Helo_CM,588
985,1970.0,8.86937228193017,MASP2_Helo_CM,588
986,1972.0,7.184395246812215,MASP2_Helo_CM,588
987,1974.0,5.811935068339787,MASP2_Helo_CM,588
988,1976.0,5.414833012924945,MASP2_Helo_CM,588
989,1978.0,5.002637859447224,MASP2_Helo_CM,588
990,1980.0,5.247356912189065,MASP2_Helo_CM,588
991,1982.0,4.5384525203987325,MASP2_Helo_CM,588
992,1984.0,4.030649449668577,MASP2_Helo_CM,588
993,1986.0,4.105769914604695,MASP2_Helo_CM,588
994,1988.0,4.201115362007427,MASP2_Helo_CM,588
995,1990.0,4.592958025040731,MASP2_Helo_CM,588
996,1992.0,4.603462334699963,MASP2_Helo_CM,588
997,1994.0,4.780677628006576,MASP2_Helo_CM,588
998,1996.0,4.511972175439532,MASP2_Helo_CM,588
999,1998.0,5.611906297448575,MASP2_Helo_CM,588
1000,2000.0,5.658329342300259,MASP2_Helo_CM,588
1001,2002.0,6.0611081416958665,MASP2_Helo_CM,588
1002,2004.0,6.00491508067208,MASP2_Helo_CM,588
1003,2006.0,6.571042581033555,MASP2_Helo_CM,588
1004,2008.0,6.992156232908676,MASP2_Helo_CM,588
1005,2010.0,7.362361872472874,MASP2_Helo_CM,588
1006,2012.0,6.827386043631798,MASP2_Helo_CM,588
1007,2014.0,6.945152278113848,MASP2_Helo_CM,588
1008,2016.0,6.817303158148022,MASP2_Helo_CM,588
1009,2018.0,6.5795639026353765,MASP2_Helo_CM,588
1010,2020.0,5.6202472655357525,MASP2_Helo_CM,588
1011,2022.0,5.436175383736208,MASP2_Helo_CM,588
1012,2024.0,5.276703103543681,MASP2_Helo_CM,588
1013,2026.0,5.105935321153474,MASP2_Helo_CM,588
1014,2028.0,5.0273886262254806,MASP2_Helo_CM,588
1015,2030.0,4.717240485338628,MASP2_Helo_CM,588
1016,2032.0,4.554296358528655,MASP2_Helo_CM,588
1017,2034.0,4.947715495421834,MASP2_Helo_CM,588
1018,2036.0,4.031088803385351,MASP2_Helo_CM,588
1019,2038.0,4.787203160951132,MASP2_Helo_CM,588
1020,2040.0,4.364903265642879,MASP2_Helo_CM,588
1021,2042.0,3.7046249328298844,MASP2_Helo_CM,588
1022,2044.0,4.105302777240333,MASP2_Helo_CM,588
1023,2046.0,5.021132798352195,MASP2_Helo_CM,588
1024,2048.0,4.7511725681041455,MASP2_Helo_CM,588
1025,2050.0,4.806634834263336,MASP2_Helo_CM,588
1026,2052.0,5.460307635438929,MASP2_Helo_CM,588
1027,2054.0,5.732100520511039,MASP2_Helo_CM,588
1028,2056.0,5.589259882674833,MASP2_Helo_CM,588
1029,2058.0,5.5486394905536445,MASP2_Helo_CM,588
1030,2060.0,5.4183577508595935,MASP2_Helo_CM,588
1031,2062.0,5.670049458444872,MASP2_Helo_CM,588
1032,2064.0,5.483675748153799,MASP2_Helo_CM,588
1033,2066.0,5.57314529028477,MASP2_Helo_CM,588
1034,2068.0,5.165409664787222,MASP2_Helo_CM,588
1035,2070.0,5.433441894411723,MASP2_Helo_CM,588
1036,2072.0,5.64910042055999,MASP2_Helo_CM,588
1037,2074.0,5.44048490213211,MASP2_Helo_CM,588
1038,2076.0,5.180660860571631,MASP2_Helo_CM,588
1039,2078.0,5.003928759455783,MASP2_Helo_CM,588
1040,2080.0,5.179097804767859,MASP2_Helo_CM,588
1041,2082.0,5.168916874820878,MASP2_Helo_CM,588
1042,2084.0,4.623080575842733,MASP2_Helo_CM,588
1043,2086.0,5.499913609913803,MASP2_Helo_CM,588
1044,2088.0,6.635656256968799,MASP2_Helo_CM,588
1045,2090.0,8.104820034215164,MASP2_Helo_CM,588
1046,2092.0,8.834771948647417,MASP2_Helo_CM,588
1047,2094.0,7.218027209833544,MASP2_Helo_CM,588
1048,2096.0,8.478797457801205,MASP2_Helo_CM,588
1049,2098.0,8.947787966530566,MASP2_Helo_CM,588
1050,2100.0,8.131101419082574,MASP2_Helo_CM,588
1051,2102.0,8.067762307523884,MASP2_Helo_CM,588
1052,2104.0,5.705133712912727,MASP2_Helo_CM,588
1053,2106.0,6.7141957899812565,MASP2_Helo_CM,588
1054,2108.0,6.099703117793612,MASP2_Helo_CM,588
1055,2110.0,5.794314897045816,MASP2_Helo_CM,588
1056,2112.0,5.282656070570042,MASP2_Helo_CM,588
1057,2114.0,4.84683551086936,MASP2_Helo_CM,588
1058,2116.0,5.020352730357979,MASP2_Helo_CM,588
1059,2118.0,5.077381667336548,MASP2_Helo_CM,588
1060,2120.0,5.072898793070218,MASP2_Helo_CM,588
1061,2122.0,5.191153410338035,MASP2_Helo_CM,588
1062,2124.0,4.87532762073866,MASP2_Helo_CM,588
1063,2126.0,5.004198467468185,MASP2_Helo_CM,588
1064,2128.0,5.057481771243713,MASP2_Helo_CM,588
1065,2130.0,5.0991975686139375,MASP2_Helo_CM,588
1066,2132.0,5.169232204068723,MASP2_Helo_CM,588
1067,2134.0,5.159193593074938,MASP2_Helo_CM,588
1068,2136.0,5.552945731127959,MASP2_Helo_CM,588
1069,2138.0,4.957206549821743,MASP2_Helo_CM,588
1070,2140.0,5.399786392155875,MASP2_Helo_CM,588
1071,2142.0,5.395003724097296,MASP2_Helo_CM,588
1072,2144.0,5.467094243204197,MASP2_Helo_CM,588
1073,2146.0,5.638052447484291,MASP2_Helo_CM,588
1074,2148.0,5.456544712411708,MASP2_Helo_CM,588
1075,2150.0,5.3971812640748436,MASP2_Helo_CM,588
1076,2152.0,5.621400987865132,MASP2_Helo_CM,588
1077,2154.0,5.445478655977823,MASP2_Helo_CM,588
1078,2156.0,5.267140605312067,MASP2_Helo_CM,588
1079,2158.0,5.316554637801372,MASP2_Helo_CM,588
1080,2160.0,5.326519357316342,MASP2_Helo_CM,588
1081,2162.0,5.524282074479763,MASP2_Helo_CM,588
1082,2164.0,5.385882113995445,MASP2_Helo_CM,588
1083,2166.0,4.991858266378792,MASP2_Helo_CM,588
1084,2168.0,5.190443591619979,MASP2_Helo_CM,588
1085,2170.0,4.934607644693615,MASP2_Helo_CM,588
1086,2172.0,5.083150190073298,MASP2_Helo_CM,588
1087,2174.0,5.539881928430863,MASP2_Helo_CM,588
1088,2176.0,4.842194511902557,MASP2_Helo_CM,588
1089,2178.0,5.2593207131990125,MASP2_Helo_CM,588
1090,2180.0,5.440368056205438,MASP2_Helo_CM,588
1091,2182.0,5.2326886990605255,MASP2_Helo_CM,588
1092,2184.0,5.175422812317866,MASP2_Helo_CM,588
1093,2186.0,5.65083807905613,MASP2_Helo_CM,588
1094,2188.0,4.930727122025949,MASP2_Helo_CM,588
1095,2190.0,5.05344936732246,MASP2_Helo_CM,588
1096,2192.0,5.385734561090357,MASP2_Helo_CM,588
1097,2194.0,5.403482995465793,MASP2_Helo_CM,588
1098,2196.0,5.550002655027339,MASP2_Helo_CM,588
1099,2198.0,4.97964007701102,MASP2_Helo_CM,588
1100,2200.0,5.127268503705833,MASP2_Helo_CM,588
1101,2202.0,4.805658194714055,MASP2_Helo_CM,588
1102,2204.0,5.0400229039699544,MASP2_Helo_CM,588
1103,2206.0,5.278362129035538,MASP2_Helo_CM,588
1104,2208.0,4.773501358114269,MASP2_Helo_CM,588
1105,2210.0,5.388184365720879,MASP2_Helo_CM,588
1106,2212.0,5.653771031138764,MASP2_Helo_CM,588
1107,2214.0,5.63147677699576,MASP2_Helo_CM,588
1108,2216.0,5.435768025977609,MASP2_Helo_CM,588
1109,2218.0,5.443403922153605,MASP2_Helo_CM,588
1110,2220.0,5.425426770757666,MASP2_Helo_CM,588
1111,2222.0,5.348414720452949,MASP2_Helo_CM,588
1112,2224.0,5.214778659350954,MASP2_Helo_CM,588
1113,2226.0,4.797227591432091,MASP2_Helo_CM,588
1114,2228.0,5.5997225410883384,MASP2_Helo_CM,588
1115,2230.0,5.163752638106253,MASP2_Helo_CM,588
1116,2232.0,5.317267036794034,MASP2_Helo_CM,588
1117,2234.0,5.675504057508885,MASP2_Helo_CM,588
1118,2236.0,5.214553974950076,MASP2_Helo_CM,588
1119,2238.0,5.3297678197090805,MASP2_Helo_CM,588
1120,2240.0,5.386895888233854,MASP2_Helo_CM,588
1121,2242.0,5.474659517669009,MASP2_Helo_CM,588
1122,2244.0,5.561246847222801,MASP2_Helo_CM,588
1123,2246.0,5.120314343733303,MASP2_Helo_CM,588
1124,2248.0,4.691422690149928,MASP2_Helo_CM,588
1125,2250.0,7.652134587566589,MASP2_Helo_CM,588
1126,2252.0,7.663720373634539,MASP2_Helo_CM,588
1127,2254.0,7.602989007751969,MASP2_Helo_CM,588
1128,2256.0,8.607413159316538,MASP2_Helo_CM,588
1129,2258.0,8.516489580474246,MASP2_Helo_CM,588
1130,2260.0,8.614381185520829,MASP2_Helo_CM,588
1131,2262.0,10.0854053805943,MASP2_Helo_CM,588
1132,2264.0,9.929181157293053,MASP2_Helo_CM,588
1133,2266.0,7.3108143519125335,MASP2_Helo_CM,588
1134,2268.0,8.311006050889196,MASP2_Helo_CM,588
1135,2270.0,9.262945128508004,MASP2_Helo_CM,588
1136,2272.0,8.660723653962831,MASP2_Helo_CM,588
1137,2274.0,9.334512249083208,MASP2_Helo_CM,588
1138,2276.0,11.922553678013495,MASP2_Helo_CM,588
1139,2278.0,8.430768539931758,MASP2_Helo_CM,588
1140,2280.0,9.654746318503449,MASP2_Helo_CM,588
1141,2282.0,10.358731071558733,MASP2_Helo_CM,588
1142,2284.0,11.159068377528678,MASP2_Helo_CM,588
1143,2286.0,10.820892246073948,MASP2_Helo_CM,588
1144,2288.0,9.856016329739129,MASP2_Helo_CM,588
1145,2290.0,9.790299061488406,MASP2_Helo_CM,588
1146,2292.0,9.935455473776717,MASP2_Helo_CM,588
1147,2294.0,10.918484008344691,MASP2_Helo_CM,588
1148,2296.0,10.79103200387947,MASP2_Helo_CM,588
1149,2298.0,9.700374096608869,MASP2_Helo_CM,588
1150,2300.0,11.10596675884883,MASP2_Helo_CM,588
1151,2302.0,10.332093188039236,MASP2_Helo_CM,588
1152,2304.0,8.511192327877268,MASP2_Helo_CM,588
1153,2306.0,8.207869881584433,MASP2_Helo_CM,588
1154,2308.0,7.235178876584202,MASP2_Helo_CM,588
1155,2310.0,9.87070944492311,MASP2_Helo_CM,588
1156,2312.0,8.88226196570292,MASP2_Helo_CM,588
1157,2314.0,5.9433410658738,MASP2_Helo_CM,588
1158,2316.0,6.885604296130832,MASP2_Helo_CM,588
1159,2318.0,6.345519658465777,MASP2_Helo_CM,588
1160,2320.0,5.4696446271331975,MASP2_Helo_CM,588
1161,2322.0,5.226116124137251,MASP2_Helo_CM,588
1162,2324.0,4.8806240344171,MASP2_Helo_CM,588
1163,2326.0,7.451041107507098,MASP2_Helo_CM,588
1164,2328.0,5.6603305320835515,MASP2_Helo_CM,588
1165,2330.0,7.675349731916146,MASP2_Helo_CM,588
1166,2332.0,7.069698528467859,MASP2_Helo_CM,588
1167,2334.0,9.228792934974285,MASP2_Helo_CM,588
1168,2336.0,11.680162621355391,MASP2_Helo_CM,588
1169,2338.0,13.420539533728126,MASP2_Helo_CM,588
1170,2340.0,10.07274018042221,MASP2_Helo_CM,588
1171,2342.0,10.004466774607232,MASP2_Helo_CM,588
1172,2344.0,9.052506499472806,MASP2_Helo_CM,588
1173,2346.0,10.872754065494153,MASP2_Helo_CM,588
1174,2348.0,10.52528826703653,MASP2_Helo_CM,588
1175,2350.0,8.63788622412754,MASP2_Helo_CM,588
1176,2352.0,8.544421197882064,MASP2_Helo_CM,588
1177,2354.0,11.689890112404848,MASP2_Helo_CM,588
1178,2356.0,13.900630452789391,MASP2_Helo_CM,588
1179,2358.0,14.308491652462555,MASP2_Helo_CM,588
1180,2360.0,8.837492974033493,MASP2_Helo_CM,588
1181,2362.0,8.111967802301557,MASP2_Helo_CM,588
1182,2364.0,7.399455818606628,MASP2_Helo_CM,588
1183,2366.0,7.83707907070168,MASP2_Helo_CM,588
1184,2368.0,9.189577665852212,MASP2_Helo_CM,588
1185,2370.0,11.280319836200093,MASP2_Helo_CM,588
1186,2372.0,10.319621542333346,MASP2_Helo_CM,588
1187,2374.0,9.035691285633469,MASP2_Helo_CM,588
1188,2376.0,8.354545394297011,MASP2_Helo_CM,588
1189,2378.0,9.342149087367,MASP2_Helo_CM,588
1190,2380.0,9.581199651134485,MASP2_Helo_CM,588
1191,2382.0,7.854727380753815,MASP2_Helo_CM,588
1192,2384.0,7.459447849208126,MASP2_Helo_CM,588
1193,2386.0,8.647520879071724,MASP2_Helo_CM,588
1194,2388.0,8.824276597074576,MASP2_Helo_CM,588
1195,2390.0,9.250791000809706,MASP2_Helo_CM,588
1196,2392.0,7.8307775811999125,MASP2_Helo_CM,588
1197,2394.0,7.540694317672192,MASP2_Helo_CM,588
1198,2396.0,6.718917052968303,MASP2_Helo_CM,588
1199,2398.0,5.903630873138146,MASP2_Helo_CM,588
1200,2400.0,5.536564500098359,MASP2_Helo_CM,588
1201,2402.0,5.568731834543019,MASP2_Helo_CM,588
1202,2404.0,5.450488274435196,MASP2_Helo_CM,588
1203,2406.0,5.3395990719257815,MASP2_Helo_CM,588
1204,2408.0,5.461594349029611,MASP2_Helo_CM,588
1205,2410.0,5.404759533463913,MASP2_Helo_CM,588
1206,2412.0,5.637215523147882,MASP2_Helo_CM,588
1207,2414.0,5.51772177086094,MASP2_Helo_CM,588
1208,2416.0,5.286467433545477,MASP2_Helo_CM,588
1209,2418.0,5.359582820486856,MASP2_Helo_CM,588
1210,2420.0,5.433528856650122,MASP2_Helo_CM,588
1211,2422.0,5.547104846151121,MASP2_Helo_CM,588
1212,2424.0,5.29282466310605,MASP2_Helo_CM,588
1213,2426.0,5.650067281418239,MASP2_Helo_CM,588
1214,2428.0,5.390420294512407,MASP2_Helo_CM,588
1215,2430.0,5.201999275827297,MASP2_Helo_CM,588
1216,2432.0,5.424042531662343,MASP2_Helo_CM,588
1217,2434.0,5.5634267673550895,MASP2_Helo_CM,588
1218,2436.0,5.51276899786349,MASP2_Helo_CM,588
1219,2438.0,5.173613355944701,MASP2_Helo_CM,588
1220,2440.0,5.095247158072095,MASP2_Helo_CM,588
1221,2442.0,5.232570334359453,MASP2_Helo_CM,588
1222,2444.0,5.273115097492055,MASP2_Helo_CM,588
1223,2446.0,4.807433567791759,MASP2_Helo_CM,588
1224,2448.0,5.26373098033899,MASP2_Helo_CM,588
1225,2450.0,5.059847805363556,MASP2_Helo_CM,588
1226,2452.0,4.918097302799692,MASP2_Helo_CM,588
1227,2454.0,4.953541895060089,MASP2_Helo_CM,588
1228,2456.0,5.012814251828121,MASP2_Helo_CM,588
1229,2458.0,5.1098497007770876,MASP2_Helo_CM,588
1230,2460.0,4.9908867162072905,MASP2_Helo_CM,588
1231,2462.0,4.819786051755441,MASP2_Helo_CM,588
1232,2464.0,5.369871785283347,MASP2_Helo_CM,588
1233,2466.0,5.488921283878123,MASP2_Helo_CM,588
1234,2468.0,5.889872393781119,MASP2_Helo_CM,588
1235,2470.0,5.000403626444197,MASP2_Helo_CM,588
1236,2472.0,5.46561815221851,MASP2_Helo_CM,588
1237,2474.0,5.525722118838025,MASP2_Helo_CM,588
1238,2476.0,5.664769706503555,MASP2_Helo_CM,588
1239,2478.0,5.180237704764835,MASP2_Helo_CM,588
1240,2480.0,5.187413147517299,MASP2_Helo_CM,588
1241,2482.0,5.36962747895752,MASP2_Helo_CM,588
1242,2484.0,5.637302259346259,MASP2_Helo_CM,588
1243,2486.0,5.168873368422558,MASP2_Helo_CM,588
1244,2488.0,5.346585065002472,MASP2_Helo_CM,588
1245,2490.0,5.338864237521176,MASP2_Helo_CM,588
1246,2492.0,5.563886824937166,MASP2_Helo_CM,588
1247,2494.0,5.3648750486543015,MASP2_Helo_CM,588
1248,2496.0,5.388674803737235,MASP2_Helo_CM,588
1249,2498.0,5.626209957865224,MASP2_Helo_CM,588
1250,2500.0,5.446739515646491,MASP2_Helo_CM,588
1251,2502.0,5.473194774408421,MASP2_Helo_CM,588
1252,2504.0,5.303000452936542,MASP2_Helo_CM,588
1253,2506.0,5.447919724944593,MASP2_Helo_CM,588
1254,2508.0,5.542242537525432,MASP2_Helo_CM,588
1255,2510.0,5.175704107948063,MASP2_Helo_CM,588
1256,2512.0,5.511445813881691,MASP2_Helo_CM,588
1257,2514.0,5.62752404511266,MASP2_Helo_CM,588
1258,2516.0,4.8014455889892105,MASP2_Helo_CM,588
1259,2518.0,5.356328907761679,MASP2_Helo_CM,588
1260,2520.0,5.223630236127786,MASP2_Helo_CM,588
1261,2522.0,5.2625293112972,MASP2_Helo_CM,588
1262,2524.0,5.142145213502639,MASP2_Helo_CM,588
1263,2526.0,5.140545139578411,MASP2_Helo_CM,588
1264,2528.0,5.257365046500581,MASP2_Helo_CM,588
1265,2530.0,5.467778882981531,MASP2_Helo_CM,588
1266,2532.0,5.4385265182818925,MASP2_Helo_CM,588
1267,2534.0,5.614961486470613,MASP2_Helo_CM,588
1268,2536.0,5.435493509246503,MASP2_Helo_CM,588
1269,2538.0,5.045773140743205,MASP2_Helo_CM,588
1270,2540.0,5.496866685648647,MASP2_Helo_CM,588
1271,2542.0,5.570116055429721,MASP2_Helo_CM,588
1272,2544.0,5.437635757351937,MASP2_Helo_CM,588
1273,2546.0,5.2132214510831005,MASP2_Helo_CM,588
1274,2548.0,5.085329533343692,MASP2_Helo_CM,588
1275,2550.0,5.011807884084087,MASP2_Helo_CM,588
1276,2552.0,5.492374428815046,MASP2_Helo_CM,588
1277,2554.0,5.514171084929344,MASP2_Helo_CM,588
1278,2556.0,5.588458646248951,MASP2_Helo_CM,588
1279,2558.0,5.098112691101694,MASP2_Helo_CM,588
1280,2560.0,5.497685531335293,MASP2_Helo_CM,588
1281,2562.0,5.42290630352073,MASP2_Helo_CM,588
1282,2564.0,5.271582743173109,MASP2_Helo_CM,588
1283,2566.0,5.327360204405581,MASP2_Helo_CM,588
1284,2568.0,5.1570905290934155,MASP2_Helo_CM,588
1285,2570.0,5.296900000541385,MASP2_Helo_CM,588
1286,2572.0,5.392853687869871,MASP2_Helo_CM,588
1287,2574.0,5.165052769146495,MASP2_Helo_CM,588
1288,2576.0,5.284404315482234,MASP2_Helo_CM,588
1289,2578.0,5.507090936710632,MASP2_Helo_CM,588
1290,2580.0,5.324341671293737,MASP2_Helo_CM,588
1291,2582.0,5.118278618775244,MASP2_Helo_CM,588
1292,2584.0,5.376494831429415,MASP2_Helo_CM,588
1293,2586.0,5.170916096484641,MASP2_Helo_CM,588
1294,2588.0,5.092384988735872,MASP2_Helo_CM,588
1295,2590.0,5.126405110890869,MASP2_Helo_CM,588
1296,2592.0,5.381149850644762,MASP2_Helo_CM,588
1297,2594.0,5.146484665991181,MASP2_Helo_CM,588
1298,2596.0,5.291850355848903,MASP2_Helo_CM,588
1299,2598.0,5.525809970165678,MASP2_Helo_CM,588
1300,2600.0,5.442668034367079,MASP2_Helo_CM,588
1301,2602.0,5.583212371744526,MASP2_Helo_CM,588
1302,2604.0,5.230382140443016,MASP2_Helo_CM,588
1303,2606.0,5.297642109829412,MASP2_Helo_CM,588
1304,2608.0,5.040701001594697,MASP2_Helo_CM,588
1305,2610.0,5.139462797182731,MASP2_Helo_CM,588
1306,2612.0,5.214153582452085,MASP2_Helo_CM,588
1307,2614.0,5.5265156006647835,MASP2_Helo_CM,588
1308,2616.0,5.448476570790154,MASP2_Helo_CM,588
1309,2618.0,5.309763285604893,MASP2_Helo_CM,588
1310,2620.0,5.374810105205953,MASP2_Helo_CM,588
1311,2622.0,5.306748293326906,MASP2_Helo_CM,588
1312,2624.0,5.263475390861655,MASP2_Helo_CM,588
1313,2626.0,4.982508496415522,MASP2_Helo_CM,588
1314,2628.0,5.518651051253079,MASP2_Helo_CM,588
1315,2630.0,5.331642154504818,MASP2_Helo_CM,588
1316,2632.0,5.371033137783538,MASP2_Helo_CM,588
1317,2634.0,5.450163215049194,MASP2_Helo_CM,588
1318,2636.0,5.162027951188013,MASP2_Helo_CM,588
1319,2638.0,5.4918049841393515,MASP2_Helo_CM,588
1320,2640.0,5.264595908071124,MASP2_Helo_CM,588
1321,2642.0,5.11754589142848,MASP2_Helo_CM,588
1322,2644.0,5.362940937246441,MASP2_Helo_CM,588
1323,2646.0,5.390494506198938,MASP2_Helo_CM,588
1324,2648.0,5.359776661475465,MASP2_Helo_CM,588
1325,2650.0,5.3798434861889115,MASP2_Helo_CM,588
1326,2652.0,5.025565451428422,MASP2_Helo_CM,588
1327,2654.0,5.186360796791269,MASP2_Helo_CM,588
1328,2656.0,5.499424679237866,MASP2_Helo_CM,588
1329,2658.0,4.566791363895654,MASP2_Helo_CM,588
1330,2660.0,5.330528879723592,MASP2_Helo_CM,588
1331,2662.0,5.397172845355065,MASP2_Helo_CM,588
1332,2664.0,5.457164648329538,MASP2_Helo_CM,588
1333,2666.0,4.97081331970191,MASP2_Helo_CM,588
1334,2668.0,4.946249083270445,MASP2_Helo_CM,588
1335,2670.0,5.237967281499957,MASP2_Helo_CM,588
1336,2672.0,5.112709831824984,MASP2_Helo_CM,588
1337,2674.0,4.999748442004588,MASP2_Helo_CM,588
1338,2676.0,4.933268632258689,MASP2_Helo_CM,588
1339,2678.0,5.239193198001694,MASP2_Helo_CM,588
1340,2680.0,5.080435353553634,MASP2_Helo_CM,588
1341,2682.0,5.234793002500818,MASP2_Helo_CM,588
1342,2684.0,5.2633287855510815,MASP2_Helo_CM,588
1343,2686.0,5.3535649148657125,MASP2_Helo_CM,588
1344,2688.0,5.413090794227045,MASP2_Helo_CM,588
1345,2690.0,4.974750990477667,MASP2_Helo_CM,588
1346,2692.0,5.272849311457852,MASP2_Helo_CM,588
1347,2694.0,5.0392023060401385,MASP2_Helo_CM,588
1348,2696.0,5.7042608265364585,MASP2_Helo_CM,588
1349,2698.0,6.734122689175432,MASP2_Helo_CM,588
1350,2700.0,8.775498446520858,MASP2_Helo_CM,588
1351,2702.0,10.13536851475684,MASP2_Helo_CM,588
1352,2704.0,9.39259815659196,MASP2_Helo_CM,588
1353,2706.0,9.263621188852762,MASP2_Helo_CM,588
1354,2708.0,9.039859105390498,MASP2_Helo_CM,588
1355,2710.0,8.083095820883699,MASP2_Helo_CM,588
1356,2712.0,8.802252247921079,MASP2_Helo_CM,588
1357,2714.0,11.108117450510878,MASP2_Helo_CM,588
1358,2716.0,11.735750994266064,MASP2_Helo_CM,588
1359,2718.0,10.461959820260008,MASP2_Helo_CM,588
1360,2720.0,9.559344658855787,MASP2_Helo_CM,588
1361,2722.0,10.19750168693655,MASP2_Helo_CM,588
1362,2724.0,9.43292294687734,MASP2_Helo_CM,588
1363,2726.0,10.814981284733257,MASP2_Helo_CM,588
1364,2728.0,9.030563648661532,MASP2_Helo_CM,588
1365,2730.0,8.909040126540196,MASP2_Helo_CM,588
1366,2732.0,9.77063346474391,MASP2_Helo_CM,588
1367,2734.0,8.328871513635898,MASP2_Helo_CM,588
1368,2736.0,8.191806748198205,MASP2_Helo_CM,588
1369,2738.0,11.352470434387676,MASP2_Helo_CM,588
1370,2740.0,13.136363624245543,MASP2_Helo_CM,588
1371,2742.0,14.073037642917027,MASP2_Helo_CM,588
1372,2744.0,13.104869187393769,MASP2_Helo_CM,588
1373,2746.0,14.448250666714793,MASP2_Helo_CM,588
1374,2748.0,12.044682346222826,MASP2_Helo_CM,588
1375,2750.0,13.128384318479199,MASP2_Helo_CM,588
1376,2752.0,12.7765570813357,MASP2_Helo_CM,588
1377,2754.0,13.571749382587813,MASP2_Helo_CM,588
1378,2756.0,13.055445203759726,MASP2_Helo_CM,588
1379,2758.0,12.8180311692766,MASP2_Helo_CM,588
1380,2760.0,14.044963234264811,MASP2_Helo_CM,588
1381,2762.0,13.379394305474175,MASP2_Helo_CM,588
1382,2764.0,8.9050554290827,MASP2_Helo_CM,588
1383,2766.0,8.400398885871974,MASP2_Helo_CM,588
1384,2768.0,8.359185875336268,MASP2_Helo_CM,588
1385,2770.0,8.065621767322245,MASP2_Helo_CM,588
1386,2772.0,9.535419292721583,MASP2_Helo_CM,588
1387,2774.0,8.449524068905557,MASP2_Helo_CM,588
1388,2776.0,9.245133459605258,MASP2_Helo_CM,588
1389,2778.0,11.048366908803246,MASP2_Helo_CM,588
1390,2780.0,9.019295508818763,MASP2_Helo_CM,588
1391,2782.0,10.604847078092837,MASP2_Helo_CM,588
1392,2784.0,9.951907871041293,MASP2_Helo_CM,588
1393,2786.0,8.104728404563899,MASP2_Helo_CM,588
1394,2788.0,8.957430097253686,MASP2_Helo_CM,588
1395,2790.0,12.97058841566072,MASP2_Helo_CM,588
1396,2792.0,13.104804621266622,MASP2_Helo_CM,588
1397,2794.0,15.32403821549812,MASP2_Helo_CM,588
1398,2796.0,15.375275494224542,MASP2_Helo_CM,588
1399,2798.0,15.237583750107863,MASP2_Helo_CM,588
1400,2800.0,15.64014133506781,MASP2_Helo_CM,588
1401,2802.0,13.823271683819117,MASP2_Helo_CM,588
1402,2804.0,11.938764100169756,MASP2_Helo_CM,588
1403,2806.0,11.83383196171215,MASP2_Helo_CM,588
1404,2808.0,13.021855659044173,MASP2_Helo_CM,588
1405,2810.0,12.256481203168828,MASP2_Helo_CM,588
1406,2812.0,10.550065262921153,MASP2_Helo_CM,588
1407,2814.0,9.937176376447347,MASP2_Helo_CM,588
1408,2816.0,8.439385047601302,MASP2_Helo_CM,588
1409,2818.0,9.660208766829742,MASP2_Helo_CM,588
1410,2820.0,10.482484215010304,MASP2_Helo_CM,588
1411,2822.0,12.542127270106173,MASP2_Helo_CM,588
1412,2824.0,13.362642442151804,MASP2_Helo_CM,588
1413,2826.0,12.465704772275119,MASP2_Helo_CM,588
1414,2828.0,14.059813390459327,MASP2_Helo_CM,588
1415,2830.0,12.21863384732252,MASP2_Helo_CM,588
1416,2832.0,10.987287801263125,MASP2_Helo_CM,588
1417,2834.0,8.260812370078881,MASP2_Helo_CM,588
1418,2836.0,7.184660674879583,MASP2_Helo_CM,588
1419,2838.0,6.994649855829752,MASP2_Helo_CM,588
1420,2840.0,7.108946678507519,MASP2_Helo_CM,588
1421,2842.0,7.41428170045954,MASP2_Helo_CM,588
1422,2844.0,6.120087347635426,MASP2_Helo_CM,588
1423,2846.0,8.127955056118015,MASP2_Helo_CM,588
1424,2848.0,6.57312090946288,MASP2_Helo_CM,588
1425,2850.0,7.103958118935069,MASP2_Helo_CM,588
1426,2852.0,7.592498396430104,MASP2_Helo_CM,588
1427,2854.0,7.678417571040921,MASP2_Helo_CM,588
1428,2856.0,7.650725812769,MASP2_Helo_CM,588
1429,2858.0,7.436545284806024,MASP2_Helo_CM,588
1430,2860.0,7.198914634644537,MASP2_Helo_CM,588
1431,2862.0,6.852614272303071,MASP2_Helo_CM,588
1432,2864.0,6.409501634471709,MASP2_Helo_CM,588
1433,2866.0,8.559807062814977,MASP2_Helo_CM,588
1434,2868.0,9.975221745244271,MASP2_Helo_CM,588
1435,2870.0,8.978377257490912,MASP2_Helo_CM,588
1436,2872.0,10.322265471170375,MASP2_Helo_CM,588
1437,2874.0,9.897243084983533,MASP2_Helo_CM,588
1438,2876.0,8.964722259268024,MASP2_Helo_CM,588
1439,2878.0,8.744054980796847,MASP2_Helo_CM,588
1440,2880.0,9.68240529965572,MASP2_Helo_CM,588
1441,2882.0,9.407547784836868,MASP2_Helo_CM,588
1442,2884.0,9.403081102584009,MASP2_Helo_CM,588
1443,2886.0,7.694425751721637,MASP2_Helo_CM,588
1444,2888.0,8.963714331863788,MASP2_Helo_CM,588
1445,2890.0,8.271389994684842,MASP2_Helo_CM,588
1446,2892.0,7.587481488810032,MASP2_Helo_CM,588
1447,2894.0,11.810058165272798,MASP2_Helo_CM,588
1448,2896.0,10.75248560750298,MASP2_Helo_CM,588
1449,2898.0,10.504920137329904,MASP2_Helo_CM,588
1450,2900.0,10.006404465620568,MASP2_Helo_CM,588
1451,2902.0,8.422206467880972,MASP2_Helo_CM,588
1452,2904.0,8.056801745790784,MASP2_Helo_CM,588
1453,2906.0,8.202057406075221,MASP2_Helo_CM,588
1454,2908.0,9.673332590916038,MASP2_Helo_CM,588
1455,2910.0,8.634869836717128,MASP2_Helo_CM,588
1456,2912.0,8.767358353667339,MASP2_Helo_CM,588
1457,2914.0,8.540336383915687,MASP2_Helo_CM,588
1458,2916.0,8.157062372794396,MASP2_Helo_CM,588
1459,2918.0,8.27819088084157,MASP2_Helo_CM,588
1460,2920.0,9.32003814688489,MASP2_Helo_CM,588
1461,2922.0,9.291454781337318,MASP2_Helo_CM,588
1462,2924.0,9.569815535905295,MASP2_Helo_CM,588
1463,2926.0,8.630814849494932,MASP2_Helo_CM,588
1464,2928.0,8.714127220082807,MASP2_Helo_CM,588
1465,2930.0,6.578326699654999,MASP2_Helo_CM,588
1466,2932.0,8.61796227683961,MASP2_Helo_CM,588
1467,2934.0,9.152291475343594,MASP2_Helo_CM,588
1468,2936.0,9.456338904061974,MASP2_Helo_CM,588
1469,2938.0,9.248840371285997,MASP2_Helo_CM,588
1470,2940.0,8.129460823549739,MASP2_Helo_CM,588
1471,2942.0,7.201054067440043,MASP2_Helo_CM,588
1472,2944.0,8.114155730441265,MASP2_Helo_CM,588
1473,2946.0,8.441816385039566,MASP2_Helo_CM,588
1474,2948.0,10.515105484022772,MASP2_Helo_CM,588
1475,2950.0,7.577656089036515,MASP2_Helo_CM,588
1476,2952.0,9.508734703217009,MASP2_Helo_CM,588
1477,2954.0,7.999618078795864,MASP2_Helo_CM,588
1478,2956.0,9.8273663115433,MASP2_Helo_CM,588
1479,2958.0,9.153380239986497,MASP2_Helo_CM,588
1480,2960.0,9.174301833929473,MASP2_Helo_CM,588
1481,2962.0,7.861143224818394,MASP2_Helo_CM,588
1482,2964.0,8.934127082505707,MASP2_Helo_CM,588
1483,2966.0,11.469453546951241,MASP2_Helo_CM,588
1484,2968.0,10.635689887084816,MASP2_Helo_CM,588
1485,2970.0,11.573908735337106,MASP2_Helo_CM,588
1486,2972.0,14.359972524885247,MASP2_Helo_CM,588
1487,2974.0,10.144534111119956,MASP2_Helo_CM,588
1488,2976.0,11.449136872670433,MASP2_Helo_CM,588
1489,2978.0,10.217696499596242,MASP2_Helo_CM,588
1490,2980.0,12.43034015735842,MASP2_Helo_CM,588
1491,2982.0,12.151574398320507,MASP2_Helo_CM,588
1492,2984.0,10.152725247098882,MASP2_Helo_CM,588
1493,2986.0,10.755805283233922,MASP2_Helo_CM,588
1494,2988.0,13.653687677418539,MASP2_Helo_CM,588
1495,2990.0,11.330860273800075,MASP2_Helo_CM,588
1496,2992.0,10.834822031455799,MASP2_Helo_CM,588
1497,2994.0,9.184186614973889,MASP2_Helo_CM,588
1498,2996.0,8.518709383829307,MASP2_Helo_CM,588
1499,2998.0,8.61587852018176,MASP2_Helo_CM,588
1500,3000.0,9.330962677658585,MASP2_Helo_CM,588
1501,3002.0,8.154775098150084,MASP2_Helo_CM,588
1502,3004.0,8.869117544463847,MASP2_Helo_CM,588
1503,3006.0,9.94579349013332,MASP2_Helo_CM,588
1504,3008.0,9.37411807716157,MASP2_Helo_CM,588
1505,3010.0,8.665933883418273,MASP2_Helo_CM,588
1506,3012.0,9.244169219810711,MASP2_Helo_CM,588
1507,3014.0,8.108876821745689,MASP2_Helo_CM,588
1508,3016.0,9.852739871801157,MASP2_Helo_CM,588
1509,3018.0,9.2809960779518,MASP2_Helo_CM,588
1510,3020.0,10.415848395156827,MASP2_Helo_CM,588
1511,3022.0,9.48614116194002,MASP2_Helo_CM,588
1512,3024.0,11.837590058368532,MASP2_Helo_CM,588
1513,3026.0,11.67711728480676,MASP2_Helo_CM,588
1514,3028.0,10.725477637775219,MASP2_Helo_CM,588
1515,3030.0,13.009597454308224,MASP2_Helo_CM,588
1516,3032.0,11.393350776516384,MASP2_Helo_CM,588
1517,3034.0,9.877493888079593,MASP2_Helo_CM,588
1518,3036.0,8.908016250595756,MASP2_Helo_CM,588
1519,3038.0,8.503528451918815,MASP2_Helo_CM,588
1520,3040.0,8.516479271007299,MASP2_Helo_CM,588
1521,3042.0,9.364457601346885,MASP2_Helo_CM,588
1522,3044.0,10.307927110792045,MASP2_Helo_CM,588
1523,3046.0,9.489603161601465,MASP2_Helo_CM,588
1524,3048.0,8.936498708739313,MASP2_Helo_CM,588
1525,3050.0,12.270201887822514,MASP2_Helo_CM,588
1526,3052.0,11.101024852009138,MASP2_Helo_CM,588
1527,3054.0,8.717775805780363,MASP2_Helo_CM,588
1528,3056.0,12.247275998997168,MASP2_Helo_CM,588
1529,3058.0,9.754245577848888,MASP2_Helo_CM,588
1530,3060.0,7.893349125010257,MASP2_Helo_CM,588
1531,3062.0,8.098546357360892,MASP2_Helo_CM,588
1532,3064.0,9.756124353393773,MASP2_Helo_CM,588
1533,3066.0,8.034320443566626,MASP2_Helo_CM,588
1534,3068.0,8.58174258064485,MASP2_Helo_CM,588
1535,3070.0,7.376240728532869,MASP2_Helo_CM,588
1536,3072.0,9.689566922808039,MASP2_Helo_CM,588
1537,3074.0,10.63862161639165,MASP2_Helo_CM,588
1538,3076.0,10.729944584419902,MASP2_Helo_CM,588
1539,3078.0,12.037054991272255,MASP2_Helo_CM,588
1540,3080.0,10.250766084457103,MASP2_Helo_CM,588
1541,3082.0,9.204105082629544,MASP2_Helo_CM,588
1542,3084.0,9.803666465820996,MASP2_Helo_CM,588
1543,3086.0,8.92426008513063,MASP2_Helo_CM,588
1544,3088.0,8.583849041272536,MASP2_Helo_CM,588
1545,3090.0,11.231301932641832,MASP2_Helo_CM,588
1546,3092.0,10.276015571015128,MASP2_Helo_CM,588
1547,3094.0,9.016699055083533,MASP2_Helo_CM,588
1548,3096.0,8.670575442620539,MASP2_Helo_CM,588
1549,3098.0,9.547245175843903,MASP2_Helo_CM,588
1550,3100.0,8.294580616525689,MASP2_Helo_CM,588
1551,3102.0,7.394508401690145,MASP2_Helo_CM,588
1552,3104.0,8.114390737950112,MASP2_Helo_CM,588
1553,3106.0,10.419049521572658,MASP2_Helo_CM,588
1554,3108.0,9.58960155764855,MASP2_Helo_CM,588
1555,3110.0,9.676261594020868,MASP2_Helo_CM,588
1556,3112.0,11.516680373919703,MASP2_Helo_CM,588
1557,3114.0,8.86887909529115,MASP2_Helo_CM,588
1558,3116.0,8.855425769241918,MASP2_Helo_CM,588
1559,3118.0,7.9343184568112015,MASP2_Helo_CM,588
1560,3120.0,8.25918474613141,MASP2_Helo_CM,588
1561,3122.0,8.383681985432945,MASP2_Helo_CM,588
1562,3124.0,7.939220018408142,MASP2_Helo_CM,588
1563,3126.0,8.385933456230356,MASP2_Helo_CM,588
1564,3128.0,11.588447090862822,MASP2_Helo_CM,588
1565,3130.0,10.469438314918136,MASP2_Helo_CM,588
1566,3132.0,9.574956761337187,MASP2_Helo_CM,588
1567,3134.0,11.802572336079091,MASP2_Helo_CM,588
1568,3136.0,12.17323012176942,MASP2_Helo_CM,588
1569,3138.0,15.383350938065373,MASP2_Helo_CM,588
1570,3140.0,14.9700052117406,MASP2_Helo_CM,588
1571,3142.0,16.47692593859584,MASP2_Helo_CM,588
1572,3144.0,15.360939597020305,MASP2_Helo_CM,588
1573,3146.0,15.587622008342242,MASP2_Helo_CM,588
1574,3148.0,12.93703272021231,MASP2_Helo_CM,588
1575,3150.0,13.54077455538989,MASP2_Helo_CM,588
1576,3152.0,11.227856961459699,MASP2_Helo_CM,588
1577,3154.0,8.773867995838579,MASP2_Helo_CM,588
1578,3156.0,9.549397810737437,MASP2_Helo_CM,588
1579,3158.0,8.384696063206034,MASP2_Helo_CM,588
1580,3160.0,10.277293691556673,MASP2_Helo_CM,588
1581,3162.0,9.44107185919826,MASP2_Helo_CM,588
1582,3164.0,7.659640445505386,MASP2_Helo_CM,588
1583,3166.0,5.862582042762712,MASP2_Helo_CM,588
1584,3168.0,5.753359781771,MASP2_Helo_CM,588
1585,3170.0,6.325489906670106,MASP2_Helo_CM,588
1586,3172.0,6.106312616844426,MASP2_Helo_CM,588
1587,3174.0,6.194327353391556,MASP2_Helo_CM,588
1588,3176.0,5.678292634412187,MASP2_Helo_CM,588
1589,3178.0,5.589687760643692,MASP2_Helo_CM,588
1590,3180.0,5.939593775495468,MASP2_Helo_CM,588
1591,3182.0,6.166959825381841,MASP2_Helo_CM,588
1592,3184.0,6.372774153287317,MASP2_Helo_CM,588
1593,3186.0,6.254568465973558,MASP2_Helo_CM,588
1594,3188.0,6.444968253513236,MASP2_Helo_CM,588
1595,3190.0,6.727989788904406,MASP2_Helo_CM,588
1596,3192.0,5.983220467187687,MASP2_Helo_CM,588
1597,3194.0,6.20576424925589,MASP2_Helo_CM,588
1598,3196.0,6.2060684292691315,MASP2_Helo_CM,588
1599,3198.0,6.234116488275857,MASP2_Helo_CM,588
1600,3200.0,7.199396520036263,MASP2_Helo_CM,588
1601,3202.0,5.984968380515061,MASP2_Helo_CM,588
1602,3204.0,6.184313061961301,MASP2_Helo_CM,588
1603,3206.0,5.927479948929455,MASP2_Helo_CM,588
1604,3208.0,6.278698950798851,MASP2_Helo_CM,588
1605,3210.0,6.008096108174934,MASP2_Helo_CM,588
1606,3212.0,5.9051565676743,MASP2_Helo_CM,588
1607,3214.0,6.405997364188781,MASP2_Helo_CM,588
1608,3216.0,5.902967355226556,MASP2_Helo_CM,588
1609,3218.0,6.96240255200647,MASP2_Helo_CM,588
1610,3220.0,6.332074969726563,MASP2_Helo_CM,588
1611,3222.0,6.6689928567871934,MASP2_Helo_CM,588
1612,3224.0,5.919619123050008,MASP2_Helo_CM,588
1613,3226.0,6.399165575196629,MASP2_Helo_CM,588
1614,3228.0,6.552623372866512,MASP2_Helo_CM,588
1615,3230.0,7.351169887236242,MASP2_Helo_CM,588
1616,3232.0,9.195322931580469,MASP2_Helo_CM,588
1617,3234.0,9.073051783047667,MASP2_Helo_CM,588
1618,3236.0,9.505923408996544,MASP2_Helo_CM,588
1619,3238.0,10.113202895036247,MASP2_Helo_CM,588
1620,3240.0,8.833485897858024,MASP2_Helo_CM,588
1621,3242.0,8.89137348239093,MASP2_Helo_CM,588
1622,3244.0,8.617008739847881,MASP2_Helo_CM,588
1623,3246.0,9.612634269336791,MASP2_Helo_CM,588
1624,3248.0,9.021067996525666,MASP2_Helo_CM,588
1625,3250.0,9.262662917652985,MASP2_Helo_CM,588
1626,3252.0,10.156297429512584,MASP2_Helo_CM,588
1627,3254.0,9.32861001481823,MASP2_Helo_CM,588
1628,3256.0,8.791840247788857,MASP2_Helo_CM,588
1629,3258.0,7.192233017650271,MASP2_Helo_CM,588
1630,3260.0,7.596458475617169,MASP2_Helo_CM,588
1631,3262.0,8.653282215219358,MASP2_Helo_CM,588
1632,3264.0,7.69047815740933,MASP2_Helo_CM,588
1633,3266.0,8.887828034326548,MASP2_Helo_CM,588
1634,3268.0,7.902044512919869,MASP2_Helo_CM,588
1635,3270.0,9.805179427695824,MASP2_Helo_CM,588
1636,3272.0,10.67135857011277,MASP2_Helo_CM,588
1637,3274.0,8.611879426729168,MASP2_Helo_CM,588
1638,3276.0,8.458380022182734,MASP2_Helo_CM,588
1639,3278.0,9.14196147468383,MASP2_Helo_CM,588
1640,3280.0,8.723778547577268,MASP2_Helo_CM,588
1641,3282.0,8.436714223680093,MASP2_Helo_CM,588
1642,3284.0,8.3182757454173,MASP2_Helo_CM,588
1643,3286.0,9.102906729093757,MASP2_Helo_CM,588
1644,3288.0,8.981473657224205,MASP2_Helo_CM,588
1645,3290.0,7.962746476668672,MASP2_Helo_CM,588
1646,3292.0,8.787102582679768,MASP2_Helo_CM,588
1647,3294.0,8.317488775753095,MASP2_Helo_CM,588
1648,3296.0,7.3558638514632575,MASP2_Helo_CM,588
1649,3298.0,6.7502761828902305,MASP2_Helo_CM,588
1650,3300.0,8.278905694531128,MASP2_Helo_CM,588
1651,3302.0,7.662967837841019,MASP2_Helo_CM,588
1652,3304.0,9.420754258042717,MASP2_Helo_CM,588
1653,3306.0,8.909353464448873,MASP2_Helo_CM,588
1654,3308.0,10.798254400075939,MASP2_Helo_CM,588
1655,3310.0,8.25268218981969,MASP2_Helo_CM,588
1656,3312.0,7.11335208362669,MASP2_Helo_CM,588
1657,3314.0,6.195270698680343,MASP2_Helo_CM,588
1658,3316.0,6.802475791133265,MASP2_Helo_CM,588
1659,3318.0,6.115568507407566,MASP2_Helo_CM,588
1660,3320.0,4.971451573851549,MASP2_Helo_CM,588
1661,3322.0,5.931970528653892,MASP2_Helo_CM,588
1662,3324.0,5.797270527684897,MASP2_Helo_CM,588
1663,3326.0,5.1505816924229455,MASP2_Helo_CM,588
1664,3328.0,5.9875375601105,MASP2_Helo_CM,588
1665,3330.0,5.184316992785335,MASP2_Helo_CM,588
1666,3332.0,5.446977788508127,MASP2_Helo_CM,588
1667,3334.0,5.387359749742137,MASP2_Helo_CM,588
1668,3336.0,5.877263237167494,MASP2_Helo_CM,588
1669,3338.0,6.343350462488203,MASP2_Helo_CM,588
1670,3340.0,7.195798566829491,MASP2_Helo_CM,588
1671,3342.0,6.7345206461885,MASP2_Helo_CM,588
1672,3344.0,6.754418141360551,MASP2_Helo_CM,588
1673,3346.0,4.751730893681037,MASP2_Helo_CM,588
1674,3348.0,5.8759144433207915,MASP2_Helo_CM,588
1675,3350.0,5.460495263380623,MASP2_Helo_CM,588
1676,3352.0,4.797882073060662,MASP2_Helo_CM,588
1677,3354.0,5.447889555833481,MASP2_Helo_CM,588
1678,3356.0,6.759344698317135,MASP2_Helo_CM,588
1679,3358.0,5.056685783942233,MASP2_Helo_CM,588
1680,3360.0,5.387689338565846,MASP2_Helo_CM,588
1681,3362.0,5.84211882210228,MASP2_Helo_CM,588
1682,3364.0,5.440841486155703,MASP2_Helo_CM,588
1683,3366.0,5.126064041868763,MASP2_Helo_CM,588
1684,3368.0,5.338891982330588,MASP2_Helo_CM,588
1685,3370.0,6.02247027662821,MASP2_Helo_CM,588
1686,3372.0,5.261088171485681,MASP2_Helo_CM,588
1687,3374.0,5.351180779174836,MASP2_Helo_CM,588
1688,3376.0,5.302555439931274,MASP2_Helo_CM,588
1689,3378.0,5.099444051798682,MASP2_Helo_CM,588
1690,3380.0,6.7892086005475,MASP2_Helo_CM,588
1691,3382.0,7.573625383556146,MASP2_Helo_CM,588
1692,3384.0,9.417174579853537,MASP2_Helo_CM,588
1693,3386.0,8.742375619659052,MASP2_Helo_CM,588
1694,3388.0,8.56727036522916,MASP2_Helo_CM,588
1695,3390.0,8.493800655603103,MASP2_Helo_CM,588
1696,3392.0,9.55541042884041,MASP2_Helo_CM,588
1697,3394.0,8.7667402462469,MASP2_Helo_CM,588
1698,3396.0,9.78791501451527,MASP2_Helo_CM,588
1699,3398.0,8.368044172767428,MASP2_Helo_CM,588
1700,3400.0,9.086114333304474,MASP2_Helo_CM,588
1701,3402.0,10.335825268825296,MASP2_Helo_CM,588
1702,3404.0,10.413950072740725,MASP2_Helo_CM,588
1703,3406.0,11.999997977590597,MASP2_Helo_CM,588
1704,3408.0,11.641248104880145,MASP2_Helo_CM,588
1705,3410.0,12.158625905971805,MASP2_Helo_CM,588
1706,3412.0,8.599520444074189,MASP2_Helo_CM,588
1707,3414.0,9.964876114481298,MASP2_Helo_CM,588
1708,3416.0,10.787670716955827,MASP2_Helo_CM,588
1709,3418.0,10.872788464539935,MASP2_Helo_CM,588
1710,3420.0,11.89684341095885,MASP2_Helo_CM,588
1711,3422.0,11.141776794420334,MASP2_Helo_CM,588
1712,3424.0,9.919923713512723,MASP2_Helo_CM,588
1713,3426.0,9.67895336564238,MASP2_Helo_CM,588
1714,3428.0,10.154582796116284,MASP2_Helo_CM,588
1715,3430.0,9.790531922824703,MASP2_Helo_CM,588
1716,3432.0,10.092604104393367,MASP2_Helo_CM,588
1717,3434.0,9.021370024862199,MASP2_Helo_CM,588
1718,3436.0,7.897333166668284,MASP2_Helo_CM,588
1719,3438.0,6.380282056991329,MASP2_Helo_CM,588
1720,3440.0,7.038382882366088,MASP2_Helo_CM,588
1721,3442.0,6.750649663500378,MASP2_Helo_CM,588
1722,3444.0,8.752900276242555,MASP2_Helo_CM,588
1723,3446.0,7.978373818624177,MASP2_Helo_CM,588
1724,3448.0,6.054900923981504,MASP2_Helo_CM,588
1725,3450.0,7.057900827640437,MASP2_Helo_CM,588
1726,3452.0,6.571995428929214,MASP2_Helo_CM,588
1727,3454.0,7.31115054342194,MASP2_Helo_CM,588
1728,3456.0,7.285956535306948,MASP2_Helo_CM,588
1729,3458.0,6.772313546022063,MASP2_Helo_CM,588
1730,3460.0,6.093199081186777,MASP2_Helo_CM,588
1731,3462.0,6.9701879367298645,MASP2_Helo_CM,588
1732,3464.0,6.431648631954189,MASP2_Helo_CM,588
1733,3466.0,6.7940914105061045,MASP2_Helo_CM,588
1734,3468.0,7.0318261613176825,MASP2_Helo_CM,588
1735,3470.0,7.144695867444908,MASP2_Helo_CM,588
1736,3472.0,7.278683330585189,MASP2_Helo_CM,588
1737,3474.0,6.675548299726091,MASP2_Helo_CM,588
1738,3476.0,7.1482600547665305,MASP2_Helo_CM,588
1739,3478.0,6.5714941321543545,MASP2_Helo_CM,588
1740,3480.0,6.731578574594157,MASP2_Helo_CM,588
1741,3482.0,6.612083579309529,MASP2_Helo_CM,588
1742,3484.0,6.592470894231693,MASP2_Helo_CM,588
1743,3486.0,6.601994232004391,MASP2_Helo_CM,588
1744,3488.0,6.300615963614257,MASP2_Helo_CM,588
1745,3490.0,6.054312570760557,MASP2_Helo_CM,588
1746,3492.0,6.128001750961139,MASP2_Helo_CM,588
1747,3494.0,6.7674401398695245,MASP2_Helo_CM,588
1748,3496.0,7.418907853059295,MASP2_Helo_CM,588
1749,3498.0,7.227102258021491,MASP2_Helo_CM,588
1750,3500.0,6.983906960911521,MASP2_Helo_CM,588
1751,3502.0,5.952749309282626,MASP2_Helo_CM,588
1752,3504.0,7.407995219921098,MASP2_Helo_CM,588
1753,3506.0,6.890012921608237,MASP2_Helo_CM,588
1754,3508.0,6.167761267327496,MASP2_Helo_CM,588
1755,3510.0,5.768253545572117,MASP2_Helo_CM,588
1756,3512.0,6.780751987548114,MASP2_Helo_CM,588
1757,3514.0,6.097581226399969,MASP2_Helo_CM,588
1758,3516.0,7.066224800500685,MASP2_Helo_CM,588
1759,3518.0,7.305174420540801,MASP2_Helo_CM,588
1760,3520.0,6.740324426599746,MASP2_Helo_CM,588
1761,3522.0,6.860128978089959,MASP2_Helo_CM,588
1762,3524.0,6.614909187626834,MASP2_Helo_CM,588
1763,3526.0,6.096904213680723,MASP2_Helo_CM,588
1764,3528.0,6.4778533970265455,MASP2_Helo_CM,588
1765,3530.0,5.980752146584149,MASP2_Helo_CM,588
1766,3532.0,6.2937372044015625,MASP2_Helo_CM,588
1767,3534.0,6.835349892284146,MASP2_Helo_CM,588
1768,3536.0,6.4066404930748275,MASP2_Helo_CM,588
1769,3538.0,6.418726652718354,MASP2_Helo_CM,588
1770,3540.0,6.072221565340913,MASP2_Helo_CM,588
1771,3542.0,6.155008063184399,MASP2_Helo_CM,588
1772,3544.0,6.318550625348367,MASP2_Helo_CM,588
1773,3546.0,6.467649282603657,MASP2_Helo_CM,588
1774,3548.0,6.788894017416828,MASP2_Helo_CM,588
1775,3550.0,6.114046760260594,MASP2_Helo_CM,588
1776,3552.0,6.244381779483272,MASP2_Helo_CM,588
1777,3554.0,6.482156574266128,MASP2_Helo_CM,588
1778,3556.0,6.328496712008591,MASP2_Helo_CM,588
1779,3558.0,6.809771077030001,MASP2_Helo_CM,588
1780,3560.0,7.30476714894986,MASP2_Helo_CM,588
1781,3562.0,6.563657360478326,MASP2_Helo_CM,588
1782,3564.0,5.923887848885799,MASP2_Helo_CM,588
1783,3566.0,6.515269184809852,MASP2_Helo_CM,588
1784,3568.0,5.8943555067618565,MASP2_Helo_CM,588
1785,3570.0,5.667651911270176,MASP2_Helo_CM,588
1786,3572.0,5.837208722708085,MASP2_Helo_CM,588
1787,3574.0,5.714388451876789,MASP2_Helo_CM,588
1788,3576.0,6.103435600038132,MASP2_Helo_CM,588
1789,3578.0,6.445182836187165,MASP2_Helo_CM,588
1790,3580.0,7.098208354233557,MASP2_Helo_CM,588
1791,3582.0,7.367965450426782,MASP2_Helo_CM,588
1792,3584.0,6.795112244440614,MASP2_Helo_CM,588
1793,3586.0,7.737368089230492,MASP2_Helo_CM,588
1794,3588.0,7.227163766810954,MASP2_Helo_CM,588
1795,3590.0,8.06675481658351,MASP2_Helo_CM,588
1796,3592.0,7.758526829202898,MASP2_Helo_CM,588
1797,3594.0,7.289078970182093,MASP2_Helo_CM,588
1798,3596.0,7.1113285193498195,MASP2_Helo_CM,588
1799,3598.0,6.65830731545589,MASP2_Helo_CM,588
1800,3600.0,6.282333001748128,MASP2_Helo_CM,588
1801,3602.0,5.926439060765945,MASP2_Helo_CM,588
1802,3604.0,5.775978250945332,MASP2_Helo_CM,588
1803,3606.0,6.34919513424709,MASP2_Helo_CM,588
1804,3608.0,6.5283259453811695,MASP2_Helo_CM,588
1805,3610.0,6.477996110764114,MASP2_Helo_CM,588
1806,3612.0,7.282757458710635,MASP2_Helo_CM,588
1807,3614.0,7.842057166080223,MASP2_Helo_CM,588
1808,3616.0,7.973755220614122,MASP2_Helo_CM,588
1809,3618.0,7.751850073421868,MASP2_Helo_CM,588
1810,3620.0,7.273224155721194,MASP2_Helo_CM,588
1811,3622.0,7.237349289452919,MASP2_Helo_CM,588
1812,3624.0,7.246461113566896,MASP2_Helo_CM,588
1813,3626.0,6.993062899880178,MASP2_Helo_CM,588
1814,3628.0,7.033063865820234,MASP2_Helo_CM,588
1815,3630.0,7.35580510526898,MASP2_Helo_CM,588
1816,3632.0,7.194970011336801,MASP2_Helo_CM,588
1817,3634.0,7.907793627518822,MASP2_Helo_CM,588
1818,3636.0,6.250812808758733,MASP2_Helo_CM,588
1819,3638.0,6.617200103645403,MASP2_Helo_CM,588
1820,3640.0,6.571380627457528,MASP2_Helo_CM,588
1821,3642.0,6.882629385318812,MASP2_Helo_CM,588
1822,3644.0,6.531317431005386,MASP2_Helo_CM,588
1823,3646.0,7.094409889925279,MASP2_Helo_CM,588
1824,3648.0,7.247372593404973,MASP2_Helo_CM,588
1825,3650.0,6.177776574535327,MASP2_Helo_CM,588
1826,3652.0,6.282234127762278,MASP2_Helo_CM,588
1827,3654.0,7.47804483961432,MASP2_Helo_CM,588
1828,3656.0,6.889720064149547,MASP2_Helo_CM,588
1829,3658.0,6.946380259445024,MASP2_Helo_CM,588
1830,3660.0,7.177558836609439,MASP2_Helo_CM,588
1831,3662.0,6.359725115629031,MASP2_Helo_CM,588
1832,3664.0,6.563803515064641,MASP2_Helo_CM,588
1833,3666.0,6.553830607999094,MASP2_Helo_CM,588
1834,3668.0,6.272042871990462,MASP2_Helo_CM,588
1835,3670.0,6.308790955864938,MASP2_Helo_CM,588
1836,3672.0,6.738244666918986,MASP2_Helo_CM,588
1837,3674.0,6.919008735012639,MASP2_Helo_CM,588
1838,3676.0,7.271638470417425,MASP2_Helo_CM,588
1839,3678.0,7.867679304925398,MASP2_Helo_CM,588
1840,3680.0,7.4691883965118535,MASP2_Helo_CM,588
1841,3682.0,6.295016223658429,MASP2_Helo_CM,588
1842,3684.0,7.034080072105918,MASP2_Helo_CM,588
1843,3686.0,6.9732548977294515,MASP2_Helo_CM,588
1844,3688.0,7.220638913880455,MASP2_Helo_CM,588
1845,3690.0,6.608578880592101,MASP2_Helo_CM,588
1846,3692.0,7.221568142451546,MASP2_Helo_CM,588
1847,3694.0,7.204597583181168,MASP2_Helo_CM,588
1848,3696.0,6.414651899615098,MASP2_Helo_CM,588
1849,3698.0,7.174582738185655,MASP2_Helo_CM,588
1850,3700.0,6.72077148925998,MASP2_Helo_CM,588
1851,3702.0,7.205842819980398,MASP2_Helo_CM,588
1852,3704.0,6.704710384683198,MASP2_Helo_CM,588
1853,3706.0,6.2192419448697915,MASP2_Helo_CM,588
1854,3708.0,7.418863629463137,MASP2_Helo_CM,588
1855,3710.0,7.318466195988952,MASP2_Helo_CM,588
1856,3712.0,6.699932190968977,MASP2_Helo_CM,588
1857,3714.0,7.377647716415234,MASP2_Helo_CM,588
1858,3716.0,7.227210799086513,MASP2_Helo_CM,588
1859,3718.0,7.501776934373605,MASP2_Helo_CM,588
1860,3720.0,6.661961820631103,MASP2_Helo_CM,588
1861,3722.0,6.36509385953741,MASP2_Helo_CM,588
1862,3724.0,6.95128619612855,MASP2_Helo_CM,588
1863,3726.0,7.266810844652832,MASP2_Helo_CM,588
1864,3728.0,7.3275223896714765,MASP2_Helo_CM,588
1865,3730.0,6.9786621110073925,MASP2_Helo_CM,588
1866,3732.0,7.0964114088929415,MASP2_Helo_CM,588
1867,3734.0,6.880473369816865,MASP2_Helo_CM,588
1868,3736.0,7.360844484025711,MASP2_Helo_CM,588
1869,3738.0,7.399358717365424,MASP2_Helo_CM,588
1870,3740.0,7.786293190400925,MASP2_Helo_CM,588
1871,3742.0,7.148208538141348,MASP2_Helo_CM,588
1872,3744.0,7.683499385195453,MASP2_Helo_CM,588
1873,3746.0,8.147985598867571,MASP2_Helo_CM,588
1874,3748.0,7.014423999577153,MASP2_Helo_CM,588
1875,3750.0,6.925102948483749,MASP2_Helo_CM,588
1876,3752.0,7.653311926747749,MASP2_Helo_CM,588
1877,3754.0,7.3925112743749075,MASP2_Helo_CM,588
1878,3756.0,7.172071299575299,MASP2_Helo_CM,588
1879,3758.0,6.308766867085544,MASP2_Helo_CM,588
1880,3760.0,6.327449855442836,MASP2_Helo_CM,588
1881,3762.0,5.729673113528268,MASP2_Helo_CM,588
1882,3764.0,6.066082153360861,MASP2_Helo_CM,588
1883,3766.0,5.910145737147689,MASP2_Helo_CM,588
1884,3768.0,5.633683319835096,MASP2_Helo_CM,588
1885,3770.0,6.089931215460999,MASP2_Helo_CM,588
1886,3772.0,5.739937306469799,MASP2_Helo_CM,588
1887,3774.0,6.101465035903429,MASP2_Helo_CM,588
1888,3776.0,6.255689831344802,MASP2_Helo_CM,588
1889,3778.0,5.303568455689655,MASP2_Helo_CM,588
1890,3780.0,5.961336593610159,MASP2_Helo_CM,588
1891,3782.0,5.951397655742943,MASP2_Helo_CM,588
1892,3784.0,6.565788364785511,MASP2_Helo_CM,588
1893,3786.0,6.246516192791809,MASP2_Helo_CM,588
1894,3788.0,5.541999902916967,MASP2_Helo_CM,588
1895,3790.0,6.190962469136701,MASP2_Helo_CM,588
1896,3792.0,5.905819426401012,MASP2_Helo_CM,588
1897,3794.0,5.631975872354953,MASP2_Helo_CM,588
1898,3796.0,6.140306455083474,MASP2_Helo_CM,588
1899,3798.0,6.188324346328638,MASP2_Helo_CM,588
1900,3800.0,5.969290304951294,MASP2_Helo_CM,588
1901,3802.0,5.5496805316126245,MASP2_Helo_CM,588
1902,3804.0,5.9689015666693885,MASP2_Helo_CM,588
1903,3806.0,6.003428086294305,MASP2_Helo_CM,588
1904,3808.0,7.291034298707033,MASP2_Helo_CM,588
1905,3810.0,5.953957096792795,MASP2_Helo_CM,588
1906,3812.0,7.018775209766264,MASP2_Helo_CM,588
1907,3814.0,6.7527187886354545,MASP2_Helo_CM,588
1908,3816.0,6.5085510909319595,MASP2_Helo_CM,588
1909,3818.0,6.566168667534409,MASP2_Helo_CM,588
1910,3820.0,6.34924483712395,MASP2_Helo_CM,588
1911,3822.0,6.607204182275183,MASP2_Helo_CM,588
1912,3824.0,5.895192699071047,MASP2_Helo_CM,588
1913,3826.0,6.172576887616328,MASP2_Helo_CM,588
1914,3828.0,5.952571141288849,MASP2_Helo_CM,588
1915,3830.0,5.848213461663418,MASP2_Helo_CM,588
1916,3832.0,5.942391971600006,MASP2_Helo_CM,588
1917,3834.0,5.88886161046673,MASP2_Helo_CM,588
1918,3836.0,5.853562005916015,MASP2_Helo_CM,588
1919,3838.0,6.117713919438711,MASP2_Helo_CM,588
1920,3840.0,6.453158913976917,MASP2_Helo_CM,588
1921,3842.0,5.713874865455889,MASP2_Helo_CM,588
1922,3844.0,5.576636525887643,MASP2_Helo_CM,588
1923,3846.0,6.155625390917085,MASP2_Helo_CM,588
1924,3848.0,5.92510431613851,MASP2_Helo_CM,588
1925,3850.0,5.594445479761833,MASP2_Helo_CM,588
1926,3852.0,5.885477992161542,MASP2_Helo_CM,588
1927,3854.0,5.599020576490565,MASP2_Helo_CM,588
1928,3856.0,6.385512129591349,MASP2_Helo_CM,588
1929,3858.0,5.46173368378728,MASP2_Helo_CM,588
1930,3860.0,5.509241155041556,MASP2_Helo_CM,588
1931,3862.0,5.991138456991044,MASP2_Helo_CM,588
1932,3864.0,5.888555469734799,MASP2_Helo_CM,588
1933,3866.0,6.330949715340151,MASP2_Helo_CM,588
1934,3868.0,5.795101686999226,MASP2_Helo_CM,588
1935,3870.0,5.801090883413429,MASP2_Helo_CM,588
1936,3872.0,5.71092623504937,MASP2_Helo_CM,588
1937,3874.0,5.627721198128013,MASP2_Helo_CM,588
1938,3876.0,6.4961950965842705,MASP2_Helo_CM,588
1939,3878.0,6.0297757610290255,MASP2_Helo_CM,588
1940,3880.0,6.172478942871839,MASP2_Helo_CM,588
1941,3882.0,6.280516354486574,MASP2_Helo_CM,588
1942,3884.0,6.5049373103212975,MASP2_Helo_CM,588
1943,3886.0,6.054266938508693,MASP2_Helo_CM,588
1944,3888.0,6.0217798395158635,MASP2_Helo_CM,588
1945,3890.0,5.600849519131442,MASP2_Helo_CM,588
1946,3892.0,5.954817091061642,MASP2_Helo_CM,588
1947,3894.0,6.589236191805494,MASP2_Helo_CM,588
1948,3896.0,5.446333202461736,MASP2_Helo_CM,588
1949,3898.0,6.101596812624108,MASP2_Helo_CM,588
1950,3900.0,6.0067768302080005,MASP2_Helo_CM,588
1951,3902.0,6.550130530003745,MASP2_Helo_CM,588
1952,3904.0,6.121247946869236,MASP2_Helo_CM,588
1953,3906.0,6.408703207932501,MASP2_Helo_CM,588
1954,3908.0,5.974687789920277,MASP2_Helo_CM,588
1955,3910.0,6.489697034547564,MASP2_Helo_CM,588
1956,3912.0,6.124366751991782,MASP2_Helo_CM,588
1957,3914.0,6.495368457939703,MASP2_Helo_CM,588
1958,3916.0,6.680649457954555,MASP2_Helo_CM,588
1959,3918.0,6.3380038468496736,MASP2_Helo_CM,588
1960,3920.0,6.725099701807174,MASP2_Helo_CM,588
1961,3922.0,6.493901789193045,MASP2_Helo_CM,588
1962,3924.0,6.169131446774188,MASP2_Helo_CM,588
1963,3926.0,7.161039633326868,MASP2_Helo_CM,588
1964,3928.0,6.349747241701713,MASP2_Helo_CM,588
1965,3930.0,6.849132082246968,MASP2_Helo_CM,588
1966,3932.0,6.700391459651726,MASP2_Helo_CM,588
1967,3934.0,6.5711986071478705,MASP2_Helo_CM,588
1968,3936.0,6.350407287355587,MASP2_Helo_CM,588
1969,3938.0,6.774462846397556,MASP2_Helo_CM,588
1970,3940.0,6.448982382227671,MASP2_Helo_CM,588
1971,3942.0,5.720751194729245,MASP2_Helo_CM,588
1972,3944.0,6.203428659431785,MASP2_Helo_CM,588
1973,3946.0,6.153918460657495,MASP2_Helo_CM,588
1974,3948.0,5.670121328417986,MASP2_Helo_CM,588
1975,3950.0,6.739105558902696,MASP2_Helo_CM,588
1976,3952.0,6.405941405297332,MASP2_Helo_CM,588
1977,3954.0,6.4669233522196565,MASP2_Helo_CM,588
1978,3956.0,6.464204127476549,MASP2_Helo_CM,588
1979,3958.0,6.312393911736452,MASP2_Helo_CM,588
1980,3960.0,6.324378440696899,MASP2_Helo_CM,588
1981,3962.0,6.3556791884667705,MASP2_Helo_CM,588
1982,3964.0,5.840170754536529,MASP2_Helo_CM,588
1983,3966.0,6.061468583698913,MASP2_Helo_CM,588
1984,3968.0,6.340158044876573,MASP2_Helo_CM,588
1985,3970.0,6.181675991260067,MASP2_Helo_CM,588
1986,3972.0,5.906833076425187,MASP2_Helo_CM,588
1987,3974.0,5.471729780626164,MASP2_Helo_CM,588
1988,3976.0,5.768880122474464,MASP2_Helo_CM,588
1989,3978.0,5.933935140055295,MASP2_Helo_CM,588
1990,3980.0,6.1592963564579515,MASP2_Helo_CM,588
1991,3982.0,5.774227250839014,MASP2_Helo_CM,588
1992,3984.0,5.66233668799924,MASP2_Helo_CM,588
1993,3986.0,6.020612081831883,MASP2_Helo_CM,588
1994,3988.0,5.836010776398349,MASP2_Helo_CM,588
1995,3990.0,6.233624396602733,MASP2_Helo_CM,588
1996,3992.0,6.148570757322989,MASP2_Helo_CM,588
1997,3994.0,5.728537423222986,MASP2_Helo_CM,588
1998,3996.0,6.144435232434357,MASP2_Helo_CM,588
1999,3998.0,5.755103334855405,MASP2_Helo_CM,588
2000,4000.0,5.806876026810702,MASP2_Helo_CM,588
2001,4002.0,5.626666372106128,MASP2_Helo_CM,588
2002,4004.0,5.9306056475958755,MASP2_Helo_CM,588
2003,4006.0,6.0303314894724265,MASP2_Helo_CM,588
2004,4008.0,5.900995064955879,MASP2_Helo_CM,588
2005,4010.0,6.324653593760268,MASP2_Helo_CM,588
2006,4012.0,6.697113725237747,MASP2_Helo_CM,588
2007,4014.0,6.458771027456901,MASP2_Helo_CM,588
2008,4016.0,5.612558405466202,MASP2_Helo_CM,588
2009,4018.0,5.725389317800263,MASP2_Helo_CM,588
2010,4020.0,5.6656733784795295,MASP2_Helo_CM,588
2011,4022.0,6.353540268302219,MASP2_Helo_CM,588
2012,4024.0,5.875212704420451,MASP2_Helo_CM,588
2013,4026.0,5.566249847500914,MASP2_Helo_CM,588
2014,4028.0,6.268510038750604,MASP2_Helo_CM,588
2015,4030.0,5.690865447097792,MASP2_Helo_CM,588
2016,4032.0,5.967889366334031,MASP2_Helo_CM,588
2017,4034.0,5.954060502428253,MASP2_Helo_CM,588
2018,4036.0,6.352645759690154,MASP2_Helo_CM,588
2019,4038.0,7.006338387750399,MASP2_Helo_CM,588
2020,4040.0,6.878962831403868,MASP2_Helo_CM,588
2021,4042.0,6.8670183185737965,MASP2_Helo_CM,588
2022,4044.0,6.100926226140563,MASP2_Helo_CM,588
2023,4046.0,5.787452205775686,MASP2_Helo_CM,588
2024,4048.0,5.909609919424841,MASP2_Helo_CM,588
2025,4050.0,6.174225987069262,MASP2_Helo_CM,588
2026,4052.0,5.768094609047515,MASP2_Helo_CM,588
2027,4054.0,6.1367284394890165,MASP2_Helo_CM,588
2028,4056.0,6.885245460006154,MASP2_Helo_CM,588
2029,4058.0,5.818939388316195,MASP2_Helo_CM,588
2030,4060.0,5.864302331496089,MASP2_Helo_CM,588
2031,4062.0,5.887930889527716,MASP2_Helo_CM,588
2032,4064.0,5.728537697454006,MASP2_Helo_CM,588
2033,4066.0,5.775737248610719,MASP2_Helo_CM,588
2034,4068.0,5.81378587973891,MASP2_Helo_CM,588
2035,4070.0,5.774322407515119,MASP2_Helo_CM,588
2036,4072.0,5.392061587974664,MASP2_Helo_CM,588
2037,4074.0,5.563880521351707,MASP2_Helo_CM,588
2038,4076.0,5.782448692981657,MASP2_Helo_CM,588
2039,4078.0,5.814279917774029,MASP2_Helo_CM,588
2040,4080.0,6.465135718441655,MASP2_Helo_CM,588
2041,4082.0,7.5800661275520165,MASP2_Helo_CM,588
2042,4084.0,5.726016662060436,MASP2_Helo_CM,588
2043,4086.0,5.986592258056339,MASP2_Helo_CM,588
2044,4088.0,5.956180424247891,MASP2_Helo_CM,588
2045,4090.0,6.052132332959505,MASP2_Helo_CM,588
2046,4092.0,6.356736507032523,MASP2_Helo_CM,588
2047,4094.0,5.76498309612856,MASP2_Helo_CM,588
2048,4096.0,5.685402268951433,MASP2_Helo_CM,588
2049,4098.0,5.847920184811703,MASP2_Helo_CM,588
2050,4100.0,6.122219331990921,MASP2_Helo_CM,588
2051,4102.0,6.667311308749051,MASP2_Helo_CM,588
2052,4104.0,6.0654952471238,MASP2_Helo_CM,588
2053,4106.0,5.974286397268063,MASP2_Helo_CM,588
2054,4108.0,5.777590014390505,MASP2_Helo_CM,588
2055,4110.0,5.845185389157561,MASP2_Helo_CM,588
2056,4112.0,5.887047899117851,MASP2_Helo_CM,588
2057,4114.0,6.026388164840465,MASP2_Helo_CM,588
2058,4116.0,6.229025344480912,MASP2_Helo_CM,588
2059,4118.0,5.609732764054929,MASP2_Helo_CM,588
2060,4120.0,6.210776560786774,MASP2_Helo_CM,588
2061,4122.0,5.613898089385327,MASP2_Helo_CM,588
2062,4124.0,5.866186264669244,MASP2_Helo_CM,588
2063,4126.0,6.383307052036451,MASP2_Helo_CM,588
2064,4128.0,5.743949913737343,MASP2_Helo_CM,588
2065,4130.0,6.102091802670556,MASP2_Helo_CM,588
2066,4132.0,5.883122530308969,MASP2_Helo_CM,588
2067,4134.0,6.61706821908214,MASP2_Helo_CM,588
2068,4136.0,6.8119475388487105,MASP2_Helo_CM,588
2069,4138.0,5.901562356398337,MASP2_Helo_CM,588
2070,4140.0,6.33054484493021,MASP2_Helo_CM,588
2071,4142.0,6.329765290118161,MASP2_Helo_CM,588
2072,4144.0,5.8476277114414525,MASP2_Helo_CM,588
2073,4146.0,5.922999980123494,MASP2_Helo_CM,588
2074,4148.0,6.1172944896509955,MASP2_Helo_CM,588
2075,4150.0,6.589219224793129,MASP2_Helo_CM,588
2076,4152.0,6.020058452703301,MASP2_Helo_CM,588
2077,4154.0,5.847269680720716,MASP2_Helo_CM,588
2078,4156.0,6.520165186347302,MASP2_Helo_CM,588
2079,4158.0,6.216047523170188,MASP2_Helo_CM,588
2080,4160.0,6.229244002968714,MASP2_Helo_CM,588
2081,4162.0,6.19621857613298,MASP2_Helo_CM,588
2082,4164.0,7.068260243339427,MASP2_Helo_CM,588
2083,4166.0,6.524978174642004,MASP2_Helo_CM,588
2084,4168.0,5.986146566971668,MASP2_Helo_CM,588
2085,4170.0,6.635143608477519,MASP2_Helo_CM,588
2086,4172.0,6.606880713256843,MASP2_Helo_CM,588
2087,4174.0,5.9992056548200186,MASP2_Helo_CM,588
2088,4176.0,6.2304697930306,MASP2_Helo_CM,588
2089,4178.0,5.849843217977202,MASP2_Helo_CM,588
2090,4180.0,6.304444472471382,MASP2_Helo_CM,588
2091,4182.0,7.225955311533076,MASP2_Helo_CM,588
2092,4184.0,6.046422746781332,MASP2_Helo_CM,588
2093,4186.0,6.16983051397553,MASP2_Helo_CM,588
2094,4188.0,6.064150803462007,MASP2_Helo_CM,588
2095,4190.0,6.0163081786902035,MASP2_Helo_CM,588
2096,4192.0,6.238150753858921,MASP2_Helo_CM,588
2097,4194.0,5.802261623592313,MASP2_Helo_CM,588
2098,4196.0,5.98195019767699,MASP2_Helo_CM,588
2099,4198.0,5.981431076090987,MASP2_Helo_CM,588
2100,4200.0,6.1935036742473715,MASP2_Helo_CM,588
2101,4202.0,6.031607861420747,MASP2_Helo_CM,588
2102,4204.0,6.283704123471448,MASP2_Helo_CM,588
2103,4206.0,5.978929412624626,MASP2_Helo_CM,588
2104,4208.0,6.188512734276209,MASP2_Helo_CM,588
2105,4210.0,7.14560891265227,MASP2_Helo_CM,588
2106,4212.0,6.747586634836594,MASP2_Helo_CM,588
2107,4214.0,6.139272068213983,MASP2_Helo_CM,588
2108,4216.0,6.062445018662186,MASP2_Helo_CM,588
2109,4218.0,6.373291812476609,MASP2_Helo_CM,588
2110,4220.0,5.707480198387332,MASP2_Helo_CM,588
2111,4222.0,5.919543878264946,MASP2_Helo_CM,588
2112,4224.0,5.758443045091437,MASP2_Helo_CM,588
2113,4226.0,6.259085827065306,MASP2_Helo_CM,588
2114,4228.0,6.16754977515726,MASP2_Helo_CM,588
2115,4230.0,6.335506586240441,MASP2_Helo_CM,588
2116,4232.0,6.26149538283027,MASP2_Helo_CM,588
2117,4234.0,6.044864468484026,MASP2_Helo_CM,588
2118,4236.0,7.074249961879657,MASP2_Helo_CM,588
2119,4238.0,5.909718606473406,MASP2_Helo_CM,588
2120,4240.0,5.692560153323336,MASP2_Helo_CM,588
2121,4242.0,6.139847517486085,MASP2_Helo_CM,588
2122,4244.0,6.084692810976197,MASP2_Helo_CM,588
2123,4246.0,5.934061226718952,MASP2_Helo_CM,588
2124,4248.0,5.8919831872281865,MASP2_Helo_CM,588
2125,4250.0,6.403183654093259,MASP2_Helo_CM,588
2126,4252.0,6.3072757549973595,MASP2_Helo_CM,588
2127,4254.0,6.034012393025119,MASP2_Helo_CM,588
2128,4256.0,5.679063876716326,MASP2_Helo_CM,588
2129,4258.0,6.437731171970764,MASP2_Helo_CM,588
2130,4260.0,6.190164079835504,MASP2_Helo_CM,588
2131,4262.0,6.133108071205075,MASP2_Helo_CM,588
2132,4264.0,6.012735746058892,MASP2_Helo_CM,588
2133,4266.0,6.455025822963824,MASP2_Helo_CM,588
2134,4268.0,6.39307769266866,MASP2_Helo_CM,588
2135,4270.0,6.043503502081261,MASP2_Helo_CM,588
2136,4272.0,5.747604043761207,MASP2_Helo_CM,588
2137,4274.0,6.403564019587056,MASP2_Helo_CM,588
2138,4276.0,6.00567471002227,MASP2_Helo_CM,588
2139,4278.0,5.642746389151031,MASP2_Helo_CM,588
2140,4280.0,6.332473785669869,MASP2_Helo_CM,588
2141,4282.0,6.204337158225421,MASP2_Helo_CM,588
2142,4284.0,6.334696288052453,MASP2_Helo_CM,588
2143,4286.0,5.890251912210867,MASP2_Helo_CM,588
2144,4288.0,6.065391397812553,MASP2_Helo_CM,588
2145,4290.0,6.17407515443654,MASP2_Helo_CM,588
2146,4292.0,5.923177189630915,MASP2_Helo_CM,588
2147,4294.0,6.046190315052191,MASP2_Helo_CM,588
2148,4296.0,6.113576624417429,MASP2_Helo_CM,588
2149,4298.0,5.5990402892892615,MASP2_Helo_CM,588
2150,4300.0,5.723611722075913,MASP2_Helo_CM,588
2151,4302.0,6.991352800721579,MASP2_Helo_CM,588
2152,4304.0,5.899285419438095,MASP2_Helo_CM,588
2153,4306.0,6.383303288253027,MASP2_Helo_CM,588
2154,4308.0,6.104791811246023,MASP2_Helo_CM,588
2155,4310.0,6.443085527940493,MASP2_Helo_CM,588
2156,4312.0,5.9365944567723945,MASP2_Helo_CM,588
2157,4314.0,5.958011846330216,MASP2_Helo_CM,588
2158,4316.0,6.037045561806936,MASP2_Helo_CM,588
2159,4318.0,6.310786711318322,MASP2_Helo_CM,588
2160,4320.0,6.174722576481873,MASP2_Helo_CM,588
2161,4322.0,5.868489831217687,MASP2_Helo_CM,588
2162,4324.0,6.272958747084972,MASP2_Helo_CM,588
2163,4326.0,5.790057564137919,MASP2_Helo_CM,588
2164,4328.0,5.460044514503062,MASP2_Helo_CM,588
2165,4330.0,6.537522241815646,MASP2_Helo_CM,588
2166,4332.0,6.652475198909416,MASP2_Helo_CM,588
2167,4334.0,6.3643556749457275,MASP2_Helo_CM,588
2168,4336.0,5.945416928816823,MASP2_Helo_CM,588
2169,4338.0,5.520441391952087,MASP2_Helo_CM,588
2170,4340.0,6.9823689077845685,MASP2_Helo_CM,588
2171,4342.0,6.83290412994173,MASP2_Helo_CM,588
2172,4344.0,6.872241560882142,MASP2_Helo_CM,588
2173,4346.0,6.066763310785243,MASP2_Helo_CM,588
2174,4348.0,5.826244665247923,MASP2_Helo_CM,588
2175,4350.0,6.279921795708652,MASP2_Helo_CM,588
2176,4352.0,5.971383471432722,MASP2_Helo_CM,588
2177,4354.0,6.395663934699752,MASP2_Helo_CM,588
2178,4356.0,6.26427886404124,MASP2_Helo_CM,588
2179,4358.0,5.840698116328397,MASP2_Helo_CM,588
2180,4360.0,6.213819943524144,MASP2_Helo_CM,588
2181,4362.0,6.212480557725746,MASP2_Helo_CM,588
2182,4364.0,6.449500065944633,MASP2_Helo_CM,588
2183,4366.0,6.305261300164824,MASP2_Helo_CM,588
2184,4368.0,6.587999300406257,MASP2_Helo_CM,588
2185,4370.0,5.742936222576333,MASP2_Helo_CM,588
2186,4372.0,5.960838711756451,MASP2_Helo_CM,588
2187,4374.0,5.846126091900273,MASP2_Helo_CM,588
2188,4376.0,6.087237470633637,MASP2_Helo_CM,588
2189,4378.0,6.835931291624584,MASP2_Helo_CM,588
2190,4380.0,5.927669961505762,MASP2_Helo_CM,588
2191,4382.0,5.869943141345727,MASP2_Helo_CM,588
2192,4384.0,6.532787181194097,MASP2_Helo_CM,588
2193,4386.0,6.184847805091443,MASP2_Helo_CM,588
2194,4388.0,6.643669454892349,MASP2_Helo_CM,588
2195,4390.0,6.508227951419916,MASP2_Helo_CM,588
2196,4392.0,6.30720594638856,MASP2_Helo_CM,588
2197,4394.0,6.0545802215896325,MASP2_Helo_CM,588
2198,4396.0,5.829190717226012,MASP2_Helo_CM,588
2199,4398.0,5.835301461508757,MASP2_Helo_CM,588
2200,4400.0,6.364679122460362,MASP2_Helo_CM,588
2201,4402.0,5.894476067228792,MASP2_Helo_CM,588
2202,4404.0,6.281028143208682,MASP2_Helo_CM,588
2203,4406.0,6.816031886593496,MASP2_Helo_CM,588
2204,4408.0,6.340811065478452,MASP2_Helo_CM,588
2205,4410.0,6.808657447432755,MASP2_Helo_CM,588
2206,4412.0,6.290651096410935,MASP2_Helo_CM,588
2207,4414.0,6.271200328456107,MASP2_Helo_CM,588
2208,4416.0,5.5245704578085775,MASP2_Helo_CM,588
2209,4418.0,6.348804865110649,MASP2_Helo_CM,588
2210,4420.0,6.3933647120784585,MASP2_Helo_CM,588
2211,4422.0,6.086886748190263,MASP2_Helo_CM,588
2212,4424.0,6.756125597618259,MASP2_Helo_CM,588
2213,4426.0,6.587875657129277,MASP2_Helo_CM,588
2214,4428.0,6.614209699306693,MASP2_Helo_CM,588
2215,4430.0,6.4598901395377535,MASP2_Helo_CM,588
2216,4432.0,6.846565054160027,MASP2_Helo_CM,588
2217,4434.0,6.489462951164707,MASP2_Helo_CM,588
2218,4436.0,5.816401666025387,MASP2_Helo_CM,588
2219,4438.0,6.941665997802014,MASP2_Helo_CM,588
2220,4440.0,6.90884560869664,MASP2_Helo_CM,588
2221,4442.0,6.941065454303638,MASP2_Helo_CM,588
2222,4444.0,6.5538347552155125,MASP2_Helo_CM,588
2223,4446.0,6.093277528459473,MASP2_Helo_CM,588
2224,4448.0,5.906275719261056,MASP2_Helo_CM,588
2225,4450.0,6.583985741571984,MASP2_Helo_CM,588
2226,4452.0,6.543810017557998,MASP2_Helo_CM,588
2227,4454.0,7.474488090082343,MASP2_Helo_CM,588
2228,4456.0,6.6490057996399,MASP2_Helo_CM,588
2229,4458.0,6.0561673341306035,MASP2_Helo_CM,588
2230,4460.0,6.680485636610204,MASP2_Helo_CM,588
2231,4462.0,6.433512746430611,MASP2_Helo_CM,588
2232,4464.0,6.6184647734801265,MASP2_Helo_CM,588
2233,4466.0,5.566331242569132,MASP2_Helo_CM,588
2234,4468.0,6.1786353394335105,MASP2_Helo_CM,588
2235,4470.0,6.0770621730579215,MASP2_Helo_CM,588
2236,4472.0,6.151565571183084,MASP2_Helo_CM,588
2237,4474.0,6.22265086942375,MASP2_Helo_CM,588
2238,4476.0,5.717271173701668,MASP2_Helo_CM,588
2239,4478.0,7.287511129950889,MASP2_Helo_CM,588
2240,4480.0,7.108907724264015,MASP2_Helo_CM,588
2241,4482.0,6.26564281576539,MASP2_Helo_CM,588
2242,4484.0,6.959659561823425,MASP2_Helo_CM,588
2243,4486.0,6.047612189893194,MASP2_Helo_CM,588
2244,4488.0,6.6157977415703515,MASP2_Helo_CM,588
2245,4490.0,6.521980291056299,MASP2_Helo_CM,588
2246,4492.0,6.135486038491214,MASP2_Helo_CM,588
2247,4494.0,6.292844034593027,MASP2_Helo_CM,588
2248,4496.0,6.37664397854153,MASP2_Helo_CM,588
2249,4498.0,6.084255710409953,MASP2_Helo_CM,588
2250,4500.0,6.292203612137046,MASP2_Helo_CM,588
2251,4502.0,7.444559613697823,MASP2_Helo_CM,588
2252,4504.0,7.12302815696216,MASP2_Helo_CM,588
2253,4506.0,7.9084306891053835,MASP2_Helo_CM,588
2254,4508.0,6.781853947677337,MASP2_Helo_CM,588
2255,4510.0,7.731273229478049,MASP2_Helo_CM,588
2256,4512.0,7.299141407493086,MASP2_Helo_CM,588
2257,4514.0,8.10043305711799,MASP2_Helo_CM,588
2258,4516.0,7.7574214460866076,MASP2_Helo_CM,588
2259,4518.0,8.22847398104937,MASP2_Helo_CM,588
2260,4520.0,5.806252442734528,MASP2_Helo_CM,588
2261,4522.0,6.060055909054161,MASP2_Helo_CM,588
2262,4524.0,6.415556605395642,MASP2_Helo_CM,588
2263,4526.0,6.0697910243649975,MASP2_Helo_CM,588
2264,4528.0,6.245862301571711,MASP2_Helo_CM,588
2265,4530.0,5.7570847392027265,MASP2_Helo_CM,588
2266,4532.0,6.027813871184404,MASP2_Helo_CM,588
2267,4534.0,6.29491631856391,MASP2_Helo_CM,588
2268,4536.0,6.09868959144072,MASP2_Helo_CM,588
2269,4538.0,5.93698834333368,MASP2_Helo_CM,588
2270,4540.0,5.563176364441909,MASP2_Helo_CM,588
2271,4542.0,6.19309037497053,MASP2_Helo_CM,588
2272,4544.0,6.197490117806091,MASP2_Helo_CM,588
2273,4546.0,5.581617514539575,MASP2_Helo_CM,588
2274,4548.0,6.125545462005384,MASP2_Helo_CM,588
2275,4550.0,5.812489612775951,MASP2_Helo_CM,588
2276,4552.0,6.17799372802277,MASP2_Helo_CM,588
2277,4554.0,6.640949885288984,MASP2_Helo_CM,588
2278,4556.0,5.650072659211431,MASP2_Helo_CM,588
2279,4558.0,5.8240683693403925,MASP2_Helo_CM,588
2280,4560.0,5.99652600646225,MASP2_Helo_CM,588
2281,4562.0,5.829305729707232,MASP2_Helo_CM,588
2282,4564.0,5.468516781683572,MASP2_Helo_CM,588
2283,4566.0,6.4375889381317455,MASP2_Helo_CM,588
2284,4568.0,6.152509689998523,MASP2_Helo_CM,588
2285,4570.0,5.330914586218338,MASP2_Helo_CM,588
2286,4572.0,6.005466984551019,MASP2_Helo_CM,588
2287,4574.0,6.219026837875823,MASP2_Helo_CM,588
2288,4576.0,5.800549129616792,MASP2_Helo_CM,588
2289,4578.0,5.977559582483741,MASP2_Helo_CM,588
2290,4580.0,6.011069330944348,MASP2_Helo_CM,588
2291,4582.0,6.415404627216043,MASP2_Helo_CM,588
2292,4584.0,5.573733278105501,MASP2_Helo_CM,588
2293,4586.0,6.068925066736634,MASP2_Helo_CM,588
2294,4588.0,6.142971087261655,MASP2_Helo_CM,588
2295,4590.0,6.8317858048280655,MASP2_Helo_CM,588
2296,4592.0,6.555459044780879,MASP2_Helo_CM,588
2297,4594.0,5.925707685074519,MASP2_Helo_CM,588
2298,4596.0,6.441919119373837,MASP2_Helo_CM,588
2299,4598.0,6.27705331785616,MASP2_Helo_CM,588
2300,4600.0,5.414254633363372,MASP2_Helo_CM,588
2301,4602.0,5.854867345328172,MASP2_Helo_CM,588
2302,4604.0,5.9219790831264225,MASP2_Helo_CM,588
2303,4606.0,5.595906398042616,MASP2_Helo_CM,588
2304,4608.0,5.870338526213373,MASP2_Helo_CM,588
2305,4610.0,5.942763115090473,MASP2_Helo_CM,588
2306,4612.0,5.808684022746536,MASP2_Helo_CM,588
2307,4614.0,6.45639505172037,MASP2_Helo_CM,588
2308,4616.0,6.016378149800502,MASP2_Helo_CM,588
2309,4618.0,6.019419783787186,MASP2_Helo_CM,588
2310,4620.0,5.6630343339730285,MASP2_Helo_CM,588
2311,4622.0,5.811475724969398,MASP2_Helo_CM,588
2312,4624.0,6.023591445831796,MASP2_Helo_CM,588
2313,4626.0,6.545666883272458,MASP2_Helo_CM,588
2314,4628.0,6.446380456494202,MASP2_Helo_CM,588
2315,4630.0,6.4194934214176,MASP2_Helo_CM,588
2316,4632.0,6.216776315067466,MASP2_Helo_CM,588
2317,4634.0,6.1029262854380875,MASP2_Helo_CM,588
2318,4636.0,6.5887758781765235,MASP2_Helo_CM,588
2319,4638.0,5.372971852178416,MASP2_Helo_CM,588
2320,4640.0,5.597129446076337,MASP2_Helo_CM,588
2321,4642.0,6.303561913336801,MASP2_Helo_CM,588
2322,4644.0,6.3022313738919165,MASP2_Helo_CM,588
2323,4646.0,5.877533476894746,MASP2_Helo_CM,588
2324,4648.0,5.834449523685013,MASP2_Helo_CM,588
2325,4650.0,5.987247472639346,MASP2_Helo_CM,588
2326,4652.0,5.8124122612673945,MASP2_Helo_CM,588
2327,4654.0,5.528905845387466,MASP2_Helo_CM,588
2328,4656.0,5.982093428931947,MASP2_Helo_CM,588
2329,4658.0,6.006374651398877,MASP2_Helo_CM,588
2330,4660.0,6.207793902285856,MASP2_Helo_CM,588
2331,4662.0,6.030522670549269,MASP2_Helo_CM,588
2332,4664.0,5.952996924120841,MASP2_Helo_CM,588
2333,4666.0,5.785770350160228,MASP2_Helo_CM,588
2334,4668.0,5.670652835464678,MASP2_Helo_CM,588
2335,4670.0,5.6301185367691255,MASP2_Helo_CM,588
2336,4672.0,5.7409597375503925,MASP2_Helo_CM,588
2337,4674.0,5.658700677784146,MASP2_Helo_CM,588
2338,4676.0,5.953303185271944,MASP2_Helo_CM,588
2339,4678.0,6.030034122725948,MASP2_Helo_CM,588
2340,4680.0,6.566357413323396,MASP2_Helo_CM,588
2341,4682.0,6.0661186602601935,MASP2_Helo_CM,588
2342,4684.0,6.384385414398422,MASP2_Helo_CM,588
2343,4686.0,6.154812105749398,MASP2_Helo_CM,588
2344,4688.0,6.429765995237261,MASP2_Helo_CM,588
2345,4690.0,6.833072416990238,MASP2_Helo_CM,588
2346,4692.0,5.777136388637096,MASP2_Helo_CM,588
2347,4694.0,6.17751118943135,MASP2_Helo_CM,588
2348,4696.0,5.9880873703672295,MASP2_Helo_CM,588
2349,4698.0,6.029134914805204,MASP2_Helo_CM,588
2350,4700.0,6.11081514329577,MASP2_Helo_CM,588
2351,4702.0,6.095728143312272,MASP2_Helo_CM,588
2352,4704.0,6.323733680472455,MASP2_Helo_CM,588
2353,4706.0,6.548578149362548,MASP2_Helo_CM,588
2354,4708.0,5.517490924696389,MASP2_Helo_CM,588
2355,4710.0,6.3363927732087735,MASP2_Helo_CM,588
2356,4712.0,6.168094729613281,MASP2_Helo_CM,588
2357,4714.0,6.520469247695441,MASP2_Helo_CM,588
2358,4716.0,6.8625200790643675,MASP2_Helo_CM,588
2359,4718.0,6.436730379474291,MASP2_Helo_CM,588
2360,4720.0,5.857983247843723,MASP2_Helo_CM,588
2361,4722.0,5.816921658603269,MASP2_Helo_CM,588
2362,4724.0,6.375260246493856,MASP2_Helo_CM,588
2363,4726.0,6.180536605079428,MASP2_Helo_CM,588
2364,4728.0,5.973421637944736,MASP2_Helo_CM,588
2365,4730.0,5.982267802693327,MASP2_Helo_CM,588
2366,4732.0,6.073775878040544,MASP2_Helo_CM,588
2367,4734.0,6.387214536002661,MASP2_Helo_CM,588
2368,4736.0,5.414352035404437,MASP2_Helo_CM,588
2369,4738.0,5.872117478429356,MASP2_Helo_CM,588
2370,4740.0,6.467488708074975,MASP2_Helo_CM,588
2371,4742.0,6.206085056913532,MASP2_Helo_CM,588
2372,4744.0,6.022421987862879,MASP2_Helo_CM,588
2373,4746.0,5.674575139578845,MASP2_Helo_CM,588
2374,4748.0,6.295619157510717,MASP2_Helo_CM,588
2375,4750.0,5.948507752885588,MASP2_Helo_CM,588
2376,4752.0,6.232732889920121,MASP2_Helo_CM,588
2377,4754.0,6.555177590567453,MASP2_Helo_CM,588
2378,4756.0,5.562513338078359,MASP2_Helo_CM,588
2379,4758.0,5.863661377245552,MASP2_Helo_CM,588
2380,4760.0,6.556047557385944,MASP2_Helo_CM,588
2381,4762.0,5.911222735207244,MASP2_Helo_CM,588
2382,4764.0,6.958897652927433,MASP2_Helo_CM,588
2383,4766.0,6.156017328823797,MASP2_Helo_CM,588
2384,4768.0,5.929494907237683,MASP2_Helo_CM,588
2385,4770.0,6.146171919175387,MASP2_Helo_CM,588
2386,4772.0,5.529961704300838,MASP2_Helo_CM,588
2387,4774.0,5.704740112368437,MASP2_Helo_CM,588
2388,4776.0,5.98489341453502,MASP2_Helo_CM,588
2389,4778.0,6.550585523010327,MASP2_Helo_CM,588
2390,4780.0,7.072465137824268,MASP2_Helo_CM,588
2391,4782.0,6.1354491641381665,MASP2_Helo_CM,588
2392,4784.0,6.344924237580926,MASP2_Helo_CM,588
2393,4786.0,5.811852817856384,MASP2_Helo_CM,588
2394,4788.0,5.908235670490764,MASP2_Helo_CM,588
2395,4790.0,5.970621067707224,MASP2_Helo_CM,588
2396,4792.0,6.469240091943176,MASP2_Helo_CM,588
2397,4794.0,6.085352500028481,MASP2_Helo_CM,588
2398,4796.0,6.236343769668366,MASP2_Helo_CM,588
2399,4798.0,5.92272378795177,MASP2_Helo_CM,588
2400,4800.0,5.791904219328873,MASP2_Helo_CM,588
2401,4802.0,5.597983467140612,MASP2_Helo_CM,588
2402,4804.0,5.625147908087127,MASP2_Helo_CM,588
2403,4806.0,6.0346164290781905,MASP2_Helo_CM,588
2404,4808.0,5.78183490541374,MASP2_Helo_CM,588
2405,4810.0,6.240836654716964,MASP2_Helo_CM,588
2406,4812.0,6.827456507507983,MASP2_Helo_CM,588
2407,4814.0,5.862299351365686,MASP2_Helo_CM,588
2408,4816.0,5.969267150166367,MASP2_Helo_CM,588
2409,4818.0,6.586363835416348,MASP2_Helo_CM,588
2410,4820.0,6.686420931263835,MASP2_Helo_CM,588
2411,4822.0,6.103213430661771,MASP2_Helo_CM,588
2412,4824.0,6.0393189750719225,MASP2_Helo_CM,588
2413,4826.0,6.465422206578582,MASP2_Helo_CM,588
2414,4828.0,5.998145455862153,MASP2_Helo_CM,588
2415,4830.0,7.126134789091386,MASP2_Helo_CM,588
2416,4832.0,6.7390234277541134,MASP2_Helo_CM,588
2417,4834.0,6.970765284770622,MASP2_Helo_CM,588
2418,4836.0,6.05298037649559,MASP2_Helo_CM,588
2419,4838.0,6.099663977084021,MASP2_Helo_CM,588
2420,4840.0,6.336374613026238,MASP2_Helo_CM,588
2421,4842.0,5.522871018144664,MASP2_Helo_CM,588
2422,4844.0,7.837335661488448,MASP2_Helo_CM,588
2423,4846.0,6.878078616662936,MASP2_Helo_CM,588
2424,4848.0,6.1550749787608625,MASP2_Helo_CM,588
2425,4850.0,6.566770129869352,MASP2_Helo_CM,588
2426,4852.0,5.871084979965868,MASP2_Helo_CM,588
2427,4854.0,5.79378635098105,MASP2_Helo_CM,588
2428,4856.0,5.530012676050299,MASP2_Helo_CM,588
2429,4858.0,5.656949288195237,MASP2_Helo_CM,588
2430,4860.0,6.106698482500637,MASP2_Helo_CM,588
2431,4862.0,5.944352548244569,MASP2_Helo_CM,588
2432,4864.0,5.86534578033643,MASP2_Helo_CM,588
2433,4866.0,5.743739619955796,MASP2_Helo_CM,588
2434,4868.0,6.098071520207272,MASP2_Helo_CM,588
2435,4870.0,6.001494615668318,MASP2_Helo_CM,588
2436,4872.0,5.962027651473377,MASP2_Helo_CM,588
2437,4874.0,6.413404122245112,MASP2_Helo_CM,588
2438,4876.0,5.833856880099911,MASP2_Helo_CM,588
2439,4878.0,5.378525113778545,MASP2_Helo_CM,588
2440,4880.0,5.417125552706615,MASP2_Helo_CM,588
2441,4882.0,5.627343577054966,MASP2_Helo_CM,588
2442,4884.0,5.967742443989825,MASP2_Helo_CM,588
2443,4886.0,5.711935636225348,MASP2_Helo_CM,588
2444,4888.0,6.290933614796728,MASP2_Helo_CM,588
2445,4890.0,6.736110792283773,MASP2_Helo_CM,588
2446,4892.0,6.520666724681177,MASP2_Helo_CM,588
2447,4894.0,6.273492284300916,MASP2_Helo_CM,588
2448,4896.0,5.650502510891473,MASP2_Helo_CM,588
2449,4898.0,5.6679011985531185,MASP2_Helo_CM,588
2450,4900.0,5.371075780196388,MASP2_Helo_CM,588
2451,4902.0,5.506494798019249,MASP2_Helo_CM,588
2452,4904.0,6.098901257817352,MASP2_Helo_CM,588
2453,4906.0,5.615967862396952,MASP2_Helo_CM,588
2454,4908.0,6.009866875604303,MASP2_Helo_CM,588
2455,4910.0,6.159139814319177,MASP2_Helo_CM,588
2456,4912.0,6.401032081768585,MASP2_Helo_CM,588
2457,4914.0,5.607524914926959,MASP2_Helo_CM,588
2458,4916.0,6.026397042680309,MASP2_Helo_CM,588
2459,4918.0,5.622364367855458,MASP2_Helo_CM,588
2460,4920.0,6.122500885493366,MASP2_Helo_CM,588
2461,4922.0,5.33752116139677,MASP2_Helo_CM,588
2462,4924.0,5.346461542253738,MASP2_Helo_CM,588
2463,4926.0,6.076172780815096,MASP2_Helo_CM,588
2464,4928.0,6.023470196030787,MASP2_Helo_CM,588
2465,4930.0,6.497693718768165,MASP2_Helo_CM,588
2466,4932.0,5.621990540999688,MASP2_Helo_CM,588
2467,4934.0,6.32055399837312,MASP2_Helo_CM,588
2468,4936.0,5.898906884840175,MASP2_Helo_CM,588
2469,4938.0,6.1873891785866855,MASP2_Helo_CM,588
2470,4940.0,5.736871892583386,MASP2_Helo_CM,588
2471,4942.0,6.060898301555513,MASP2_Helo_CM,588
2472,4944.0,5.811682182314141,MASP2_Helo_CM,588
2473,4946.0,5.880202679752202,MASP2_Helo_CM,588
2474,4948.0,5.560333723445866,MASP2_Helo_CM,588
2475,4950.0,6.163933290965899,MASP2_Helo_CM,588
2476,4952.0,6.158248386718279,MASP2_Helo_CM,588
2477,4954.0,5.979952605143288,MASP2_Helo_CM,588
2478,4956.0,5.873078348909011,MASP2_Helo_CM,588
2479,4958.0,5.40333778014071,MASP2_Helo_CM,588
2480,4960.0,5.582506657345186,MASP2_Helo_CM,588
2481,4962.0,5.434019862864596,MASP2_Helo_CM,588
2482,4964.0,5.88094854579745,MASP2_Helo_CM,588
2483,4966.0,5.825848209378125,MASP2_Helo_CM,588
2484,4968.0,6.054699198849453,MASP2_Helo_CM,588
2485,4970.0,5.7036691534056265,MASP2_Helo_CM,588
2486,4972.0,6.088028507940768,MASP2_Helo_CM,588
2487,4974.0,5.555112046165704,MASP2_Helo_CM,588
2488,4976.0,5.452262979684939,MASP2_Helo_CM,588
2489,4978.0,6.542981905973203,MASP2_Helo_CM,588
2490,4980.0,5.512510190727939,MASP2_Helo_CM,588
2491,4982.0,5.699093860850812,MASP2_Helo_CM,588
2492,4984.0,6.357744103479933,MASP2_Helo_CM,588
2493,4986.0,6.138850871365443,MASP2_Helo_CM,588
2494,4988.0,5.8241262232322155,MASP2_Helo_CM,588
2495,4990.0,5.8074892136127945,MASP2_Helo_CM,588
2496,4992.0,7.512461238966132,MASP2_Helo_CM,588
2497,4994.0,5.623465883553545,MASP2_Helo_CM,588
2498,4996.0,5.937904157008641,MASP2_Helo_CM,588
2499,4998.0,6.5705626212096,MASP2_Helo_CM,588
0,0.0,44.77586019216953,MASP2_Helo_CM,560
1,2.0,43.52283421918512,MASP2_Helo_CM,560
2,4.0,44.99096363818028,MASP2_Helo_CM,560
3,6.0,46.312768380104664,MASP2_Helo_CM,560
4,8.0,43.33177712285437,MASP2_Helo_CM,560
5,10.0,40.97912526974218,MASP2_Helo_CM,560
6,12.0,42.20573199022457,MASP2_Helo_CM,560
7,14.0,45.26776159873,MASP2_Helo_CM,560
8,16.0,45.047635693558526,MASP2_Helo_CM,560
9,18.0,44.99301236026725,MASP2_Helo_CM,560
10,20.0,41.188075050792605,MASP2_Helo_CM,560
11,22.0,43.36954505535304,MASP2_Helo_CM,560
12,24.0,37.30437416904962,MASP2_Helo_CM,560
13,26.0,36.34617654937609,MASP2_Helo_CM,560
14,28.0,35.52579995178361,MASP2_Helo_CM,560
15,30.0,39.530705401130525,MASP2_Helo_CM,560
16,32.0,42.81341611573315,MASP2_Helo_CM,560
17,34.0,41.122328455960684,MASP2_Helo_CM,560
18,36.0,40.37055169324675,MASP2_Helo_CM,560
19,38.0,40.68107171221739,MASP2_Helo_CM,560
20,40.0,40.672047555896874,MASP2_Helo_CM,560
21,42.0,45.34060575828124,MASP2_Helo_CM,560
22,44.0,44.8229312688037,MASP2_Helo_CM,560
23,46.0,45.32326712336373,MASP2_Helo_CM,560
24,48.0,44.2883982957928,MASP2_Helo_CM,560
25,50.0,44.45140749918463,MASP2_Helo_CM,560
26,52.0,44.258833699389115,MASP2_Helo_CM,560
27,54.0,41.061442877952906,MASP2_Helo_CM,560
28,56.0,40.01592522678775,MASP2_Helo_CM,560
29,58.0,38.90400538769704,MASP2_Helo_CM,560
30,60.0,39.93840562656785,MASP2_Helo_CM,560
31,62.0,43.27009245793128,MASP2_Helo_CM,560
32,64.0,42.65439181672064,MASP2_Helo_CM,560
33,66.0,42.27893705263406,MASP2_Helo_CM,560
34,68.0,44.79529196810379,MASP2_Helo_CM,560
35,70.0,43.80056473826315,MASP2_Helo_CM,560
36,72.0,41.84758654220645,MASP2_Helo_CM,560
37,74.0,39.35938474411372,MASP2_Helo_CM,560
38,76.0,38.76610550728283,MASP2_Helo_CM,560
39,78.0,39.903611008009364,MASP2_Helo_CM,560
40,80.0,40.63062948201083,MASP2_Helo_CM,560
41,82.0,40.39467405810489,MASP2_Helo_CM,560
42,84.0,44.53420409847569,MASP2_Helo_CM,560
43,86.0,44.67618733297976,MASP2_Helo_CM,560
44,88.0,44.04002608352108,MASP2_Helo_CM,560
45,90.0,44.71632688194397,MASP2_Helo_CM,560
46,92.0,44.232262419097204,MASP2_Helo_CM,560
47,94.0,45.030649383105,MASP2_Helo_CM,560
48,96.0,46.828735142727616,MASP2_Helo_CM,560
49,98.0,45.91677440761882,MASP2_Helo_CM,560
50,100.0,45.20646482496907,MASP2_Helo_CM,560
51,102.0,48.96924627200265,MASP2_Helo_CM,560
52,104.0,43.857815467440275,MASP2_Helo_CM,560
53,106.0,45.300072135800335,MASP2_Helo_CM,560
54,108.0,45.16970429508219,MASP2_Helo_CM,560
55,110.0,48.2901135564097,MASP2_Helo_CM,560
56,112.0,45.02422389472472,MASP2_Helo_CM,560
57,114.0,44.752339842361074,MASP2_Helo_CM,560
58,116.0,45.758483002435746,MASP2_Helo_CM,560
59,118.0,47.5771530249117,MASP2_Helo_CM,560
60,120.0,47.06655257406227,MASP2_Helo_CM,560
61,122.0,45.94976006116437,MASP2_Helo_CM,560
62,124.0,47.34612447552797,MASP2_Helo_CM,560
63,126.0,49.16809516036704,MASP2_Helo_CM,560
64,128.0,50.2524624496539,MASP2_Helo_CM,560
65,130.0,48.369342172090555,MASP2_Helo_CM,560
66,132.0,49.609860263885935,MASP2_Helo_CM,560
67,134.0,48.65127541469402,MASP2_Helo_CM,560
68,136.0,47.2106784198533,MASP2_Helo_CM,560
69,138.0,46.7445055220558,MASP2_Helo_CM,560
70,140.0,46.79009446786078,MASP2_Helo_CM,560
71,142.0,47.54617442765486,MASP2_Helo_CM,560
72,144.0,48.792519890964805,MASP2_Helo_CM,560
73,146.0,47.47180556893506,MASP2_Helo_CM,560
74,148.0,48.209770542240896,MASP2_Helo_CM,560
75,150.0,49.920265719384716,MASP2_Helo_CM,560
76,152.0,49.35726760915891,MASP2_Helo_CM,560
77,154.0,52.98496698670711,MASP2_Helo_CM,560
78,156.0,54.14452848990147,MASP2_Helo_CM,560
79,158.0,53.36483366247353,MASP2_Helo_CM,560
80,160.0,51.840682054501436,MASP2_Helo_CM,560
81,162.0,45.67685855923092,MASP2_Helo_CM,560
82,164.0,50.852114722160735,MASP2_Helo_CM,560
83,166.0,48.17713314400729,MASP2_Helo_CM,560
84,168.0,48.77669199298486,MASP2_Helo_CM,560
85,170.0,46.61143224159165,MASP2_Helo_CM,560
86,172.0,45.52069696238812,MASP2_Helo_CM,560
87,174.0,46.52011138982202,MASP2_Helo_CM,560
88,176.0,49.87912601688327,MASP2_Helo_CM,560
89,178.0,47.06995563529757,MASP2_Helo_CM,560
90,180.0,46.712536450567214,MASP2_Helo_CM,560
91,182.0,45.97724744403708,MASP2_Helo_CM,560
92,184.0,44.904905481991946,MASP2_Helo_CM,560
93,186.0,44.943808219797326,MASP2_Helo_CM,560
94,188.0,45.58167029362732,MASP2_Helo_CM,560
95,190.0,46.048279319871504,MASP2_Helo_CM,560
96,192.0,48.26777589054962,MASP2_Helo_CM,560
97,194.0,45.94921848442151,MASP2_Helo_CM,560
98,196.0,44.35176268442044,MASP2_Helo_CM,560
99,198.0,42.582246143740846,MASP2_Helo_CM,560
100,200.0,42.39126373243239,MASP2_Helo_CM,560
101,202.0,41.835700778863455,MASP2_Helo_CM,560
102,204.0,41.566640316492844,MASP2_Helo_CM,560
103,206.0,42.08357138697918,MASP2_Helo_CM,560
104,208.0,41.83673598141377,MASP2_Helo_CM,560
105,210.0,42.88009404673077,MASP2_Helo_CM,560
106,212.0,41.303877178804825,MASP2_Helo_CM,560
107,214.0,42.55534156996257,MASP2_Helo_CM,560
108,216.0,40.334396177976764,MASP2_Helo_CM,560
109,218.0,41.4269377132494,MASP2_Helo_CM,560
110,220.0,41.18838885349316,MASP2_Helo_CM,560
111,222.0,39.836332808355834,MASP2_Helo_CM,560
112,224.0,38.63544098910652,MASP2_Helo_CM,560
113,226.0,36.3735932743791,MASP2_Helo_CM,560
114,228.0,33.82466763488773,MASP2_Helo_CM,560
115,230.0,33.168536869431996,MASP2_Helo_CM,560
116,232.0,30.937914769838745,MASP2_Helo_CM,560
117,234.0,31.63221723131609,MASP2_Helo_CM,560
118,236.0,29.493868813309835,MASP2_Helo_CM,560
119,238.0,30.734411407720525,MASP2_Helo_CM,560
120,240.0,30.903419084252768,MASP2_Helo_CM,560
121,242.0,29.913011103258995,MASP2_Helo_CM,560
122,244.0,33.11793968725717,MASP2_Helo_CM,560
123,246.0,35.225208042402826,MASP2_Helo_CM,560
124,248.0,34.97944521988439,MASP2_Helo_CM,560
125,250.0,36.837858330718404,MASP2_Helo_CM,560
126,252.0,36.33008121011201,MASP2_Helo_CM,560
127,254.0,37.416118284477314,MASP2_Helo_CM,560
128,256.0,37.094038904104046,MASP2_Helo_CM,560
129,258.0,40.736359815747804,MASP2_Helo_CM,560
130,260.0,41.41458029882029,MASP2_Helo_CM,560
131,262.0,43.85661891737281,MASP2_Helo_CM,560
132,264.0,44.52500752130601,MASP2_Helo_CM,560
133,266.0,43.21073480257692,MASP2_Helo_CM,560
134,268.0,40.7757156304271,MASP2_Helo_CM,560
135,270.0,42.950604974598676,MASP2_Helo_CM,560
136,272.0,45.50859118842609,MASP2_Helo_CM,560
137,274.0,46.10538083286054,MASP2_Helo_CM,560
138,276.0,43.272213371089094,MASP2_Helo_CM,560
139,278.0,42.44167961348417,MASP2_Helo_CM,560
140,280.0,42.72007461874325,MASP2_Helo_CM,560
141,282.0,44.56378802060376,MASP2_Helo_CM,560
142,284.0,43.65786430085962,MASP2_Helo_CM,560
143,286.0,42.24649796614397,MASP2_Helo_CM,560
144,288.0,43.40658272632028,MASP2_Helo_CM,560
145,290.0,45.21232503323597,MASP2_Helo_CM,560
146,292.0,43.32650852700483,MASP2_Helo_CM,560
147,294.0,43.450989863837,MASP2_Helo_CM,560
148,296.0,42.214359341816184,MASP2_Helo_CM,560
149,298.0,44.52224397217204,MASP2_Helo_CM,560
150,300.0,46.706361656968454,MASP2_Helo_CM,560
151,302.0,45.26118960390754,MASP2_Helo_CM,560
152,304.0,47.76718390301492,MASP2_Helo_CM,560
153,306.0,45.44000684939818,MASP2_Helo_CM,560
154,308.0,47.31790662868063,MASP2_Helo_CM,560
155,310.0,45.44281441219318,MASP2_Helo_CM,560
156,312.0,47.66568956325009,MASP2_Helo_CM,560
157,314.0,48.196384934501154,MASP2_Helo_CM,560
158,316.0,47.96070064982303,MASP2_Helo_CM,560
159,318.0,48.236218022994954,MASP2_Helo_CM,560
160,320.0,49.80673555618256,MASP2_Helo_CM,560
161,322.0,47.797462777618165,MASP2_Helo_CM,560
162,324.0,46.27635444621154,MASP2_Helo_CM,560
163,326.0,48.3316533226388,MASP2_Helo_CM,560
164,328.0,45.8470268951792,MASP2_Helo_CM,560
165,330.0,45.859081908281695,MASP2_Helo_CM,560
166,332.0,46.60644445269789,MASP2_Helo_CM,560
167,334.0,46.96785133456752,MASP2_Helo_CM,560
168,336.0,49.896105240686886,MASP2_Helo_CM,560
169,338.0,51.31710085594236,MASP2_Helo_CM,560
170,340.0,52.351790052543315,MASP2_Helo_CM,560
171,342.0,53.740086119795805,MASP2_Helo_CM,560
172,344.0,54.45970463460157,MASP2_Helo_CM,560
173,346.0,53.62176054121847,MASP2_Helo_CM,560
174,348.0,52.518649187033226,MASP2_Helo_CM,560
175,350.0,51.43774271556769,MASP2_Helo_CM,560
176,352.0,49.136756344126894,MASP2_Helo_CM,560
177,354.0,47.57502967888566,MASP2_Helo_CM,560
178,356.0,46.342617270570386,MASP2_Helo_CM,560
179,358.0,46.47271125511127,MASP2_Helo_CM,560
180,360.0,46.336128506026064,MASP2_Helo_CM,560
181,362.0,46.71769826272534,MASP2_Helo_CM,560
182,364.0,43.17704586145165,MASP2_Helo_CM,560
183,366.0,46.70909179184134,MASP2_Helo_CM,560
184,368.0,45.86227107507549,MASP2_Helo_CM,560
185,370.0,44.10769425311051,MASP2_Helo_CM,560
186,372.0,46.70351275930788,MASP2_Helo_CM,560
187,374.0,46.25812103065617,MASP2_Helo_CM,560
188,376.0,44.452636334283234,MASP2_Helo_CM,560
189,378.0,45.526400965559695,MASP2_Helo_CM,560
190,380.0,45.36807016058819,MASP2_Helo_CM,560
191,382.0,44.30594451783522,MASP2_Helo_CM,560
192,384.0,46.715735248051274,MASP2_Helo_CM,560
193,386.0,48.48698728157005,MASP2_Helo_CM,560
194,388.0,46.847078893612036,MASP2_Helo_CM,560
195,390.0,44.46468075092937,MASP2_Helo_CM,560
196,392.0,44.25971214827769,MASP2_Helo_CM,560
197,394.0,44.021765014185156,MASP2_Helo_CM,560
198,396.0,41.93321409550559,MASP2_Helo_CM,560
199,398.0,43.86975113589883,MASP2_Helo_CM,560
200,400.0,45.70833580165751,MASP2_Helo_CM,560
201,402.0,47.74756668044264,MASP2_Helo_CM,560
202,404.0,44.31887210970257,MASP2_Helo_CM,560
203,406.0,43.959004147887875,MASP2_Helo_CM,560
204,408.0,46.18423627345664,MASP2_Helo_CM,560
205,410.0,49.89925894794013,MASP2_Helo_CM,560
206,412.0,48.46824621541891,MASP2_Helo_CM,560
207,414.0,48.50857999863361,MASP2_Helo_CM,560
208,416.0,46.470581710815225,MASP2_Helo_CM,560
209,418.0,47.2017087224319,MASP2_Helo_CM,560
210,420.0,46.749530082819646,MASP2_Helo_CM,560
211,422.0,46.09884175232583,MASP2_Helo_CM,560
212,424.0,43.39853508487239,MASP2_Helo_CM,560
213,426.0,43.36970073802344,MASP2_Helo_CM,560
214,428.0,41.80963931499646,MASP2_Helo_CM,560
215,430.0,45.03860196084567,MASP2_Helo_CM,560
216,432.0,43.135618770199756,MASP2_Helo_CM,560
217,434.0,44.68603526144277,MASP2_Helo_CM,560
218,436.0,42.16074054438123,MASP2_Helo_CM,560
219,438.0,41.15415035191766,MASP2_Helo_CM,560
220,440.0,42.06253637706301,MASP2_Helo_CM,560
221,442.0,42.078460702080434,MASP2_Helo_CM,560
222,444.0,45.06122376400236,MASP2_Helo_CM,560
223,446.0,44.282837065863674,MASP2_Helo_CM,560
224,448.0,46.34576927569417,MASP2_Helo_CM,560
225,450.0,46.25830274039701,MASP2_Helo_CM,560
226,452.0,45.12416915611912,MASP2_Helo_CM,560
227,454.0,45.879072287722735,MASP2_Helo_CM,560
228,456.0,44.03213668574133,MASP2_Helo_CM,560
229,458.0,41.70689727549581,MASP2_Helo_CM,560
230,460.0,44.237088482775455,MASP2_Helo_CM,560
231,462.0,40.58302044382958,MASP2_Helo_CM,560
232,464.0,40.4400659563267,MASP2_Helo_CM,560
233,466.0,37.878969226385664,MASP2_Helo_CM,560
234,468.0,38.844371566851656,MASP2_Helo_CM,560
235,470.0,37.82924898051661,MASP2_Helo_CM,560
236,472.0,38.998063790541295,MASP2_Helo_CM,560
237,474.0,40.14386282757132,MASP2_Helo_CM,560
238,476.0,40.99770527208478,MASP2_Helo_CM,560
239,478.0,40.29790627160565,MASP2_Helo_CM,560
240,480.0,42.896950170724246,MASP2_Helo_CM,560
241,482.0,44.70079324040215,MASP2_Helo_CM,560
242,484.0,47.503706140742835,MASP2_Helo_CM,560
243,486.0,45.20888255190373,MASP2_Helo_CM,560
244,488.0,45.20707026102837,MASP2_Helo_CM,560
245,490.0,46.39731426162498,MASP2_Helo_CM,560
246,492.0,44.32159162868082,MASP2_Helo_CM,560
247,494.0,40.254368500228956,MASP2_Helo_CM,560
248,496.0,44.49260489161064,MASP2_Helo_CM,560
249,498.0,42.93479591670407,MASP2_Helo_CM,560
250,500.0,43.07131512252083,MASP2_Helo_CM,560
251,502.0,40.934511570635294,MASP2_Helo_CM,560
252,504.0,39.49275250828096,MASP2_Helo_CM,560
253,506.0,43.33993929533765,MASP2_Helo_CM,560
254,508.0,44.01254779188901,MASP2_Helo_CM,560
255,510.0,41.24284926795967,MASP2_Helo_CM,560
256,512.0,43.341575144637694,MASP2_Helo_CM,560
257,514.0,45.61569227912914,MASP2_Helo_CM,560
258,516.0,41.98301833031609,MASP2_Helo_CM,560
259,518.0,45.055636001433825,MASP2_Helo_CM,560
260,520.0,42.616797738133506,MASP2_Helo_CM,560
261,522.0,39.82726637509959,MASP2_Helo_CM,560
262,524.0,39.46606750793693,MASP2_Helo_CM,560
263,526.0,41.797353375585104,MASP2_Helo_CM,560
264,528.0,43.256367823838495,MASP2_Helo_CM,560
265,530.0,43.6232116195421,MASP2_Helo_CM,560
266,532.0,43.920514987219484,MASP2_Helo_CM,560
267,534.0,43.52083487996303,MASP2_Helo_CM,560
268,536.0,42.18122419428647,MASP2_Helo_CM,560
269,538.0,42.49204706324709,MASP2_Helo_CM,560
270,540.0,41.513973856084135,MASP2_Helo_CM,560
271,542.0,42.57874222639273,MASP2_Helo_CM,560
272,544.0,40.36709075882826,MASP2_Helo_CM,560
273,546.0,41.68003039478296,MASP2_Helo_CM,560
274,548.0,44.85564896097243,MASP2_Helo_CM,560
275,550.0,46.41970830154057,MASP2_Helo_CM,560
276,552.0,47.445829264259,MASP2_Helo_CM,560
277,554.0,43.42992724104392,MASP2_Helo_CM,560
278,556.0,43.626332899326925,MASP2_Helo_CM,560
279,558.0,39.7596932808777,MASP2_Helo_CM,560
280,560.0,40.79234493867588,MASP2_Helo_CM,560
281,562.0,41.14034604670167,MASP2_Helo_CM,560
282,564.0,40.39802866157815,MASP2_Helo_CM,560
283,566.0,40.673914125973226,MASP2_Helo_CM,560
284,568.0,39.91385187885899,MASP2_Helo_CM,560
285,570.0,42.443872219021195,MASP2_Helo_CM,560
286,572.0,43.92532849201884,MASP2_Helo_CM,560
287,574.0,42.46102987804207,MASP2_Helo_CM,560
288,576.0,44.37914007215195,MASP2_Helo_CM,560
289,578.0,46.143804593039846,MASP2_Helo_CM,560
290,580.0,46.36647399251193,MASP2_Helo_CM,560
291,582.0,46.629081916806726,MASP2_Helo_CM,560
292,584.0,47.19591649445752,MASP2_Helo_CM,560
293,586.0,44.94330194044669,MASP2_Helo_CM,560
294,588.0,44.103533864707124,MASP2_Helo_CM,560
295,590.0,43.53045136354718,MASP2_Helo_CM,560
296,592.0,44.33095877660714,MASP2_Helo_CM,560
297,594.0,42.73006855057618,MASP2_Helo_CM,560
298,596.0,44.34082983100132,MASP2_Helo_CM,560
299,598.0,43.10744053408387,MASP2_Helo_CM,560
300,600.0,43.406419555819916,MASP2_Helo_CM,560
301,602.0,45.410848581706276,MASP2_Helo_CM,560
302,604.0,41.475918070884966,MASP2_Helo_CM,560
303,606.0,42.376678327888065,MASP2_Helo_CM,560
304,608.0,44.04369551782999,MASP2_Helo_CM,560
305,610.0,42.41687845954552,MASP2_Helo_CM,560
306,612.0,45.805085312059404,MASP2_Helo_CM,560
307,614.0,43.75497590128986,MASP2_Helo_CM,560
308,616.0,41.61510249188228,MASP2_Helo_CM,560
309,618.0,42.38362874551679,MASP2_Helo_CM,560
310,620.0,41.879949892629284,MASP2_Helo_CM,560
311,622.0,39.487781923822325,MASP2_Helo_CM,560
312,624.0,40.84763607763391,MASP2_Helo_CM,560
313,626.0,39.02458044684429,MASP2_Helo_CM,560
314,628.0,39.9223545516608,MASP2_Helo_CM,560
315,630.0,39.99596087232672,MASP2_Helo_CM,560
316,632.0,41.761591458343915,MASP2_Helo_CM,560
317,634.0,43.36485670972978,MASP2_Helo_CM,560
318,636.0,43.679444188016035,MASP2_Helo_CM,560
319,638.0,44.61849610406886,MASP2_Helo_CM,560
320,640.0,45.00612480456534,MASP2_Helo_CM,560
321,642.0,44.529420797044985,MASP2_Helo_CM,560
322,644.0,44.02842569770923,MASP2_Helo_CM,560
323,646.0,43.474181117497956,MASP2_Helo_CM,560
324,648.0,40.861839110280656,MASP2_Helo_CM,560
325,650.0,46.05498877147049,MASP2_Helo_CM,560
326,652.0,42.12277540405902,MASP2_Helo_CM,560
327,654.0,41.55770366202026,MASP2_Helo_CM,560
328,656.0,41.24874369790307,MASP2_Helo_CM,560
329,658.0,39.82864350749401,MASP2_Helo_CM,560
330,660.0,44.18010234397385,MASP2_Helo_CM,560
331,662.0,42.57562711211887,MASP2_Helo_CM,560
332,664.0,41.8244614908872,MASP2_Helo_CM,560
333,666.0,40.05574202941517,MASP2_Helo_CM,560
334,668.0,43.591369273855996,MASP2_Helo_CM,560
335,670.0,42.97001038724464,MASP2_Helo_CM,560
336,672.0,40.723669634989236,MASP2_Helo_CM,560
337,674.0,37.155373155026105,MASP2_Helo_CM,560
338,676.0,35.754453167498255,MASP2_Helo_CM,560
339,678.0,38.34538572024873,MASP2_Helo_CM,560
340,680.0,39.008910738109705,MASP2_Helo_CM,560
341,682.0,40.33255070566826,MASP2_Helo_CM,560
342,684.0,38.07296398872325,MASP2_Helo_CM,560
343,686.0,35.605904862543404,MASP2_Helo_CM,560
344,688.0,38.800150386943756,MASP2_Helo_CM,560
345,690.0,39.02660633904994,MASP2_Helo_CM,560
346,692.0,38.05900280818792,MASP2_Helo_CM,560
347,694.0,38.63059448464714,MASP2_Helo_CM,560
348,696.0,37.20079757029901,MASP2_Helo_CM,560
349,698.0,35.37815075613468,MASP2_Helo_CM,560
350,700.0,34.98228227895982,MASP2_Helo_CM,560
351,702.0,35.78737644198259,MASP2_Helo_CM,560
352,704.0,34.0908240987812,MASP2_Helo_CM,560
353,706.0,33.959629006298805,MASP2_Helo_CM,560
354,708.0,35.567958896150266,MASP2_Helo_CM,560
355,710.0,33.6585018255296,MASP2_Helo_CM,560
356,712.0,34.33530957650876,MASP2_Helo_CM,560
357,714.0,31.33424611959415,MASP2_Helo_CM,560
358,716.0,35.22246294338147,MASP2_Helo_CM,560
359,718.0,36.307302848805556,MASP2_Helo_CM,560
360,720.0,36.719528896305285,MASP2_Helo_CM,560
361,722.0,37.12555045904396,MASP2_Helo_CM,560
362,724.0,39.05488472967171,MASP2_Helo_CM,560
363,726.0,37.27892257370488,MASP2_Helo_CM,560
364,728.0,35.095290275578144,MASP2_Helo_CM,560
365,730.0,32.58970801778955,MASP2_Helo_CM,560
366,732.0,35.92022845611766,MASP2_Helo_CM,560
367,734.0,37.814373025511316,MASP2_Helo_CM,560
368,736.0,35.787098080793406,MASP2_Helo_CM,560
369,738.0,32.18252736736053,MASP2_Helo_CM,560
370,740.0,37.14770633048186,MASP2_Helo_CM,560
371,742.0,36.4682358319023,MASP2_Helo_CM,560
372,744.0,39.04549389427244,MASP2_Helo_CM,560
373,746.0,38.72746339198157,MASP2_Helo_CM,560
374,748.0,33.855212947691996,MASP2_Helo_CM,560
375,750.0,37.249520469592504,MASP2_Helo_CM,560
376,752.0,39.02019841853411,MASP2_Helo_CM,560
377,754.0,40.9530988542169,MASP2_Helo_CM,560
378,756.0,34.47333309284426,MASP2_Helo_CM,560
379,758.0,35.98403128384007,MASP2_Helo_CM,560
380,760.0,36.18502932465067,MASP2_Helo_CM,560
381,762.0,37.128679238703754,MASP2_Helo_CM,560
382,764.0,34.917183224392616,MASP2_Helo_CM,560
383,766.0,33.50675093556954,MASP2_Helo_CM,560
384,768.0,31.318762772383597,MASP2_Helo_CM,560
385,770.0,30.154277521761028,MASP2_Helo_CM,560
386,772.0,32.94099240411578,MASP2_Helo_CM,560
387,774.0,33.57029062105299,MASP2_Helo_CM,560
388,776.0,31.903264773463754,MASP2_Helo_CM,560
389,778.0,30.49840443660836,MASP2_Helo_CM,560
390,780.0,28.830520788145847,MASP2_Helo_CM,560
391,782.0,31.455502662995688,MASP2_Helo_CM,560
392,784.0,29.662603205403425,MASP2_Helo_CM,560
393,786.0,26.579829175148983,MASP2_Helo_CM,560
394,788.0,25.897832408219756,MASP2_Helo_CM,560
395,790.0,25.888705891786387,MASP2_Helo_CM,560
396,792.0,25.910727797303334,MASP2_Helo_CM,560
397,794.0,25.47174489651057,MASP2_Helo_CM,560
398,796.0,25.840815902856782,MASP2_Helo_CM,560
399,798.0,24.929802847537633,MASP2_Helo_CM,560
400,800.0,26.721341483030248,MASP2_Helo_CM,560
401,802.0,26.998092728588457,MASP2_Helo_CM,560
402,804.0,28.19455170807807,MASP2_Helo_CM,560
403,806.0,29.851910697469823,MASP2_Helo_CM,560
404,808.0,30.902474707956745,MASP2_Helo_CM,560
405,810.0,31.062660409082575,MASP2_Helo_CM,560
406,812.0,30.973170524741576,MASP2_Helo_CM,560
407,814.0,29.376402586805156,MASP2_Helo_CM,560
408,816.0,29.49024997752943,MASP2_Helo_CM,560
409,818.0,29.66954576947872,MASP2_Helo_CM,560
410,820.0,30.46212778410558,MASP2_Helo_CM,560
411,822.0,30.91504537877523,MASP2_Helo_CM,560
412,824.0,32.51538217444027,MASP2_Helo_CM,560
413,826.0,30.393782244396288,MASP2_Helo_CM,560
414,828.0,27.581339290693087,MASP2_Helo_CM,560
415,830.0,28.805756925629815,MASP2_Helo_CM,560
416,832.0,26.844875200260688,MASP2_Helo_CM,560
417,834.0,26.105210775573642,MASP2_Helo_CM,560
418,836.0,25.539818521234817,MASP2_Helo_CM,560
419,838.0,25.88981141355481,MASP2_Helo_CM,560
420,840.0,27.04638284375696,MASP2_Helo_CM,560
421,842.0,27.003402033131,MASP2_Helo_CM,560
422,844.0,27.239665672562513,MASP2_Helo_CM,560
423,846.0,26.697814182403263,MASP2_Helo_CM,560
424,848.0,26.30009780260668,MASP2_Helo_CM,560
425,850.0,23.27709593013441,MASP2_Helo_CM,560
426,852.0,23.45425580332042,MASP2_Helo_CM,560
427,854.0,24.072936981996158,MASP2_Helo_CM,560
428,856.0,25.132400035814772,MASP2_Helo_CM,560
429,858.0,24.831046532929374,MASP2_Helo_CM,560
430,860.0,23.104056440225182,MASP2_Helo_CM,560
431,862.0,25.01811812784005,MASP2_Helo_CM,560
432,864.0,22.32357127352469,MASP2_Helo_CM,560
433,866.0,22.766696299623487,MASP2_Helo_CM,560
434,868.0,20.976376580194692,MASP2_Helo_CM,560
435,870.0,20.348409725111193,MASP2_Helo_CM,560
436,872.0,19.694876348822604,MASP2_Helo_CM,560
437,874.0,19.931874458866776,MASP2_Helo_CM,560
438,876.0,21.654039238464904,MASP2_Helo_CM,560
439,878.0,22.868555390104188,MASP2_Helo_CM,560
440,880.0,19.57278214630509,MASP2_Helo_CM,560
441,882.0,20.145933518290256,MASP2_Helo_CM,560
442,884.0,18.292809102738655,MASP2_Helo_CM,560
443,886.0,15.253090814068907,MASP2_Helo_CM,560
444,888.0,17.490296746341134,MASP2_Helo_CM,560
445,890.0,16.73222438760586,MASP2_Helo_CM,560
446,892.0,17.914236021997056,MASP2_Helo_CM,560
447,894.0,19.019183034348973,MASP2_Helo_CM,560
448,896.0,19.038266034982623,MASP2_Helo_CM,560
449,898.0,19.204496764532934,MASP2_Helo_CM,560
450,900.0,21.078280243413197,MASP2_Helo_CM,560
451,902.0,21.419737141651044,MASP2_Helo_CM,560
452,904.0,19.711867687955927,MASP2_Helo_CM,560
453,906.0,21.787101492476495,MASP2_Helo_CM,560
454,908.0,23.83960923515358,MASP2_Helo_CM,560
455,910.0,22.08385638024302,MASP2_Helo_CM,560
456,912.0,19.236505905238758,MASP2_Helo_CM,560
457,914.0,21.27893431482173,MASP2_Helo_CM,560
458,916.0,18.84527501464514,MASP2_Helo_CM,560
459,918.0,18.98084820395484,MASP2_Helo_CM,560
460,920.0,20.40522260264651,MASP2_Helo_CM,560
461,922.0,20.689693053896946,MASP2_Helo_CM,560
462,924.0,20.219650518983414,MASP2_Helo_CM,560
463,926.0,19.907814414872732,MASP2_Helo_CM,560
464,928.0,19.570699135722258,MASP2_Helo_CM,560
465,930.0,17.41218608130401,MASP2_Helo_CM,560
466,932.0,19.983546068596123,MASP2_Helo_CM,560
467,934.0,21.187699677055495,MASP2_Helo_CM,560
468,936.0,19.227024799281914,MASP2_Helo_CM,560
469,938.0,19.69140790307874,MASP2_Helo_CM,560
470,940.0,22.08896957057223,MASP2_Helo_CM,560
471,942.0,23.832361673366965,MASP2_Helo_CM,560
472,944.0,22.67142511305841,MASP2_Helo_CM,560
473,946.0,21.569482943074984,MASP2_Helo_CM,560
474,948.0,23.28226779051539,MASP2_Helo_CM,560
475,950.0,21.84206715712074,MASP2_Helo_CM,560
476,952.0,21.437880596243108,MASP2_Helo_CM,560
477,954.0,21.825076258666854,MASP2_Helo_CM,560
478,956.0,22.2071469763095,MASP2_Helo_CM,560
479,958.0,21.80312298146361,MASP2_Helo_CM,560
480,960.0,22.50728700985553,MASP2_Helo_CM,560
481,962.0,24.877520107088888,MASP2_Helo_CM,560
482,964.0,24.045592162050077,MASP2_Helo_CM,560
483,966.0,25.578027510444993,MASP2_Helo_CM,560
484,968.0,24.001111664323115,MASP2_Helo_CM,560
485,970.0,25.592671016149225,MASP2_Helo_CM,560
486,972.0,27.969832671373698,MASP2_Helo_CM,560
487,974.0,27.688462147448433,MASP2_Helo_CM,560
488,976.0,27.823975405150126,MASP2_Helo_CM,560
489,978.0,27.303798837397487,MASP2_Helo_CM,560
490,980.0,27.132437575111695,MASP2_Helo_CM,560
491,982.0,26.97193452938234,MASP2_Helo_CM,560
492,984.0,28.32634457716427,MASP2_Helo_CM,560
493,986.0,26.053815779013956,MASP2_Helo_CM,560
494,988.0,23.066961373119153,MASP2_Helo_CM,560
495,990.0,22.068896419628253,MASP2_Helo_CM,560
496,992.0,23.428341475961002,MASP2_Helo_CM,560
497,994.0,23.16238962510619,MASP2_Helo_CM,560
498,996.0,24.51024943164188,MASP2_Helo_CM,560
499,998.0,22.687253384147905,MASP2_Helo_CM,560
500,1000.0,20.499932123288147,MASP2_Helo_CM,560
501,1002.0,21.57428385226836,MASP2_Helo_CM,560
502,1004.0,20.672220274436082,MASP2_Helo_CM,560
503,1006.0,18.23166945069,MASP2_Helo_CM,560
504,1008.0,15.9514240473695,MASP2_Helo_CM,560
505,1010.0,17.930567907563216,MASP2_Helo_CM,560
506,1012.0,17.73216330436208,MASP2_Helo_CM,560
507,1014.0,17.124842813584603,MASP2_Helo_CM,560
508,1016.0,16.513694912174103,MASP2_Helo_CM,560
509,1018.0,19.142026488474315,MASP2_Helo_CM,560
510,1020.0,17.742754572453794,MASP2_Helo_CM,560
511,1022.0,17.971433402780765,MASP2_Helo_CM,560
512,1024.0,18.909143303291053,MASP2_Helo_CM,560
513,1026.0,18.779989509614207,MASP2_Helo_CM,560
514,1028.0,14.312992127970931,MASP2_Helo_CM,560
515,1030.0,13.810344548524675,MASP2_Helo_CM,560
516,1032.0,11.161972270416497,MASP2_Helo_CM,560
517,1034.0,14.405382995688072,MASP2_Helo_CM,560
518,1036.0,13.739520943845156,MASP2_Helo_CM,560
519,1038.0,12.794528242699275,MASP2_Helo_CM,560
520,1040.0,11.664382806906355,MASP2_Helo_CM,560
521,1042.0,11.495503163615618,MASP2_Helo_CM,560
522,1044.0,12.448802148420922,MASP2_Helo_CM,560
523,1046.0,13.920043791925492,MASP2_Helo_CM,560
524,1048.0,12.874250813809912,MASP2_Helo_CM,560
525,1050.0,12.607873184043248,MASP2_Helo_CM,560
526,1052.0,12.330432218572831,MASP2_Helo_CM,560
527,1054.0,13.793757072364196,MASP2_Helo_CM,560
528,1056.0,14.686016373953702,MASP2_Helo_CM,560
529,1058.0,15.56394380891706,MASP2_Helo_CM,560
530,1060.0,13.456182411569513,MASP2_Helo_CM,560
531,1062.0,14.365408588362891,MASP2_Helo_CM,560
532,1064.0,13.794215256077852,MASP2_Helo_CM,560
533,1066.0,11.502884948304091,MASP2_Helo_CM,560
534,1068.0,10.026297388561641,MASP2_Helo_CM,560
535,1070.0,8.89969256937536,MASP2_Helo_CM,560
536,1072.0,9.851744877980217,MASP2_Helo_CM,560
537,1074.0,11.501871180256526,MASP2_Helo_CM,560
538,1076.0,11.232573976855361,MASP2_Helo_CM,560
539,1078.0,13.07382546696157,MASP2_Helo_CM,560
540,1080.0,11.819552788154136,MASP2_Helo_CM,560
541,1082.0,10.498145638707959,MASP2_Helo_CM,560
542,1084.0,11.638801321281905,MASP2_Helo_CM,560
543,1086.0,11.814318635968965,MASP2_Helo_CM,560
544,1088.0,10.050633005127922,MASP2_Helo_CM,560
545,1090.0,10.460660745585216,MASP2_Helo_CM,560
546,1092.0,10.451622491760668,MASP2_Helo_CM,560
547,1094.0,11.25127643856294,MASP2_Helo_CM,560
548,1096.0,11.456898840074475,MASP2_Helo_CM,560
549,1098.0,12.405287624821682,MASP2_Helo_CM,560
550,1100.0,13.114729465310132,MASP2_Helo_CM,560
551,1102.0,13.893989405322873,MASP2_Helo_CM,560
552,1104.0,13.895066642128722,MASP2_Helo_CM,560
553,1106.0,14.506882098019222,MASP2_Helo_CM,560
554,1108.0,13.46175796446153,MASP2_Helo_CM,560
555,1110.0,14.557041975208932,MASP2_Helo_CM,560
556,1112.0,10.93619018667709,MASP2_Helo_CM,560
557,1114.0,10.716522170136368,MASP2_Helo_CM,560
558,1116.0,12.018179776259545,MASP2_Helo_CM,560
559,1118.0,12.28763857406573,MASP2_Helo_CM,560
560,1120.0,10.640445102435537,MASP2_Helo_CM,560
561,1122.0,10.46257216441641,MASP2_Helo_CM,560
562,1124.0,9.156730228854993,MASP2_Helo_CM,560
563,1126.0,9.27017653754388,MASP2_Helo_CM,560
564,1128.0,9.071149847495747,MASP2_Helo_CM,560
565,1130.0,9.305090306913426,MASP2_Helo_CM,560
566,1132.0,10.938495877799664,MASP2_Helo_CM,560
567,1134.0,10.484300451934264,MASP2_Helo_CM,560
568,1136.0,9.594048556439706,MASP2_Helo_CM,560
569,1138.0,11.35997082784218,MASP2_Helo_CM,560
570,1140.0,10.948053433067226,MASP2_Helo_CM,560
571,1142.0,11.297565180883776,MASP2_Helo_CM,560
572,1144.0,11.124236885174241,MASP2_Helo_CM,560
573,1146.0,11.339830337427362,MASP2_Helo_CM,560
574,1148.0,10.458009124758451,MASP2_Helo_CM,560
575,1150.0,11.010512649603015,MASP2_Helo_CM,560
576,1152.0,11.889845141098336,MASP2_Helo_CM,560
577,1154.0,10.878618198279455,MASP2_Helo_CM,560
578,1156.0,10.579007960468518,MASP2_Helo_CM,560
579,1158.0,10.757181426782862,MASP2_Helo_CM,560
580,1160.0,10.513801483386372,MASP2_Helo_CM,560
581,1162.0,10.818625559175691,MASP2_Helo_CM,560
582,1164.0,10.28440169916717,MASP2_Helo_CM,560
583,1166.0,10.425291128923634,MASP2_Helo_CM,560
584,1168.0,10.588435063047486,MASP2_Helo_CM,560
585,1170.0,10.375962141830335,MASP2_Helo_CM,560
586,1172.0,11.339839572404964,MASP2_Helo_CM,560
587,1174.0,11.307435492805384,MASP2_Helo_CM,560
588,1176.0,10.839715116261477,MASP2_Helo_CM,560
589,1178.0,10.624223463546043,MASP2_Helo_CM,560
590,1180.0,10.432770114611976,MASP2_Helo_CM,560
591,1182.0,10.955695006577303,MASP2_Helo_CM,560
592,1184.0,10.551037233863866,MASP2_Helo_CM,560
593,1186.0,10.18107891868265,MASP2_Helo_CM,560
594,1188.0,9.68946369107358,MASP2_Helo_CM,560
595,1190.0,10.61629028069933,MASP2_Helo_CM,560
596,1192.0,10.687693881319502,MASP2_Helo_CM,560
597,1194.0,11.213635908851503,MASP2_Helo_CM,560
598,1196.0,12.329552432852843,MASP2_Helo_CM,560
599,1198.0,11.891581489726027,MASP2_Helo_CM,560
600,1200.0,11.630344341327394,MASP2_Helo_CM,560
601,1202.0,10.817918187536044,MASP2_Helo_CM,560
602,1204.0,11.796815864111998,MASP2_Helo_CM,560
603,1206.0,11.622144735248616,MASP2_Helo_CM,560
604,1208.0,11.479471963779886,MASP2_Helo_CM,560
605,1210.0,10.894798979335645,MASP2_Helo_CM,560
606,1212.0,10.9822616368157,MASP2_Helo_CM,560
607,1214.0,11.43601341905977,MASP2_Helo_CM,560
608,1216.0,11.256919372279055,MASP2_Helo_CM,560
609,1218.0,11.525997644263375,MASP2_Helo_CM,560
610,1220.0,10.761843045910313,MASP2_Helo_CM,560
611,1222.0,10.81938975725436,MASP2_Helo_CM,560
612,1224.0,10.988538568249462,MASP2_Helo_CM,560
613,1226.0,11.544096671803576,MASP2_Helo_CM,560
614,1228.0,10.534402272401774,MASP2_Helo_CM,560
615,1230.0,10.69625978394793,MASP2_Helo_CM,560
616,1232.0,12.223342492563084,MASP2_Helo_CM,560
617,1234.0,11.017769818667562,MASP2_Helo_CM,560
618,1236.0,11.813619684461745,MASP2_Helo_CM,560
619,1238.0,12.266494036162669,MASP2_Helo_CM,560
620,1240.0,14.847230385871807,MASP2_Helo_CM,560
621,1242.0,14.625816005038804,MASP2_Helo_CM,560
622,1244.0,15.27359859387648,MASP2_Helo_CM,560
623,1246.0,16.931061988471672,MASP2_Helo_CM,560
624,1248.0,15.398440892622594,MASP2_Helo_CM,560
625,1250.0,15.125841189448382,MASP2_Helo_CM,560
626,1252.0,17.105370155087844,MASP2_Helo_CM,560
627,1254.0,16.46718124654317,MASP2_Helo_CM,560
628,1256.0,15.369461325757023,MASP2_Helo_CM,560
629,1258.0,15.030744979074726,MASP2_Helo_CM,560
630,1260.0,15.425018363340945,MASP2_Helo_CM,560
631,1262.0,14.582902831094197,MASP2_Helo_CM,560
632,1264.0,16.527467516246833,MASP2_Helo_CM,560
633,1266.0,15.943443698301696,MASP2_Helo_CM,560
634,1268.0,14.274226513664221,MASP2_Helo_CM,560
635,1270.0,15.124775700789195,MASP2_Helo_CM,560
636,1272.0,13.993166235503985,MASP2_Helo_CM,560
637,1274.0,13.07491232964361,MASP2_Helo_CM,560
638,1276.0,14.234422336203897,MASP2_Helo_CM,560
639,1278.0,13.824530210274993,MASP2_Helo_CM,560
640,1280.0,13.512894418606063,MASP2_Helo_CM,560
641,1282.0,13.836051319655535,MASP2_Helo_CM,560
642,1284.0,14.005620824246861,MASP2_Helo_CM,560
643,1286.0,13.935036936306542,MASP2_Helo_CM,560
644,1288.0,13.005066682694418,MASP2_Helo_CM,560
645,1290.0,11.562729589375175,MASP2_Helo_CM,560
646,1292.0,13.054499677195704,MASP2_Helo_CM,560
647,1294.0,14.419038589430375,MASP2_Helo_CM,560
648,1296.0,13.047244947912223,MASP2_Helo_CM,560
649,1298.0,14.495279215021798,MASP2_Helo_CM,560
650,1300.0,14.462790686295671,MASP2_Helo_CM,560
651,1302.0,12.851378023383567,MASP2_Helo_CM,560
652,1304.0,11.618750029556141,MASP2_Helo_CM,560
653,1306.0,11.774871299565799,MASP2_Helo_CM,560
654,1308.0,12.097305093523607,MASP2_Helo_CM,560
655,1310.0,10.924131566175204,MASP2_Helo_CM,560
656,1312.0,11.014103104459261,MASP2_Helo_CM,560
657,1314.0,12.372190095865003,MASP2_Helo_CM,560
658,1316.0,11.372941558065776,MASP2_Helo_CM,560
659,1318.0,10.911443147238101,MASP2_Helo_CM,560
660,1320.0,11.366932973829037,MASP2_Helo_CM,560
661,1322.0,11.898651397443244,MASP2_Helo_CM,560
662,1324.0,11.664068271358214,MASP2_Helo_CM,560
663,1326.0,11.086735867402368,MASP2_Helo_CM,560
664,1328.0,11.59841583848677,MASP2_Helo_CM,560
665,1330.0,11.715280574565536,MASP2_Helo_CM,560
666,1332.0,10.834307539106216,MASP2_Helo_CM,560
667,1334.0,11.929138372639892,MASP2_Helo_CM,560
668,1336.0,11.541363134319756,MASP2_Helo_CM,560
669,1338.0,11.851191375612096,MASP2_Helo_CM,560
670,1340.0,11.709389630318022,MASP2_Helo_CM,560
671,1342.0,12.15333361210194,MASP2_Helo_CM,560
672,1344.0,11.8291302349295,MASP2_Helo_CM,560
673,1346.0,12.37387369915322,MASP2_Helo_CM,560
674,1348.0,13.061458882274188,MASP2_Helo_CM,560
675,1350.0,11.699803009602288,MASP2_Helo_CM,560
676,1352.0,12.03857841997886,MASP2_Helo_CM,560
677,1354.0,12.177502825159303,MASP2_Helo_CM,560
678,1356.0,11.164878619775937,MASP2_Helo_CM,560
679,1358.0,12.021867790458714,MASP2_Helo_CM,560
680,1360.0,11.058629814113099,MASP2_Helo_CM,560
681,1362.0,11.503549774894951,MASP2_Helo_CM,560
682,1364.0,12.222431762764977,MASP2_Helo_CM,560
683,1366.0,12.150360480660959,MASP2_Helo_CM,560
684,1368.0,12.277365650343118,MASP2_Helo_CM,560
685,1370.0,12.642548621556879,MASP2_Helo_CM,560
686,1372.0,12.216736723717366,MASP2_Helo_CM,560
687,1374.0,12.427129619247347,MASP2_Helo_CM,560
688,1376.0,12.440039676607057,MASP2_Helo_CM,560
689,1378.0,12.201959533019046,MASP2_Helo_CM,560
690,1380.0,11.749060588883207,MASP2_Helo_CM,560
691,1382.0,11.29747236064714,MASP2_Helo_CM,560
692,1384.0,11.813886072659857,MASP2_Helo_CM,560
693,1386.0,12.756547744331415,MASP2_Helo_CM,560
694,1388.0,11.468262696935273,MASP2_Helo_CM,560
695,1390.0,12.520901143438993,MASP2_Helo_CM,560
696,1392.0,11.671783245299643,MASP2_Helo_CM,560
697,1394.0,11.072146458802278,MASP2_Helo_CM,560
698,1396.0,10.629061906364019,MASP2_Helo_CM,560
699,1398.0,11.064502829394435,MASP2_Helo_CM,560
700,1400.0,11.229642765866343,MASP2_Helo_CM,560
701,1402.0,12.263838760274202,MASP2_Helo_CM,560
702,1404.0,11.88731800199189,MASP2_Helo_CM,560
703,1406.0,11.742941646106397,MASP2_Helo_CM,560
704,1408.0,10.609997037918076,MASP2_Helo_CM,560
705,1410.0,11.212763928954214,MASP2_Helo_CM,560
706,1412.0,10.782137478358592,MASP2_Helo_CM,560
707,1414.0,10.479286787348977,MASP2_Helo_CM,560
708,1416.0,10.564271519393024,MASP2_Helo_CM,560
709,1418.0,10.057030094855696,MASP2_Helo_CM,560
710,1420.0,11.200333324604859,MASP2_Helo_CM,560
711,1422.0,9.768959808119995,MASP2_Helo_CM,560
712,1424.0,11.494890887224212,MASP2_Helo_CM,560
713,1426.0,10.35405893725177,MASP2_Helo_CM,560
714,1428.0,11.272594919156191,MASP2_Helo_CM,560
715,1430.0,10.514977211876474,MASP2_Helo_CM,560
716,1432.0,10.769017328194952,MASP2_Helo_CM,560
717,1434.0,11.131559915487545,MASP2_Helo_CM,560
718,1436.0,12.54062093051601,MASP2_Helo_CM,560
719,1438.0,11.608208066121293,MASP2_Helo_CM,560
720,1440.0,11.268443914571026,MASP2_Helo_CM,560
721,1442.0,11.63693410424549,MASP2_Helo_CM,560
722,1444.0,11.21750776688543,MASP2_Helo_CM,560
723,1446.0,10.879623188660899,MASP2_Helo_CM,560
724,1448.0,9.225546966195967,MASP2_Helo_CM,560
725,1450.0,9.678321918046626,MASP2_Helo_CM,560
726,1452.0,9.132362868933916,MASP2_Helo_CM,560
727,1454.0,9.2538314131926,MASP2_Helo_CM,560
728,1456.0,9.522017749728672,MASP2_Helo_CM,560
729,1458.0,9.638937774128607,MASP2_Helo_CM,560
730,1460.0,9.360459135584767,MASP2_Helo_CM,560
731,1462.0,9.914894160377463,MASP2_Helo_CM,560
732,1464.0,9.488244300366711,MASP2_Helo_CM,560
733,1466.0,8.724026094007955,MASP2_Helo_CM,560
734,1468.0,9.85207555893965,MASP2_Helo_CM,560
735,1470.0,9.459342738724404,MASP2_Helo_CM,560
736,1472.0,9.688104852541137,MASP2_Helo_CM,560
737,1474.0,9.782485736059039,MASP2_Helo_CM,560
738,1476.0,10.12489599113867,MASP2_Helo_CM,560
739,1478.0,9.890422400012511,MASP2_Helo_CM,560
740,1480.0,10.096269444777766,MASP2_Helo_CM,560
741,1482.0,8.991784243110251,MASP2_Helo_CM,560
742,1484.0,9.74073795471828,MASP2_Helo_CM,560
743,1486.0,9.394164719780102,MASP2_Helo_CM,560
744,1488.0,9.190900682123962,MASP2_Helo_CM,560
745,1490.0,9.34541013203708,MASP2_Helo_CM,560
746,1492.0,9.514116121463129,MASP2_Helo_CM,560
747,1494.0,9.356074973440576,MASP2_Helo_CM,560
748,1496.0,9.565715042684383,MASP2_Helo_CM,560
749,1498.0,9.75007217570646,MASP2_Helo_CM,560
750,1500.0,9.528134926847814,MASP2_Helo_CM,560
751,1502.0,10.233611311149305,MASP2_Helo_CM,560
752,1504.0,9.961295927272918,MASP2_Helo_CM,560
753,1506.0,10.51104256563091,MASP2_Helo_CM,560
754,1508.0,10.13966825125825,MASP2_Helo_CM,560
755,1510.0,9.72141809729244,MASP2_Helo_CM,560
756,1512.0,9.759158696459295,MASP2_Helo_CM,560
757,1514.0,9.974271217288276,MASP2_Helo_CM,560
758,1516.0,9.84335397317414,MASP2_Helo_CM,560
759,1518.0,9.416847621163143,MASP2_Helo_CM,560
760,1520.0,9.77461759719308,MASP2_Helo_CM,560
761,1522.0,9.68959683766672,MASP2_Helo_CM,560
762,1524.0,9.682009862795985,MASP2_Helo_CM,560
763,1526.0,9.468174586151884,MASP2_Helo_CM,560
764,1528.0,9.362232991500395,MASP2_Helo_CM,560
765,1530.0,10.085941985961494,MASP2_Helo_CM,560
766,1532.0,9.87069787586352,MASP2_Helo_CM,560
767,1534.0,9.576084590196325,MASP2_Helo_CM,560
768,1536.0,10.122683506598957,MASP2_Helo_CM,560
769,1538.0,9.984521676863224,MASP2_Helo_CM,560
770,1540.0,9.73836376671241,MASP2_Helo_CM,560
771,1542.0,9.859413424671395,MASP2_Helo_CM,560
772,1544.0,9.592702419201432,MASP2_Helo_CM,560
773,1546.0,9.884795693100042,MASP2_Helo_CM,560
774,1548.0,10.330456089025757,MASP2_Helo_CM,560
775,1550.0,10.017513515670853,MASP2_Helo_CM,560
776,1552.0,9.23629303799014,MASP2_Helo_CM,560
777,1554.0,11.146512131906553,MASP2_Helo_CM,560
778,1556.0,10.685550390825055,MASP2_Helo_CM,560
779,1558.0,10.787962338816016,MASP2_Helo_CM,560
780,1560.0,10.381999253676321,MASP2_Helo_CM,560
781,1562.0,10.61726604008178,MASP2_Helo_CM,560
782,1564.0,10.495527517529332,MASP2_Helo_CM,560
783,1566.0,10.473026258304014,MASP2_Helo_CM,560
784,1568.0,11.035258034024427,MASP2_Helo_CM,560
785,1570.0,11.145628025745951,MASP2_Helo_CM,560
786,1572.0,10.69807679496411,MASP2_Helo_CM,560
787,1574.0,10.786572682671371,MASP2_Helo_CM,560
788,1576.0,10.456356407424536,MASP2_Helo_CM,560
789,1578.0,9.41843793144974,MASP2_Helo_CM,560
790,1580.0,10.111065484987051,MASP2_Helo_CM,560
791,1582.0,9.08794052021001,MASP2_Helo_CM,560
792,1584.0,9.805014817802611,MASP2_Helo_CM,560
793,1586.0,9.28749964100137,MASP2_Helo_CM,560
794,1588.0,9.055495362113568,MASP2_Helo_CM,560
795,1590.0,9.515253516372084,MASP2_Helo_CM,560
796,1592.0,7.972247946731351,MASP2_Helo_CM,560
797,1594.0,8.85102354756077,MASP2_Helo_CM,560
798,1596.0,8.658303799151462,MASP2_Helo_CM,560
799,1598.0,8.646635780184406,MASP2_Helo_CM,560
800,1600.0,9.228211375816002,MASP2_Helo_CM,560
801,1602.0,9.413997869531869,MASP2_Helo_CM,560
802,1604.0,8.732579329630296,MASP2_Helo_CM,560
803,1606.0,8.440502241171725,MASP2_Helo_CM,560
804,1608.0,8.67293391663432,MASP2_Helo_CM,560
805,1610.0,8.8908981271143,MASP2_Helo_CM,560
806,1612.0,8.637648976355749,MASP2_Helo_CM,560
807,1614.0,8.243685111177413,MASP2_Helo_CM,560
808,1616.0,8.877883073849869,MASP2_Helo_CM,560
809,1618.0,8.564184163374122,MASP2_Helo_CM,560
810,1620.0,8.688593331912099,MASP2_Helo_CM,560
811,1622.0,9.040349437858316,MASP2_Helo_CM,560
812,1624.0,8.38267684301598,MASP2_Helo_CM,560
813,1626.0,9.11907007952016,MASP2_Helo_CM,560
814,1628.0,9.095242720314072,MASP2_Helo_CM,560
815,1630.0,8.997226579709421,MASP2_Helo_CM,560
816,1632.0,9.011016803193803,MASP2_Helo_CM,560
817,1634.0,8.313253480081173,MASP2_Helo_CM,560
818,1636.0,9.81751277072723,MASP2_Helo_CM,560
819,1638.0,8.32972144161233,MASP2_Helo_CM,560
820,1640.0,8.730513050928993,MASP2_Helo_CM,560
821,1642.0,8.773873563235098,MASP2_Helo_CM,560
822,1644.0,8.746201121816433,MASP2_Helo_CM,560
823,1646.0,9.567722916432164,MASP2_Helo_CM,560
824,1648.0,9.28841667258478,MASP2_Helo_CM,560
825,1650.0,8.614558230078044,MASP2_Helo_CM,560
826,1652.0,8.883540575383183,MASP2_Helo_CM,560
827,1654.0,9.181009881691326,MASP2_Helo_CM,560
828,1656.0,8.88826856835139,MASP2_Helo_CM,560
829,1658.0,8.735532787480901,MASP2_Helo_CM,560
830,1660.0,8.889365551380758,MASP2_Helo_CM,560
831,1662.0,8.76203450701998,MASP2_Helo_CM,560
832,1664.0,9.03324409660916,MASP2_Helo_CM,560
833,1666.0,9.03787393162542,MASP2_Helo_CM,560
834,1668.0,7.787283749891562,MASP2_Helo_CM,560
835,1670.0,7.722756117074842,MASP2_Helo_CM,560
836,1672.0,7.504237061425078,MASP2_Helo_CM,560
837,1674.0,7.914973158763977,MASP2_Helo_CM,560
838,1676.0,8.122947784249263,MASP2_Helo_CM,560
839,1678.0,7.977307693350415,MASP2_Helo_CM,560
840,1680.0,8.108462502587942,MASP2_Helo_CM,560
841,1682.0,7.9003545520989835,MASP2_Helo_CM,560
842,1684.0,8.08797079136048,MASP2_Helo_CM,560
843,1686.0,7.885457165053148,MASP2_Helo_CM,560
844,1688.0,7.733290919463108,MASP2_Helo_CM,560
845,1690.0,8.603891378525214,MASP2_Helo_CM,560
846,1692.0,7.68479629530456,MASP2_Helo_CM,560
847,1694.0,7.776092827112817,MASP2_Helo_CM,560
848,1696.0,8.373224335479957,MASP2_Helo_CM,560
849,1698.0,7.8581896526132455,MASP2_Helo_CM,560
850,1700.0,7.862459280429554,MASP2_Helo_CM,560
851,1702.0,7.186379893580652,MASP2_Helo_CM,560
852,1704.0,7.531204568624899,MASP2_Helo_CM,560
853,1706.0,7.852123857265529,MASP2_Helo_CM,560
854,1708.0,8.319621414514526,MASP2_Helo_CM,560
855,1710.0,8.054393306544863,MASP2_Helo_CM,560
856,1712.0,8.19946143023428,MASP2_Helo_CM,560
857,1714.0,8.354908727577149,MASP2_Helo_CM,560
858,1716.0,8.253378736946214,MASP2_Helo_CM,560
859,1718.0,7.909689493726386,MASP2_Helo_CM,560
860,1720.0,8.058873294575358,MASP2_Helo_CM,560
861,1722.0,8.266011327171022,MASP2_Helo_CM,560
862,1724.0,8.070857315128308,MASP2_Helo_CM,560
863,1726.0,8.243453779924973,MASP2_Helo_CM,560
864,1728.0,8.599725184391836,MASP2_Helo_CM,560
865,1730.0,8.552528055343707,MASP2_Helo_CM,560
866,1732.0,9.593287991038359,MASP2_Helo_CM,560
867,1734.0,9.092781309780616,MASP2_Helo_CM,560
868,1736.0,8.31659061140292,MASP2_Helo_CM,560
869,1738.0,8.382076508967076,MASP2_Helo_CM,560
870,1740.0,8.172907793987699,MASP2_Helo_CM,560
871,1742.0,7.59574119147105,MASP2_Helo_CM,560
872,1744.0,8.242611248950654,MASP2_Helo_CM,560
873,1746.0,8.139089826121367,MASP2_Helo_CM,560
874,1748.0,8.040122407802922,MASP2_Helo_CM,560
875,1750.0,7.92255822961494,MASP2_Helo_CM,560
876,1752.0,7.627333394805153,MASP2_Helo_CM,560
877,1754.0,8.014382923968315,MASP2_Helo_CM,560
878,1756.0,8.307061949366098,MASP2_Helo_CM,560
879,1758.0,8.378656732313434,MASP2_Helo_CM,560
880,1760.0,7.912004786237646,MASP2_Helo_CM,560
881,1762.0,7.8729231790749905,MASP2_Helo_CM,560
882,1764.0,8.271089234220229,MASP2_Helo_CM,560
883,1766.0,7.987931404212711,MASP2_Helo_CM,560
884,1768.0,8.01628904315117,MASP2_Helo_CM,560
885,1770.0,7.8746838951579265,MASP2_Helo_CM,560
886,1772.0,7.886476460961501,MASP2_Helo_CM,560
887,1774.0,8.125369330588816,MASP2_Helo_CM,560
888,1776.0,8.243290939412757,MASP2_Helo_CM,560
889,1778.0,8.20026137063942,MASP2_Helo_CM,560
890,1780.0,8.433733122589482,MASP2_Helo_CM,560
891,1782.0,8.555372244459303,MASP2_Helo_CM,560
892,1784.0,8.213971245925027,MASP2_Helo_CM,560
893,1786.0,10.167806806695246,MASP2_Helo_CM,560
894,1788.0,9.805371062737507,MASP2_Helo_CM,560
895,1790.0,10.721815946103806,MASP2_Helo_CM,560
896,1792.0,9.907238070196842,MASP2_Helo_CM,560
897,1794.0,10.136943258244536,MASP2_Helo_CM,560
898,1796.0,10.485529025107786,MASP2_Helo_CM,560
899,1798.0,10.446272423432392,MASP2_Helo_CM,560
900,1800.0,10.357646290244153,MASP2_Helo_CM,560
901,1802.0,10.878931249621013,MASP2_Helo_CM,560
902,1804.0,12.104667433576953,MASP2_Helo_CM,560
903,1806.0,11.35005212398101,MASP2_Helo_CM,560
904,1808.0,10.43799637346207,MASP2_Helo_CM,560
905,1810.0,10.79810902316928,MASP2_Helo_CM,560
906,1812.0,10.824399433638723,MASP2_Helo_CM,560
907,1814.0,11.305994407115072,MASP2_Helo_CM,560
908,1816.0,10.436872284282467,MASP2_Helo_CM,560
909,1818.0,10.105826493388902,MASP2_Helo_CM,560
910,1820.0,10.413757908100324,MASP2_Helo_CM,560
911,1822.0,10.048718841778333,MASP2_Helo_CM,560
912,1824.0,10.094628948232332,MASP2_Helo_CM,560
913,1826.0,10.223523273587997,MASP2_Helo_CM,560
914,1828.0,10.349570524935524,MASP2_Helo_CM,560
915,1830.0,10.299699015623455,MASP2_Helo_CM,560
916,1832.0,10.478797036288794,MASP2_Helo_CM,560
917,1834.0,10.627740563389835,MASP2_Helo_CM,560
918,1836.0,10.285613839352973,MASP2_Helo_CM,560
919,1838.0,10.612909055704707,MASP2_Helo_CM,560
920,1840.0,10.212695135248254,MASP2_Helo_CM,560
921,1842.0,9.964563867324912,MASP2_Helo_CM,560
922,1844.0,9.778908248705388,MASP2_Helo_CM,560
923,1846.0,10.390605990473302,MASP2_Helo_CM,560
924,1848.0,10.260918909513956,MASP2_Helo_CM,560
925,1850.0,9.979645506418297,MASP2_Helo_CM,560
926,1852.0,10.231563676647873,MASP2_Helo_CM,560
927,1854.0,10.284179667055108,MASP2_Helo_CM,560
928,1856.0,9.875712676568945,MASP2_Helo_CM,560
929,1858.0,10.48275563991214,MASP2_Helo_CM,560
930,1860.0,10.136069743810538,MASP2_Helo_CM,560
931,1862.0,11.06885385365497,MASP2_Helo_CM,560
932,1864.0,10.499652574176098,MASP2_Helo_CM,560
933,1866.0,10.237986845652673,MASP2_Helo_CM,560
934,1868.0,11.503280214094076,MASP2_Helo_CM,560
935,1870.0,12.063802118725828,MASP2_Helo_CM,560
936,1872.0,11.510098867402373,MASP2_Helo_CM,560
937,1874.0,12.125901581698734,MASP2_Helo_CM,560
938,1876.0,11.529474149248474,MASP2_Helo_CM,560
939,1878.0,11.593908577384898,MASP2_Helo_CM,560
940,1880.0,11.224648295270958,MASP2_Helo_CM,560
941,1882.0,11.390940714840045,MASP2_Helo_CM,560
942,1884.0,12.325446582458758,MASP2_Helo_CM,560
943,1886.0,11.70058216091329,MASP2_Helo_CM,560
944,1888.0,12.061643686183908,MASP2_Helo_CM,560
945,1890.0,12.092348664679792,MASP2_Helo_CM,560
946,1892.0,12.276241900255862,MASP2_Helo_CM,560
947,1894.0,12.408626441996743,MASP2_Helo_CM,560
948,1896.0,13.28971390994802,MASP2_Helo_CM,560
949,1898.0,12.575061971924145,MASP2_Helo_CM,560
950,1900.0,12.638990948931914,MASP2_Helo_CM,560
951,1902.0,12.161141858379645,MASP2_Helo_CM,560
952,1904.0,12.226888663874163,MASP2_Helo_CM,560
953,1906.0,12.482892769315603,MASP2_Helo_CM,560
954,1908.0,12.225293176395352,MASP2_Helo_CM,560
955,1910.0,12.722665928115962,MASP2_Helo_CM,560
956,1912.0,11.9228257248523,MASP2_Helo_CM,560
957,1914.0,12.222776344064155,MASP2_Helo_CM,560
958,1916.0,12.617323143142912,MASP2_Helo_CM,560
959,1918.0,12.961136611411678,MASP2_Helo_CM,560
960,1920.0,12.941521428751006,MASP2_Helo_CM,560
961,1922.0,13.477426800662824,MASP2_Helo_CM,560
962,1924.0,13.693629009935675,MASP2_Helo_CM,560
963,1926.0,13.26962820863365,MASP2_Helo_CM,560
964,1928.0,12.196063412448268,MASP2_Helo_CM,560
965,1930.0,12.728613685096853,MASP2_Helo_CM,560
966,1932.0,13.54675304483911,MASP2_Helo_CM,560
967,1934.0,11.637975580451954,MASP2_Helo_CM,560
968,1936.0,10.984010822896611,MASP2_Helo_CM,560
969,1938.0,11.033212268340524,MASP2_Helo_CM,560
970,1940.0,10.638746995451058,MASP2_Helo_CM,560
971,1942.0,10.522072425281035,MASP2_Helo_CM,560
972,1944.0,11.641033694195743,MASP2_Helo_CM,560
973,1946.0,11.702514355306878,MASP2_Helo_CM,560
974,1948.0,11.094834056338334,MASP2_Helo_CM,560
975,1950.0,10.505512204520993,MASP2_Helo_CM,560
976,1952.0,10.651185438676253,MASP2_Helo_CM,560
977,1954.0,10.659124955750602,MASP2_Helo_CM,560
978,1956.0,10.744943328763942,MASP2_Helo_CM,560
979,1958.0,11.16193213159723,MASP2_Helo_CM,560
980,1960.0,12.022910762373773,MASP2_Helo_CM,560
981,1962.0,11.873180042159976,MASP2_Helo_CM,560
982,1964.0,11.741251609369339,MASP2_Helo_CM,560
983,1966.0,12.036097804588591,MASP2_Helo_CM,560
984,1968.0,12.357601090147547,MASP2_Helo_CM,560
985,1970.0,12.093105324466654,MASP2_Helo_CM,560
986,1972.0,11.390749633842557,MASP2_Helo_CM,560
987,1974.0,12.527609865549751,MASP2_Helo_CM,560
988,1976.0,11.955155653429971,MASP2_Helo_CM,560
989,1978.0,12.656947738848288,MASP2_Helo_CM,560
990,1980.0,11.518635444638802,MASP2_Helo_CM,560
991,1982.0,11.553186002112351,MASP2_Helo_CM,560
992,1984.0,11.197889958077827,MASP2_Helo_CM,560
993,1986.0,11.595012607219898,MASP2_Helo_CM,560
994,1988.0,11.6226286676792,MASP2_Helo_CM,560
995,1990.0,10.88062467517677,MASP2_Helo_CM,560
996,1992.0,11.648252723217018,MASP2_Helo_CM,560
997,1994.0,12.31473317650551,MASP2_Helo_CM,560
998,1996.0,11.821403088300718,MASP2_Helo_CM,560
999,1998.0,12.130131709606752,MASP2_Helo_CM,560
1000,2000.0,12.404982005089224,MASP2_Helo_CM,560
1001,2002.0,12.037040833135586,MASP2_Helo_CM,560
1002,2004.0,12.112347165611126,MASP2_Helo_CM,560
1003,2006.0,11.543622757898055,MASP2_Helo_CM,560
1004,2008.0,11.813694721818505,MASP2_Helo_CM,560
1005,2010.0,12.349090879388212,MASP2_Helo_CM,560
1006,2012.0,11.305019678985373,MASP2_Helo_CM,560
1007,2014.0,10.958122029463178,MASP2_Helo_CM,560
1008,2016.0,11.3264984330409,MASP2_Helo_CM,560
1009,2018.0,11.78543998250247,MASP2_Helo_CM,560
1010,2020.0,11.714108194977108,MASP2_Helo_CM,560
1011,2022.0,12.531402662110088,MASP2_Helo_CM,560
1012,2024.0,12.438788307943497,MASP2_Helo_CM,560
1013,2026.0,15.162272006106663,MASP2_Helo_CM,560
1014,2028.0,15.121682037190233,MASP2_Helo_CM,560
1015,2030.0,13.723243991590804,MASP2_Helo_CM,560
1016,2032.0,14.339875884532571,MASP2_Helo_CM,560
1017,2034.0,14.086094918933961,MASP2_Helo_CM,560
1018,2036.0,15.41135087086236,MASP2_Helo_CM,560
1019,2038.0,14.592036785811448,MASP2_Helo_CM,560
1020,2040.0,14.509680312518386,MASP2_Helo_CM,560
1021,2042.0,13.220586295786187,MASP2_Helo_CM,560
1022,2044.0,14.049501498569,MASP2_Helo_CM,560
1023,2046.0,13.9481472319017,MASP2_Helo_CM,560
1024,2048.0,15.116668436531832,MASP2_Helo_CM,560
1025,2050.0,15.47304284012194,MASP2_Helo_CM,560
1026,2052.0,15.512284809265047,MASP2_Helo_CM,560
1027,2054.0,16.232881836972794,MASP2_Helo_CM,560
1028,2056.0,15.583782557845812,MASP2_Helo_CM,560
1029,2058.0,16.397557425135126,MASP2_Helo_CM,560
1030,2060.0,16.97538243348339,MASP2_Helo_CM,560
1031,2062.0,16.054731849244583,MASP2_Helo_CM,560
1032,2064.0,15.13522379135271,MASP2_Helo_CM,560
1033,2066.0,16.231055874648835,MASP2_Helo_CM,560
1034,2068.0,15.009038083033813,MASP2_Helo_CM,560
1035,2070.0,15.178079936038644,MASP2_Helo_CM,560
1036,2072.0,15.977955048961155,MASP2_Helo_CM,560
1037,2074.0,16.887310616205347,MASP2_Helo_CM,560
1038,2076.0,16.418530318881764,MASP2_Helo_CM,560
1039,2078.0,17.032741080008837,MASP2_Helo_CM,560
1040,2080.0,17.052071801550138,MASP2_Helo_CM,560
1041,2082.0,16.840246392841415,MASP2_Helo_CM,560
1042,2084.0,16.9465995547597,MASP2_Helo_CM,560
1043,2086.0,15.442344103190244,MASP2_Helo_CM,560
1044,2088.0,14.12771004178931,MASP2_Helo_CM,560
1045,2090.0,16.305078988463542,MASP2_Helo_CM,560
1046,2092.0,14.959813578238835,MASP2_Helo_CM,560
1047,2094.0,14.66191255581829,MASP2_Helo_CM,560
1048,2096.0,15.60963301708085,MASP2_Helo_CM,560
1049,2098.0,15.17237834108917,MASP2_Helo_CM,560
1050,2100.0,14.621009873183635,MASP2_Helo_CM,560
1051,2102.0,15.804221733692698,MASP2_Helo_CM,560
1052,2104.0,15.983677080547308,MASP2_Helo_CM,560
1053,2106.0,16.624896748004584,MASP2_Helo_CM,560
1054,2108.0,14.849605508797445,MASP2_Helo_CM,560
1055,2110.0,16.09384585933043,MASP2_Helo_CM,560
1056,2112.0,16.689624340857556,MASP2_Helo_CM,560
1057,2114.0,16.701099099550547,MASP2_Helo_CM,560
1058,2116.0,17.354136828256475,MASP2_Helo_CM,560
1059,2118.0,15.976009396265226,MASP2_Helo_CM,560
1060,2120.0,16.42863095903244,MASP2_Helo_CM,560
1061,2122.0,16.871465183029784,MASP2_Helo_CM,560
1062,2124.0,15.176337909639775,MASP2_Helo_CM,560
1063,2126.0,16.604351381281166,MASP2_Helo_CM,560
1064,2128.0,19.85273710864241,MASP2_Helo_CM,560
1065,2130.0,18.949291300615965,MASP2_Helo_CM,560
1066,2132.0,18.857993732016098,MASP2_Helo_CM,560
1067,2134.0,20.001832254111864,MASP2_Helo_CM,560
1068,2136.0,20.947137866753245,MASP2_Helo_CM,560
1069,2138.0,20.717479357754517,MASP2_Helo_CM,560
1070,2140.0,21.829363257852087,MASP2_Helo_CM,560
1071,2142.0,20.19859423622061,MASP2_Helo_CM,560
1072,2144.0,18.59779121699198,MASP2_Helo_CM,560
1073,2146.0,19.578061921800007,MASP2_Helo_CM,560
1074,2148.0,19.107777014291024,MASP2_Helo_CM,560
1075,2150.0,17.41462035396269,MASP2_Helo_CM,560
1076,2152.0,17.958608190414452,MASP2_Helo_CM,560
1077,2154.0,16.073770044775376,MASP2_Helo_CM,560
1078,2156.0,16.88355611317903,MASP2_Helo_CM,560
1079,2158.0,17.20674907546778,MASP2_Helo_CM,560
1080,2160.0,15.643657177488494,MASP2_Helo_CM,560
1081,2162.0,14.5533455745828,MASP2_Helo_CM,560
1082,2164.0,13.285296140307423,MASP2_Helo_CM,560
1083,2166.0,12.481634968613616,MASP2_Helo_CM,560
1084,2168.0,13.151381371934034,MASP2_Helo_CM,560
1085,2170.0,12.051173271320323,MASP2_Helo_CM,560
1086,2172.0,11.3443487387922,MASP2_Helo_CM,560
1087,2174.0,12.625288911800933,MASP2_Helo_CM,560
1088,2176.0,13.897054084120834,MASP2_Helo_CM,560
1089,2178.0,11.796768443864616,MASP2_Helo_CM,560
1090,2180.0,10.84586149157271,MASP2_Helo_CM,560
1091,2182.0,10.069671482777935,MASP2_Helo_CM,560
1092,2184.0,10.642385395654046,MASP2_Helo_CM,560
1093,2186.0,10.622656675417327,MASP2_Helo_CM,560
1094,2188.0,10.742077729928718,MASP2_Helo_CM,560
1095,2190.0,11.564722071258725,MASP2_Helo_CM,560
1096,2192.0,11.555280653456656,MASP2_Helo_CM,560
1097,2194.0,12.438389103517155,MASP2_Helo_CM,560
1098,2196.0,11.537949692485608,MASP2_Helo_CM,560
1099,2198.0,11.419377313432033,MASP2_Helo_CM,560
1100,2200.0,11.058037994514747,MASP2_Helo_CM,560
1101,2202.0,11.51146468096867,MASP2_Helo_CM,560
1102,2204.0,11.6407560478321,MASP2_Helo_CM,560
1103,2206.0,12.171628148718208,MASP2_Helo_CM,560
1104,2208.0,11.859371118140821,MASP2_Helo_CM,560
1105,2210.0,10.337451083469324,MASP2_Helo_CM,560
1106,2212.0,12.519861953474317,MASP2_Helo_CM,560
1107,2214.0,12.880395164705734,MASP2_Helo_CM,560
1108,2216.0,13.205339745405432,MASP2_Helo_CM,560
1109,2218.0,14.248518058796883,MASP2_Helo_CM,560
1110,2220.0,15.74452840203578,MASP2_Helo_CM,560
1111,2222.0,15.9014235459118,MASP2_Helo_CM,560
1112,2224.0,15.642806674060278,MASP2_Helo_CM,560
1113,2226.0,15.454835181990925,MASP2_Helo_CM,560
1114,2228.0,16.340364247355847,MASP2_Helo_CM,560
1115,2230.0,16.535551049083843,MASP2_Helo_CM,560
1116,2232.0,16.213546598293597,MASP2_Helo_CM,560
1117,2234.0,15.38412400608721,MASP2_Helo_CM,560
1118,2236.0,16.017867809192172,MASP2_Helo_CM,560
1119,2238.0,16.70208095311867,MASP2_Helo_CM,560
1120,2240.0,14.56953193758672,MASP2_Helo_CM,560
1121,2242.0,16.872313596474246,MASP2_Helo_CM,560
1122,2244.0,16.67175889126354,MASP2_Helo_CM,560
1123,2246.0,18.360064461000366,MASP2_Helo_CM,560
1124,2248.0,16.418281559222084,MASP2_Helo_CM,560
1125,2250.0,15.618568891823404,MASP2_Helo_CM,560
1126,2252.0,16.054810356626817,MASP2_Helo_CM,560
1127,2254.0,16.63028792606127,MASP2_Helo_CM,560
1128,2256.0,16.513571874074074,MASP2_Helo_CM,560
1129,2258.0,15.541601875880557,MASP2_Helo_CM,560
1130,2260.0,16.88624504283708,MASP2_Helo_CM,560
1131,2262.0,17.240373743986872,MASP2_Helo_CM,560
1132,2264.0,16.433737700114037,MASP2_Helo_CM,560
1133,2266.0,15.687271479754225,MASP2_Helo_CM,560
1134,2268.0,15.616886271909104,MASP2_Helo_CM,560
1135,2270.0,15.973163592634977,MASP2_Helo_CM,560
1136,2272.0,15.822959980861967,MASP2_Helo_CM,560
1137,2274.0,15.963300750138501,MASP2_Helo_CM,560
1138,2276.0,16.73521111399705,MASP2_Helo_CM,560
1139,2278.0,18.827990189372997,MASP2_Helo_CM,560
1140,2280.0,18.110788806158624,MASP2_Helo_CM,560
1141,2282.0,17.3996152688694,MASP2_Helo_CM,560
1142,2284.0,18.64407775489781,MASP2_Helo_CM,560
1143,2286.0,16.639971722096814,MASP2_Helo_CM,560
1144,2288.0,15.67753033836135,MASP2_Helo_CM,560
1145,2290.0,16.10640803815287,MASP2_Helo_CM,560
1146,2292.0,16.503306142662282,MASP2_Helo_CM,560
1147,2294.0,17.47907234342702,MASP2_Helo_CM,560
1148,2296.0,17.619596929234675,MASP2_Helo_CM,560
1149,2298.0,14.476128286825498,MASP2_Helo_CM,560
1150,2300.0,14.993173007740188,MASP2_Helo_CM,560
1151,2302.0,13.661223952034902,MASP2_Helo_CM,560
1152,2304.0,14.759102412459988,MASP2_Helo_CM,560
1153,2306.0,14.557522866024549,MASP2_Helo_CM,560
1154,2308.0,15.257760957912925,MASP2_Helo_CM,560
1155,2310.0,13.61760496591387,MASP2_Helo_CM,560
1156,2312.0,14.611192360440056,MASP2_Helo_CM,560
1157,2314.0,14.475389925719545,MASP2_Helo_CM,560
1158,2316.0,13.414265759968249,MASP2_Helo_CM,560
1159,2318.0,13.061772729716761,MASP2_Helo_CM,560
1160,2320.0,13.210115167500765,MASP2_Helo_CM,560
1161,2322.0,13.737093283896076,MASP2_Helo_CM,560
1162,2324.0,13.010477490164936,MASP2_Helo_CM,560
1163,2326.0,12.321942594719363,MASP2_Helo_CM,560
1164,2328.0,12.75324998352941,MASP2_Helo_CM,560
1165,2330.0,12.667820725339455,MASP2_Helo_CM,560
1166,2332.0,12.462482416166809,MASP2_Helo_CM,560
1167,2334.0,11.498841119840208,MASP2_Helo_CM,560
1168,2336.0,11.868681265337553,MASP2_Helo_CM,560
1169,2338.0,11.31519632743961,MASP2_Helo_CM,560
1170,2340.0,12.210662716521119,MASP2_Helo_CM,560
1171,2342.0,11.457157601890133,MASP2_Helo_CM,560
1172,2344.0,11.832031590445032,MASP2_Helo_CM,560
1173,2346.0,12.810435885213407,MASP2_Helo_CM,560
1174,2348.0,12.856923480068417,MASP2_Helo_CM,560
1175,2350.0,12.50214948534844,MASP2_Helo_CM,560
1176,2352.0,12.727658597494889,MASP2_Helo_CM,560
1177,2354.0,14.460111288892094,MASP2_Helo_CM,560
1178,2356.0,11.756618853034535,MASP2_Helo_CM,560
1179,2358.0,12.31699167139484,MASP2_Helo_CM,560
1180,2360.0,12.502458495679466,MASP2_Helo_CM,560
1181,2362.0,12.321393094992066,MASP2_Helo_CM,560
1182,2364.0,12.183662167795939,MASP2_Helo_CM,560
1183,2366.0,12.425128387802882,MASP2_Helo_CM,560
1184,2368.0,12.501711278963127,MASP2_Helo_CM,560
1185,2370.0,11.893700590692765,MASP2_Helo_CM,560
1186,2372.0,11.830957833186659,MASP2_Helo_CM,560
1187,2374.0,12.309010178409347,MASP2_Helo_CM,560
1188,2376.0,11.994087961280137,MASP2_Helo_CM,560
1189,2378.0,11.747085980853587,MASP2_Helo_CM,560
1190,2380.0,12.319319283208513,MASP2_Helo_CM,560
1191,2382.0,11.793274916333527,MASP2_Helo_CM,560
1192,2384.0,11.526894897683922,MASP2_Helo_CM,560
1193,2386.0,11.699060917834984,MASP2_Helo_CM,560
1194,2388.0,11.811419188528298,MASP2_Helo_CM,560
1195,2390.0,11.719331692855675,MASP2_Helo_CM,560
1196,2392.0,11.924276637916154,MASP2_Helo_CM,560
1197,2394.0,12.300956001213569,MASP2_Helo_CM,560
1198,2396.0,11.960222192647686,MASP2_Helo_CM,560
1199,2398.0,12.078468708881847,MASP2_Helo_CM,560
1200,2400.0,12.262376573921502,MASP2_Helo_CM,560
1201,2402.0,12.476305671634265,MASP2_Helo_CM,560
1202,2404.0,11.526060466619109,MASP2_Helo_CM,560
1203,2406.0,11.503911542903456,MASP2_Helo_CM,560
1204,2408.0,12.569320157282723,MASP2_Helo_CM,560
1205,2410.0,11.04446215916905,MASP2_Helo_CM,560
1206,2412.0,11.392069135551154,MASP2_Helo_CM,560
1207,2414.0,10.723304762607624,MASP2_Helo_CM,560
1208,2416.0,10.925697198994714,MASP2_Helo_CM,560
1209,2418.0,11.896603885487847,MASP2_Helo_CM,560
1210,2420.0,12.555884304387785,MASP2_Helo_CM,560
1211,2422.0,12.098355955156649,MASP2_Helo_CM,560
1212,2424.0,11.678459146282774,MASP2_Helo_CM,560
1213,2426.0,12.121140240264046,MASP2_Helo_CM,560
1214,2428.0,11.99217851779418,MASP2_Helo_CM,560
1215,2430.0,13.151930021436247,MASP2_Helo_CM,560
1216,2432.0,13.239594019139437,MASP2_Helo_CM,560
1217,2434.0,13.207378650481191,MASP2_Helo_CM,560
1218,2436.0,13.432029404860872,MASP2_Helo_CM,560
1219,2438.0,13.886049919306355,MASP2_Helo_CM,560
1220,2440.0,13.772813881004037,MASP2_Helo_CM,560
1221,2442.0,14.31127705157409,MASP2_Helo_CM,560
1222,2444.0,15.107283080802176,MASP2_Helo_CM,560
1223,2446.0,16.26443094400132,MASP2_Helo_CM,560
1224,2448.0,17.256874800220285,MASP2_Helo_CM,560
1225,2450.0,15.880572883531904,MASP2_Helo_CM,560
1226,2452.0,16.159283800264564,MASP2_Helo_CM,560
1227,2454.0,17.717404437153547,MASP2_Helo_CM,560
1228,2456.0,18.877590966716177,MASP2_Helo_CM,560
1229,2458.0,17.59236267907354,MASP2_Helo_CM,560
1230,2460.0,15.24477431437194,MASP2_Helo_CM,560
1231,2462.0,17.389294988660186,MASP2_Helo_CM,560
1232,2464.0,18.170926432620227,MASP2_Helo_CM,560
1233,2466.0,16.574210279608778,MASP2_Helo_CM,560
1234,2468.0,13.877845404163606,MASP2_Helo_CM,560
1235,2470.0,14.287496823578733,MASP2_Helo_CM,560
1236,2472.0,14.392767989150931,MASP2_Helo_CM,560
1237,2474.0,12.23896513895581,MASP2_Helo_CM,560
1238,2476.0,11.601122448137167,MASP2_Helo_CM,560
1239,2478.0,12.90333715355765,MASP2_Helo_CM,560
1240,2480.0,15.212953546380888,MASP2_Helo_CM,560
1241,2482.0,15.09085725321832,MASP2_Helo_CM,560
1242,2484.0,15.396959181685975,MASP2_Helo_CM,560
1243,2486.0,15.937566243658495,MASP2_Helo_CM,560
1244,2488.0,13.069928600403896,MASP2_Helo_CM,560
1245,2490.0,12.78323049480447,MASP2_Helo_CM,560
1246,2492.0,14.490709014114467,MASP2_Helo_CM,560
1247,2494.0,11.659172177120594,MASP2_Helo_CM,560
1248,2496.0,11.824814444920104,MASP2_Helo_CM,560
1249,2498.0,12.07548486725167,MASP2_Helo_CM,560
1250,2500.0,12.456003025336294,MASP2_Helo_CM,560
1251,2502.0,12.654154735727971,MASP2_Helo_CM,560
1252,2504.0,11.849256023962557,MASP2_Helo_CM,560
1253,2506.0,13.498933890510354,MASP2_Helo_CM,560
1254,2508.0,13.918812485398055,MASP2_Helo_CM,560
1255,2510.0,13.097489696648852,MASP2_Helo_CM,560
1256,2512.0,12.532378677238675,MASP2_Helo_CM,560
1257,2514.0,14.585930803035492,MASP2_Helo_CM,560
1258,2516.0,10.756106068726657,MASP2_Helo_CM,560
1259,2518.0,12.042250080846047,MASP2_Helo_CM,560
1260,2520.0,12.043938882256791,MASP2_Helo_CM,560
1261,2522.0,10.536985404152727,MASP2_Helo_CM,560
1262,2524.0,10.344015215005395,MASP2_Helo_CM,560
1263,2526.0,10.741280510149188,MASP2_Helo_CM,560
1264,2528.0,11.722171714986851,MASP2_Helo_CM,560
1265,2530.0,11.208814203242962,MASP2_Helo_CM,560
1266,2532.0,10.65734925978818,MASP2_Helo_CM,560
1267,2534.0,10.869117434939657,MASP2_Helo_CM,560
1268,2536.0,10.618848469429516,MASP2_Helo_CM,560
1269,2538.0,11.341852924749805,MASP2_Helo_CM,560
1270,2540.0,10.701090754497201,MASP2_Helo_CM,560
1271,2542.0,11.152958821743676,MASP2_Helo_CM,560
1272,2544.0,11.086523470614608,MASP2_Helo_CM,560
1273,2546.0,11.924490965646571,MASP2_Helo_CM,560
1274,2548.0,12.34995463793307,MASP2_Helo_CM,560
1275,2550.0,11.356607827217674,MASP2_Helo_CM,560
1276,2552.0,12.196365872618724,MASP2_Helo_CM,560
1277,2554.0,11.364687206840046,MASP2_Helo_CM,560
1278,2556.0,11.667303441437879,MASP2_Helo_CM,560
1279,2558.0,11.968340762000368,MASP2_Helo_CM,560
1280,2560.0,11.568447439577602,MASP2_Helo_CM,560
1281,2562.0,11.01973532610624,MASP2_Helo_CM,560
1282,2564.0,10.732865672262584,MASP2_Helo_CM,560
1283,2566.0,12.063746907690332,MASP2_Helo_CM,560
1284,2568.0,12.083559198405645,MASP2_Helo_CM,560
1285,2570.0,10.949694699563667,MASP2_Helo_CM,560
1286,2572.0,11.091403815254822,MASP2_Helo_CM,560
1287,2574.0,11.36205889383018,MASP2_Helo_CM,560
1288,2576.0,11.449237949814831,MASP2_Helo_CM,560
1289,2578.0,11.836039608409719,MASP2_Helo_CM,560
1290,2580.0,11.27548373167624,MASP2_Helo_CM,560
1291,2582.0,11.654563224718622,MASP2_Helo_CM,560
1292,2584.0,11.269957633971755,MASP2_Helo_CM,560
1293,2586.0,11.103553940769627,MASP2_Helo_CM,560
1294,2588.0,10.888463235839435,MASP2_Helo_CM,560
1295,2590.0,11.352564494726378,MASP2_Helo_CM,560
1296,2592.0,11.070703841115055,MASP2_Helo_CM,560
1297,2594.0,11.125759843420882,MASP2_Helo_CM,560
1298,2596.0,11.203446606300403,MASP2_Helo_CM,560
1299,2598.0,10.94928378195589,MASP2_Helo_CM,560
1300,2600.0,11.105508800716144,MASP2_Helo_CM,560
1301,2602.0,11.878023574816401,MASP2_Helo_CM,560
1302,2604.0,10.884539895882469,MASP2_Helo_CM,560
1303,2606.0,11.340776274581888,MASP2_Helo_CM,560
1304,2608.0,10.717899603141767,MASP2_Helo_CM,560
1305,2610.0,11.447227019831894,MASP2_Helo_CM,560
1306,2612.0,10.58612364810469,MASP2_Helo_CM,560
1307,2614.0,10.922326654317787,MASP2_Helo_CM,560
1308,2616.0,11.265702716127409,MASP2_Helo_CM,560
1309,2618.0,11.0855592365993,MASP2_Helo_CM,560
1310,2620.0,11.277239671360347,MASP2_Helo_CM,560
1311,2622.0,11.780886204715847,MASP2_Helo_CM,560
1312,2624.0,11.338305496775064,MASP2_Helo_CM,560
1313,2626.0,11.589392279586207,MASP2_Helo_CM,560
1314,2628.0,11.293808072954944,MASP2_Helo_CM,560
1315,2630.0,10.45535666005955,MASP2_Helo_CM,560
1316,2632.0,10.71445616862006,MASP2_Helo_CM,560
1317,2634.0,11.501411154935578,MASP2_Helo_CM,560
1318,2636.0,11.685694191779895,MASP2_Helo_CM,560
1319,2638.0,10.811386477838122,MASP2_Helo_CM,560
1320,2640.0,11.099431124143099,MASP2_Helo_CM,560
1321,2642.0,11.291618434877284,MASP2_Helo_CM,560
1322,2644.0,9.97788363467243,MASP2_Helo_CM,560
1323,2646.0,9.396586210711748,MASP2_Helo_CM,560
1324,2648.0,9.9405682495516,MASP2_Helo_CM,560
1325,2650.0,9.323865471255571,MASP2_Helo_CM,560
1326,2652.0,9.501702646782173,MASP2_Helo_CM,560
1327,2654.0,10.124628181074776,MASP2_Helo_CM,560
1328,2656.0,10.302827557441558,MASP2_Helo_CM,560
1329,2658.0,10.051742970680216,MASP2_Helo_CM,560
1330,2660.0,10.229102111071928,MASP2_Helo_CM,560
1331,2662.0,10.071758890839577,MASP2_Helo_CM,560
1332,2664.0,10.066232022289444,MASP2_Helo_CM,560
1333,2666.0,9.840993196023534,MASP2_Helo_CM,560
1334,2668.0,9.682312798225574,MASP2_Helo_CM,560
1335,2670.0,10.356846880696787,MASP2_Helo_CM,560
1336,2672.0,10.119771218681263,MASP2_Helo_CM,560
1337,2674.0,9.812301917079223,MASP2_Helo_CM,560
1338,2676.0,9.674438765612996,MASP2_Helo_CM,560
1339,2678.0,9.802300860099072,MASP2_Helo_CM,560
1340,2680.0,10.097085754433598,MASP2_Helo_CM,560
1341,2682.0,10.150843344199687,MASP2_Helo_CM,560
1342,2684.0,10.298036906333238,MASP2_Helo_CM,560
1343,2686.0,9.883513147786314,MASP2_Helo_CM,560
1344,2688.0,10.722873496151252,MASP2_Helo_CM,560
1345,2690.0,10.612955534769482,MASP2_Helo_CM,560
1346,2692.0,10.803013003725182,MASP2_Helo_CM,560
1347,2694.0,10.037211460365826,MASP2_Helo_CM,560
1348,2696.0,10.632393644688515,MASP2_Helo_CM,560
1349,2698.0,10.508881708318048,MASP2_Helo_CM,560
1350,2700.0,10.213890436989026,MASP2_Helo_CM,560
1351,2702.0,10.470121129319793,MASP2_Helo_CM,560
1352,2704.0,10.165898793260972,MASP2_Helo_CM,560
1353,2706.0,9.744995740765914,MASP2_Helo_CM,560
1354,2708.0,9.655773816578748,MASP2_Helo_CM,560
1355,2710.0,9.90429806829129,MASP2_Helo_CM,560
1356,2712.0,10.362661764398513,MASP2_Helo_CM,560
1357,2714.0,10.088141161739404,MASP2_Helo_CM,560
1358,2716.0,10.194478618570555,MASP2_Helo_CM,560
1359,2718.0,10.56954681821913,MASP2_Helo_CM,560
1360,2720.0,9.869821023804205,MASP2_Helo_CM,560
1361,2722.0,10.22949746981433,MASP2_Helo_CM,560
1362,2724.0,10.137337230275984,MASP2_Helo_CM,560
1363,2726.0,10.10331407657699,MASP2_Helo_CM,560
1364,2728.0,10.089205280739838,MASP2_Helo_CM,560
1365,2730.0,10.952560985515488,MASP2_Helo_CM,560
1366,2732.0,11.343371396762313,MASP2_Helo_CM,560
1367,2734.0,10.242917065900446,MASP2_Helo_CM,560
1368,2736.0,9.924934661546171,MASP2_Helo_CM,560
1369,2738.0,10.540240095629192,MASP2_Helo_CM,560
1370,2740.0,9.735355588723644,MASP2_Helo_CM,560
1371,2742.0,10.217191071571483,MASP2_Helo_CM,560
1372,2744.0,10.480327180245197,MASP2_Helo_CM,560
1373,2746.0,12.225668668947774,MASP2_Helo_CM,560
1374,2748.0,11.356323938894619,MASP2_Helo_CM,560
1375,2750.0,11.004218538230539,MASP2_Helo_CM,560
1376,2752.0,11.010011759711523,MASP2_Helo_CM,560
1377,2754.0,11.425693247139368,MASP2_Helo_CM,560
1378,2756.0,11.270083976872337,MASP2_Helo_CM,560
1379,2758.0,10.621830905258184,MASP2_Helo_CM,560
1380,2760.0,11.733875042153523,MASP2_Helo_CM,560
1381,2762.0,11.712415000488873,MASP2_Helo_CM,560
1382,2764.0,11.670468778926136,MASP2_Helo_CM,560
1383,2766.0,12.02275930141105,MASP2_Helo_CM,560
1384,2768.0,11.656567594597576,MASP2_Helo_CM,560
1385,2770.0,11.913791164207785,MASP2_Helo_CM,560
1386,2772.0,11.282264237157717,MASP2_Helo_CM,560
1387,2774.0,11.450904774161488,MASP2_Helo_CM,560
1388,2776.0,11.353237864407092,MASP2_Helo_CM,560
1389,2778.0,11.287919825751814,MASP2_Helo_CM,560
1390,2780.0,11.041690679744743,MASP2_Helo_CM,560
1391,2782.0,11.02388383057013,MASP2_Helo_CM,560
1392,2784.0,11.371407001902117,MASP2_Helo_CM,560
1393,2786.0,11.396595530709002,MASP2_Helo_CM,560
1394,2788.0,11.83026196402818,MASP2_Helo_CM,560
1395,2790.0,12.005075480108594,MASP2_Helo_CM,560
1396,2792.0,10.572470981702109,MASP2_Helo_CM,560
1397,2794.0,10.563074375599589,MASP2_Helo_CM,560
1398,2796.0,10.141207288710836,MASP2_Helo_CM,560
1399,2798.0,10.811269240834404,MASP2_Helo_CM,560
1400,2800.0,11.110733792023046,MASP2_Helo_CM,560
1401,2802.0,10.461003320977719,MASP2_Helo_CM,560
1402,2804.0,10.90121533647623,MASP2_Helo_CM,560
1403,2806.0,10.2866860295751,MASP2_Helo_CM,560
1404,2808.0,10.910381026905391,MASP2_Helo_CM,560
1405,2810.0,11.555047326397618,MASP2_Helo_CM,560
1406,2812.0,11.143648066910536,MASP2_Helo_CM,560
1407,2814.0,10.626519859922734,MASP2_Helo_CM,560
1408,2816.0,10.763387233655976,MASP2_Helo_CM,560
1409,2818.0,11.236961056160684,MASP2_Helo_CM,560
1410,2820.0,11.321903961951914,MASP2_Helo_CM,560
1411,2822.0,10.865476276046316,MASP2_Helo_CM,560
1412,2824.0,11.11873516820907,MASP2_Helo_CM,560
1413,2826.0,10.20018107600746,MASP2_Helo_CM,560
1414,2828.0,10.307029538752564,MASP2_Helo_CM,560
1415,2830.0,10.20800378155178,MASP2_Helo_CM,560
1416,2832.0,10.43642107759873,MASP2_Helo_CM,560
1417,2834.0,9.772620972163091,MASP2_Helo_CM,560
1418,2836.0,9.791884284608361,MASP2_Helo_CM,560
1419,2838.0,10.28881014637565,MASP2_Helo_CM,560
1420,2840.0,9.482492397739668,MASP2_Helo_CM,560
1421,2842.0,9.478120165286317,MASP2_Helo_CM,560
1422,2844.0,10.074204475688772,MASP2_Helo_CM,560
1423,2846.0,10.622126833027101,MASP2_Helo_CM,560
1424,2848.0,10.095855013294265,MASP2_Helo_CM,560
1425,2850.0,9.620006499343463,MASP2_Helo_CM,560
1426,2852.0,9.71979477942881,MASP2_Helo_CM,560
1427,2854.0,9.831666580885578,MASP2_Helo_CM,560
1428,2856.0,9.233902288156973,MASP2_Helo_CM,560
1429,2858.0,10.127718050407182,MASP2_Helo_CM,560
1430,2860.0,9.956858941583585,MASP2_Helo_CM,560
1431,2862.0,10.55577161733751,MASP2_Helo_CM,560
1432,2864.0,10.315881110141296,MASP2_Helo_CM,560
1433,2866.0,9.82251364582131,MASP2_Helo_CM,560
1434,2868.0,9.666289786812225,MASP2_Helo_CM,560
1435,2870.0,10.366617487282037,MASP2_Helo_CM,560
1436,2872.0,9.76578340321084,MASP2_Helo_CM,560
1437,2874.0,10.42067427452615,MASP2_Helo_CM,560
1438,2876.0,11.242742086028032,MASP2_Helo_CM,560
1439,2878.0,10.000870303878438,MASP2_Helo_CM,560
1440,2880.0,9.882197962766112,MASP2_Helo_CM,560
1441,2882.0,9.607932704654099,MASP2_Helo_CM,560
1442,2884.0,10.247994395494644,MASP2_Helo_CM,560
1443,2886.0,10.403787841804608,MASP2_Helo_CM,560
1444,2888.0,11.652855133173999,MASP2_Helo_CM,560
1445,2890.0,10.897754838718036,MASP2_Helo_CM,560
1446,2892.0,12.50280003447407,MASP2_Helo_CM,560
1447,2894.0,12.064523210256572,MASP2_Helo_CM,560
1448,2896.0,10.5794840043357,MASP2_Helo_CM,560
1449,2898.0,10.359845658218042,MASP2_Helo_CM,560
1450,2900.0,9.760395489619363,MASP2_Helo_CM,560
1451,2902.0,9.637576289946743,MASP2_Helo_CM,560
1452,2904.0,10.11523400867167,MASP2_Helo_CM,560
1453,2906.0,9.60916005037197,MASP2_Helo_CM,560
1454,2908.0,7.625939620352361,MASP2_Helo_CM,560
1455,2910.0,7.67745146959255,MASP2_Helo_CM,560
1456,2912.0,9.652089833826407,MASP2_Helo_CM,560
1457,2914.0,10.214835379617352,MASP2_Helo_CM,560
1458,2916.0,10.34372292347713,MASP2_Helo_CM,560
1459,2918.0,9.617978829548205,MASP2_Helo_CM,560
1460,2920.0,11.348566535967912,MASP2_Helo_CM,560
1461,2922.0,11.170275837496927,MASP2_Helo_CM,560
1462,2924.0,9.773397490777187,MASP2_Helo_CM,560
1463,2926.0,11.382660462054254,MASP2_Helo_CM,560
1464,2928.0,11.607000904734823,MASP2_Helo_CM,560
1465,2930.0,12.668666167817866,MASP2_Helo_CM,560
1466,2932.0,11.27563975049691,MASP2_Helo_CM,560
1467,2934.0,10.897815155715469,MASP2_Helo_CM,560
1468,2936.0,9.797653196204603,MASP2_Helo_CM,560
1469,2938.0,10.000392936564316,MASP2_Helo_CM,560
1470,2940.0,10.137284219855792,MASP2_Helo_CM,560
1471,2942.0,9.657799529897366,MASP2_Helo_CM,560
1472,2944.0,10.427088854568357,MASP2_Helo_CM,560
1473,2946.0,10.589808670982318,MASP2_Helo_CM,560
1474,2948.0,11.655927890688396,MASP2_Helo_CM,560
1475,2950.0,10.316865071999082,MASP2_Helo_CM,560
1476,2952.0,10.748572417322121,MASP2_Helo_CM,560
1477,2954.0,10.551946869860423,MASP2_Helo_CM,560
1478,2956.0,11.266171443423572,MASP2_Helo_CM,560
1479,2958.0,10.6885517695045,MASP2_Helo_CM,560
1480,2960.0,10.232437943772661,MASP2_Helo_CM,560
1481,2962.0,10.226008037194626,MASP2_Helo_CM,560
1482,2964.0,10.593442208671904,MASP2_Helo_CM,560
1483,2966.0,10.669164327435585,MASP2_Helo_CM,560
1484,2968.0,9.927735321130951,MASP2_Helo_CM,560
1485,2970.0,10.927448138047406,MASP2_Helo_CM,560
1486,2972.0,10.207151069901858,MASP2_Helo_CM,560
1487,2974.0,10.939016769843715,MASP2_Helo_CM,560
1488,2976.0,10.584242360209384,MASP2_Helo_CM,560
1489,2978.0,11.166932946531919,MASP2_Helo_CM,560
1490,2980.0,10.470132288986996,MASP2_Helo_CM,560
1491,2982.0,10.592975346284392,MASP2_Helo_CM,560
1492,2984.0,10.90775029343883,MASP2_Helo_CM,560
1493,2986.0,10.59001799251924,MASP2_Helo_CM,560
1494,2988.0,10.462974050177495,MASP2_Helo_CM,560
1495,2990.0,9.723946149411958,MASP2_Helo_CM,560
1496,2992.0,10.02704191015939,MASP2_Helo_CM,560
1497,2994.0,10.55182438327731,MASP2_Helo_CM,560
1498,2996.0,10.128441007098202,MASP2_Helo_CM,560
1499,2998.0,10.859633567402362,MASP2_Helo_CM,560
1500,3000.0,10.557700438210828,MASP2_Helo_CM,560
1501,3002.0,10.942055021743068,MASP2_Helo_CM,560
1502,3004.0,11.408743642167185,MASP2_Helo_CM,560
1503,3006.0,10.63026548181804,MASP2_Helo_CM,560
1504,3008.0,10.029271988805709,MASP2_Helo_CM,560
1505,3010.0,10.395075432925825,MASP2_Helo_CM,560
1506,3012.0,10.16929849885129,MASP2_Helo_CM,560
1507,3014.0,11.08868202385913,MASP2_Helo_CM,560
1508,3016.0,9.919762041212524,MASP2_Helo_CM,560
1509,3018.0,10.100999966472783,MASP2_Helo_CM,560
1510,3020.0,9.930060662358827,MASP2_Helo_CM,560
1511,3022.0,10.620459188505004,MASP2_Helo_CM,560
1512,3024.0,10.411454853475043,MASP2_Helo_CM,560
1513,3026.0,10.888944698330306,MASP2_Helo_CM,560
1514,3028.0,10.396275316252726,MASP2_Helo_CM,560
1515,3030.0,10.159496277678485,MASP2_Helo_CM,560
1516,3032.0,10.350217081557197,MASP2_Helo_CM,560
1517,3034.0,10.583636616970852,MASP2_Helo_CM,560
1518,3036.0,10.603093182438595,MASP2_Helo_CM,560
1519,3038.0,9.999847519486684,MASP2_Helo_CM,560
1520,3040.0,10.402551186370008,MASP2_Helo_CM,560
1521,3042.0,10.607330407140186,MASP2_Helo_CM,560
1522,3044.0,10.503626126117581,MASP2_Helo_CM,560
1523,3046.0,10.44554552642972,MASP2_Helo_CM,560
1524,3048.0,10.199730600962424,MASP2_Helo_CM,560
1525,3050.0,10.130209597923912,MASP2_Helo_CM,560
1526,3052.0,10.528437495559876,MASP2_Helo_CM,560
1527,3054.0,12.28393966198804,MASP2_Helo_CM,560
1528,3056.0,13.284783561595761,MASP2_Helo_CM,560
1529,3058.0,15.204029090216572,MASP2_Helo_CM,560
1530,3060.0,14.471487459806053,MASP2_Helo_CM,560
1531,3062.0,13.43399170979068,MASP2_Helo_CM,560
1532,3064.0,13.449848779817641,MASP2_Helo_CM,560
1533,3066.0,14.517771515550143,MASP2_Helo_CM,560
1534,3068.0,15.596808567248564,MASP2_Helo_CM,560
1535,3070.0,15.94252839772796,MASP2_Helo_CM,560
1536,3072.0,14.837493831241009,MASP2_Helo_CM,560
1537,3074.0,15.127166778707243,MASP2_Helo_CM,560
1538,3076.0,13.898278636227909,MASP2_Helo_CM,560
1539,3078.0,12.905634903789343,MASP2_Helo_CM,560
1540,3080.0,14.101207083400869,MASP2_Helo_CM,560
1541,3082.0,14.355096989533415,MASP2_Helo_CM,560
1542,3084.0,14.524482373384133,MASP2_Helo_CM,560
1543,3086.0,13.14738005074376,MASP2_Helo_CM,560
1544,3088.0,12.84731636769447,MASP2_Helo_CM,560
1545,3090.0,13.609644169552029,MASP2_Helo_CM,560
1546,3092.0,12.812610649479696,MASP2_Helo_CM,560
1547,3094.0,10.908536702595088,MASP2_Helo_CM,560
1548,3096.0,10.59623737196895,MASP2_Helo_CM,560
1549,3098.0,10.154803150396758,MASP2_Helo_CM,560
1550,3100.0,10.229190324453796,MASP2_Helo_CM,560
1551,3102.0,10.512240648587367,MASP2_Helo_CM,560
1552,3104.0,10.400844925258031,MASP2_Helo_CM,560
1553,3106.0,10.560011153234338,MASP2_Helo_CM,560
1554,3108.0,10.483568011470274,MASP2_Helo_CM,560
1555,3110.0,10.49192412631207,MASP2_Helo_CM,560
1556,3112.0,10.549282737192165,MASP2_Helo_CM,560
1557,3114.0,10.34310006943131,MASP2_Helo_CM,560
1558,3116.0,10.478276350591619,MASP2_Helo_CM,560
1559,3118.0,11.472790517638574,MASP2_Helo_CM,560
1560,3120.0,11.048807140298367,MASP2_Helo_CM,560
1561,3122.0,11.082887757066137,MASP2_Helo_CM,560
1562,3124.0,11.298164340848997,MASP2_Helo_CM,560
1563,3126.0,10.611136933043799,MASP2_Helo_CM,560
1564,3128.0,11.31504064142775,MASP2_Helo_CM,560
1565,3130.0,12.918197098278386,MASP2_Helo_CM,560
1566,3132.0,15.5852354648674,MASP2_Helo_CM,560
1567,3134.0,16.497129552540304,MASP2_Helo_CM,560
1568,3136.0,14.025859097481561,MASP2_Helo_CM,560
1569,3138.0,13.818507549714347,MASP2_Helo_CM,560
1570,3140.0,14.759198119088486,MASP2_Helo_CM,560
1571,3142.0,14.246985569096752,MASP2_Helo_CM,560
1572,3144.0,16.03595821673647,MASP2_Helo_CM,560
1573,3146.0,15.150297526380774,MASP2_Helo_CM,560
1574,3148.0,13.620040366714123,MASP2_Helo_CM,560
1575,3150.0,13.37013730101063,MASP2_Helo_CM,560
1576,3152.0,15.03668449611843,MASP2_Helo_CM,560
1577,3154.0,13.590583271936655,MASP2_Helo_CM,560
1578,3156.0,12.332336946287572,MASP2_Helo_CM,560
1579,3158.0,13.312338346384669,MASP2_Helo_CM,560
1580,3160.0,13.0023286891959,MASP2_Helo_CM,560
1581,3162.0,12.79523926121642,MASP2_Helo_CM,560
1582,3164.0,15.231414848357515,MASP2_Helo_CM,560
1583,3166.0,11.948557020993837,MASP2_Helo_CM,560
1584,3168.0,12.95463958004783,MASP2_Helo_CM,560
1585,3170.0,13.216701906659837,MASP2_Helo_CM,560
1586,3172.0,12.859554203117577,MASP2_Helo_CM,560
1587,3174.0,10.849891931943148,MASP2_Helo_CM,560
1588,3176.0,10.114237948238804,MASP2_Helo_CM,560
1589,3178.0,10.742002614587978,MASP2_Helo_CM,560
1590,3180.0,9.743556893498523,MASP2_Helo_CM,560
1591,3182.0,10.071475462469662,MASP2_Helo_CM,560
1592,3184.0,9.941049004785937,MASP2_Helo_CM,560
1593,3186.0,10.15406516078255,MASP2_Helo_CM,560
1594,3188.0,11.442351612279362,MASP2_Helo_CM,560
1595,3190.0,10.567471515327673,MASP2_Helo_CM,560
1596,3192.0,11.32318770069676,MASP2_Helo_CM,560
1597,3194.0,12.440009011446278,MASP2_Helo_CM,560
1598,3196.0,13.524316786968019,MASP2_Helo_CM,560
1599,3198.0,11.75862457985492,MASP2_Helo_CM,560
1600,3200.0,12.015280187316835,MASP2_Helo_CM,560
1601,3202.0,11.653766777237724,MASP2_Helo_CM,560
1602,3204.0,11.543591967435852,MASP2_Helo_CM,560
1603,3206.0,13.346470010493132,MASP2_Helo_CM,560
1604,3208.0,11.331594179072315,MASP2_Helo_CM,560
1605,3210.0,10.009250868373933,MASP2_Helo_CM,560
1606,3212.0,10.121805258860634,MASP2_Helo_CM,560
1607,3214.0,10.662938105915151,MASP2_Helo_CM,560
1608,3216.0,10.732719264166306,MASP2_Helo_CM,560
1609,3218.0,11.256503343578322,MASP2_Helo_CM,560
1610,3220.0,10.868613244558478,MASP2_Helo_CM,560
1611,3222.0,11.646257121101824,MASP2_Helo_CM,560
1612,3224.0,10.675560126324113,MASP2_Helo_CM,560
1613,3226.0,10.55928029303756,MASP2_Helo_CM,560
1614,3228.0,12.53477064609658,MASP2_Helo_CM,560
1615,3230.0,12.05254937421123,MASP2_Helo_CM,560
1616,3232.0,12.331699460094974,MASP2_Helo_CM,560
1617,3234.0,11.022587801018012,MASP2_Helo_CM,560
1618,3236.0,11.450781810279997,MASP2_Helo_CM,560
1619,3238.0,12.181495246117063,MASP2_Helo_CM,560
1620,3240.0,11.580014478153533,MASP2_Helo_CM,560
1621,3242.0,12.264752775182513,MASP2_Helo_CM,560
1622,3244.0,12.78864989007154,MASP2_Helo_CM,560
1623,3246.0,12.016172076694964,MASP2_Helo_CM,560
1624,3248.0,11.283522254372471,MASP2_Helo_CM,560
1625,3250.0,11.879050705333976,MASP2_Helo_CM,560
1626,3252.0,10.88293721071747,MASP2_Helo_CM,560
1627,3254.0,12.291108202409749,MASP2_Helo_CM,560
1628,3256.0,12.581334881679117,MASP2_Helo_CM,560
1629,3258.0,14.106005116412332,MASP2_Helo_CM,560
1630,3260.0,11.441216188580292,MASP2_Helo_CM,560
1631,3262.0,11.526861325813162,MASP2_Helo_CM,560
1632,3264.0,11.868182079667466,MASP2_Helo_CM,560
1633,3266.0,11.943633146176504,MASP2_Helo_CM,560
1634,3268.0,10.705591041208573,MASP2_Helo_CM,560
1635,3270.0,11.295941520268897,MASP2_Helo_CM,560
1636,3272.0,12.036705105710666,MASP2_Helo_CM,560
1637,3274.0,11.211850541219139,MASP2_Helo_CM,560
1638,3276.0,10.760533729381168,MASP2_Helo_CM,560
1639,3278.0,11.412446959243141,MASP2_Helo_CM,560
1640,3280.0,10.537199665031055,MASP2_Helo_CM,560
1641,3282.0,14.152052807640013,MASP2_Helo_CM,560
1642,3284.0,11.051377300586298,MASP2_Helo_CM,560
1643,3286.0,11.303388166826107,MASP2_Helo_CM,560
1644,3288.0,11.51003235473348,MASP2_Helo_CM,560
1645,3290.0,10.602744185774423,MASP2_Helo_CM,560
1646,3292.0,11.840839139813534,MASP2_Helo_CM,560
1647,3294.0,10.5876461912552,MASP2_Helo_CM,560
1648,3296.0,10.616917931115436,MASP2_Helo_CM,560
1649,3298.0,12.06942635671528,MASP2_Helo_CM,560
1650,3300.0,11.049661005748135,MASP2_Helo_CM,560
1651,3302.0,10.79743354954607,MASP2_Helo_CM,560
1652,3304.0,11.890821512949678,MASP2_Helo_CM,560
1653,3306.0,10.661995708424762,MASP2_Helo_CM,560
1654,3308.0,10.510201068050693,MASP2_Helo_CM,560
1655,3310.0,10.664111617398811,MASP2_Helo_CM,560
1656,3312.0,10.478897759986252,MASP2_Helo_CM,560
1657,3314.0,12.257540659696398,MASP2_Helo_CM,560
1658,3316.0,11.907008880588617,MASP2_Helo_CM,560
1659,3318.0,12.460231211556742,MASP2_Helo_CM,560
1660,3320.0,12.024672649459687,MASP2_Helo_CM,560
1661,3322.0,11.903156111362325,MASP2_Helo_CM,560
1662,3324.0,12.016628648280069,MASP2_Helo_CM,560
1663,3326.0,12.496345210345146,MASP2_Helo_CM,560
1664,3328.0,10.703148663051225,MASP2_Helo_CM,560
1665,3330.0,10.971242561642137,MASP2_Helo_CM,560
1666,3332.0,9.31059070587174,MASP2_Helo_CM,560
1667,3334.0,10.137929247889016,MASP2_Helo_CM,560
1668,3336.0,10.82228588977467,MASP2_Helo_CM,560
1669,3338.0,10.885512344831819,MASP2_Helo_CM,560
1670,3340.0,9.925758525182415,MASP2_Helo_CM,560
1671,3342.0,10.225767705704182,MASP2_Helo_CM,560
1672,3344.0,10.310435796675698,MASP2_Helo_CM,560
1673,3346.0,12.080281404744017,MASP2_Helo_CM,560
1674,3348.0,11.28398048353752,MASP2_Helo_CM,560
1675,3350.0,10.892183761332564,MASP2_Helo_CM,560
1676,3352.0,11.510550537391584,MASP2_Helo_CM,560
1677,3354.0,11.41238675204534,MASP2_Helo_CM,560
1678,3356.0,10.599756046933276,MASP2_Helo_CM,560
1679,3358.0,10.782553895234182,MASP2_Helo_CM,560
1680,3360.0,9.910793029097778,MASP2_Helo_CM,560
1681,3362.0,10.842833588392299,MASP2_Helo_CM,560
1682,3364.0,10.810163967357637,MASP2_Helo_CM,560
1683,3366.0,10.8942270065795,MASP2_Helo_CM,560
1684,3368.0,12.033590107914662,MASP2_Helo_CM,560
1685,3370.0,11.970331711879245,MASP2_Helo_CM,560
1686,3372.0,11.166565182770332,MASP2_Helo_CM,560
1687,3374.0,12.036885386282608,MASP2_Helo_CM,560
1688,3376.0,12.139890614385562,MASP2_Helo_CM,560
1689,3378.0,11.270047525762614,MASP2_Helo_CM,560
1690,3380.0,11.515631905361797,MASP2_Helo_CM,560
1691,3382.0,11.272909607494075,MASP2_Helo_CM,560
1692,3384.0,11.82785746258012,MASP2_Helo_CM,560
1693,3386.0,11.016572156488966,MASP2_Helo_CM,560
1694,3388.0,11.894230884431229,MASP2_Helo_CM,560
1695,3390.0,10.769508164992368,MASP2_Helo_CM,560
1696,3392.0,10.966429862661135,MASP2_Helo_CM,560
1697,3394.0,11.23373255023806,MASP2_Helo_CM,560
1698,3396.0,10.500469707494043,MASP2_Helo_CM,560
1699,3398.0,9.855809173235194,MASP2_Helo_CM,560
1700,3400.0,11.092485024366677,MASP2_Helo_CM,560
1701,3402.0,10.606615799286146,MASP2_Helo_CM,560
1702,3404.0,11.666846585607324,MASP2_Helo_CM,560
1703,3406.0,11.720733593932392,MASP2_Helo_CM,560
1704,3408.0,13.165581607000055,MASP2_Helo_CM,560
1705,3410.0,13.068768704821581,MASP2_Helo_CM,560
1706,3412.0,12.74453739178185,MASP2_Helo_CM,560
1707,3414.0,11.317260469106653,MASP2_Helo_CM,560
1708,3416.0,12.921479132944489,MASP2_Helo_CM,560
1709,3418.0,13.162618128171697,MASP2_Helo_CM,560
1710,3420.0,12.142953058721567,MASP2_Helo_CM,560
1711,3422.0,11.747873888727023,MASP2_Helo_CM,560
1712,3424.0,11.991942212328121,MASP2_Helo_CM,560
1713,3426.0,11.808676787473237,MASP2_Helo_CM,560
1714,3428.0,12.167955051557707,MASP2_Helo_CM,560
1715,3430.0,12.304149336142808,MASP2_Helo_CM,560
1716,3432.0,12.001001243419253,MASP2_Helo_CM,560
1717,3434.0,12.844891817713368,MASP2_Helo_CM,560
1718,3436.0,10.546360749976165,MASP2_Helo_CM,560
1719,3438.0,12.147053580799778,MASP2_Helo_CM,560
1720,3440.0,12.933506013883282,MASP2_Helo_CM,560
1721,3442.0,11.88979205295738,MASP2_Helo_CM,560
1722,3444.0,11.514141543325303,MASP2_Helo_CM,560
1723,3446.0,10.48849867042785,MASP2_Helo_CM,560
1724,3448.0,10.367853224821182,MASP2_Helo_CM,560
1725,3450.0,9.705500272456469,MASP2_Helo_CM,560
1726,3452.0,8.740831826052924,MASP2_Helo_CM,560
1727,3454.0,11.871615526315932,MASP2_Helo_CM,560
1728,3456.0,11.829027252232521,MASP2_Helo_CM,560
1729,3458.0,11.635314656096906,MASP2_Helo_CM,560
1730,3460.0,10.791208683493096,MASP2_Helo_CM,560
1731,3462.0,11.753179388147588,MASP2_Helo_CM,560
1732,3464.0,12.650047099790664,MASP2_Helo_CM,560
1733,3466.0,11.644530459350669,MASP2_Helo_CM,560
1734,3468.0,10.479317637438188,MASP2_Helo_CM,560
1735,3470.0,10.148636890750323,MASP2_Helo_CM,560
1736,3472.0,11.513011325858173,MASP2_Helo_CM,560
1737,3474.0,11.438495437031872,MASP2_Helo_CM,560
1738,3476.0,11.50065952472376,MASP2_Helo_CM,560
1739,3478.0,10.861867500004122,MASP2_Helo_CM,560
1740,3480.0,10.919503344359839,MASP2_Helo_CM,560
1741,3482.0,11.045847796567166,MASP2_Helo_CM,560
1742,3484.0,11.132729194224671,MASP2_Helo_CM,560
1743,3486.0,11.789273597449059,MASP2_Helo_CM,560
1744,3488.0,10.348794259059689,MASP2_Helo_CM,560
1745,3490.0,10.137053003323205,MASP2_Helo_CM,560
1746,3492.0,9.958061707835808,MASP2_Helo_CM,560
1747,3494.0,9.150924058867535,MASP2_Helo_CM,560
1748,3496.0,9.32507779704558,MASP2_Helo_CM,560
1749,3498.0,9.3497263171156,MASP2_Helo_CM,560
1750,3500.0,9.522803950138734,MASP2_Helo_CM,560
1751,3502.0,10.260978490173848,MASP2_Helo_CM,560
1752,3504.0,10.826142478250377,MASP2_Helo_CM,560
1753,3506.0,9.505539743666782,MASP2_Helo_CM,560
1754,3508.0,9.38995286899246,MASP2_Helo_CM,560
1755,3510.0,10.994243123807196,MASP2_Helo_CM,560
1756,3512.0,10.879946414854393,MASP2_Helo_CM,560
1757,3514.0,11.146617153260648,MASP2_Helo_CM,560
1758,3516.0,9.948821721306228,MASP2_Helo_CM,560
1759,3518.0,11.323402795481224,MASP2_Helo_CM,560
1760,3520.0,10.577843011434327,MASP2_Helo_CM,560
1761,3522.0,11.096510651196002,MASP2_Helo_CM,560
1762,3524.0,10.310137368654022,MASP2_Helo_CM,560
1763,3526.0,10.15118505938489,MASP2_Helo_CM,560
1764,3528.0,10.09871605696709,MASP2_Helo_CM,560
1765,3530.0,9.99215652159514,MASP2_Helo_CM,560
1766,3532.0,9.962534774782561,MASP2_Helo_CM,560
1767,3534.0,9.611341005864274,MASP2_Helo_CM,560
1768,3536.0,10.20482731787406,MASP2_Helo_CM,560
1769,3538.0,9.752626447955715,MASP2_Helo_CM,560
1770,3540.0,10.984552534917583,MASP2_Helo_CM,560
1771,3542.0,9.982962233144228,MASP2_Helo_CM,560
1772,3544.0,9.539712308579777,MASP2_Helo_CM,560
1773,3546.0,9.449411249700868,MASP2_Helo_CM,560
1774,3548.0,10.830681312134555,MASP2_Helo_CM,560
1775,3550.0,9.374630419826996,MASP2_Helo_CM,560
1776,3552.0,10.613126115268932,MASP2_Helo_CM,560
1777,3554.0,10.634530959989235,MASP2_Helo_CM,560
1778,3556.0,10.022540043244389,MASP2_Helo_CM,560
1779,3558.0,10.615962222180666,MASP2_Helo_CM,560
1780,3560.0,9.93466570278769,MASP2_Helo_CM,560
1781,3562.0,10.716492266800527,MASP2_Helo_CM,560
1782,3564.0,10.687984870025561,MASP2_Helo_CM,560
1783,3566.0,10.257447215385929,MASP2_Helo_CM,560
1784,3568.0,10.197499635712067,MASP2_Helo_CM,560
1785,3570.0,10.276158095191628,MASP2_Helo_CM,560
1786,3572.0,9.96051205565862,MASP2_Helo_CM,560
1787,3574.0,10.298205045819202,MASP2_Helo_CM,560
1788,3576.0,10.3367905239246,MASP2_Helo_CM,560
1789,3578.0,10.017587305451393,MASP2_Helo_CM,560
1790,3580.0,9.91372822804028,MASP2_Helo_CM,560
1791,3582.0,9.688222379281637,MASP2_Helo_CM,560
1792,3584.0,9.928665573396689,MASP2_Helo_CM,560
1793,3586.0,10.119421411041522,MASP2_Helo_CM,560
1794,3588.0,10.773124770703236,MASP2_Helo_CM,560
1795,3590.0,10.070134090993863,MASP2_Helo_CM,560
1796,3592.0,10.2101988001063,MASP2_Helo_CM,560
1797,3594.0,10.631508759916535,MASP2_Helo_CM,560
1798,3596.0,10.45252393292887,MASP2_Helo_CM,560
1799,3598.0,10.27578410257823,MASP2_Helo_CM,560
1800,3600.0,10.189214449056433,MASP2_Helo_CM,560
1801,3602.0,9.539858697268622,MASP2_Helo_CM,560
1802,3604.0,9.571906053910151,MASP2_Helo_CM,560
1803,3606.0,9.741644021957606,MASP2_Helo_CM,560
1804,3608.0,9.252810871522076,MASP2_Helo_CM,560
1805,3610.0,9.012777568227317,MASP2_Helo_CM,560
1806,3612.0,9.22863485223157,MASP2_Helo_CM,560
1807,3614.0,9.11428961835346,MASP2_Helo_CM,560
1808,3616.0,9.00709375591523,MASP2_Helo_CM,560
1809,3618.0,9.96390295855784,MASP2_Helo_CM,560
1810,3620.0,9.819648190624136,MASP2_Helo_CM,560
1811,3622.0,9.804116424029356,MASP2_Helo_CM,560
1812,3624.0,9.382778131205121,MASP2_Helo_CM,560
1813,3626.0,9.3664756515947,MASP2_Helo_CM,560
1814,3628.0,9.381308694439408,MASP2_Helo_CM,560
1815,3630.0,10.070642399587928,MASP2_Helo_CM,560
1816,3632.0,10.214904366924706,MASP2_Helo_CM,560
1817,3634.0,9.821973182476853,MASP2_Helo_CM,560
1818,3636.0,9.903795160433795,MASP2_Helo_CM,560
1819,3638.0,10.142486064804332,MASP2_Helo_CM,560
1820,3640.0,10.39134708427937,MASP2_Helo_CM,560
1821,3642.0,10.587401518910266,MASP2_Helo_CM,560
1822,3644.0,9.73586591827098,MASP2_Helo_CM,560
1823,3646.0,9.857151535949694,MASP2_Helo_CM,560
1824,3648.0,9.976767929047348,MASP2_Helo_CM,560
1825,3650.0,10.002954239627044,MASP2_Helo_CM,560
1826,3652.0,10.202934580792986,MASP2_Helo_CM,560
1827,3654.0,10.00157920333247,MASP2_Helo_CM,560
1828,3656.0,10.07658015049127,MASP2_Helo_CM,560
1829,3658.0,10.464850855342377,MASP2_Helo_CM,560
1830,3660.0,10.057269815952312,MASP2_Helo_CM,560
1831,3662.0,10.973509681310043,MASP2_Helo_CM,560
1832,3664.0,10.3543876362863,MASP2_Helo_CM,560
1833,3666.0,9.834307651668055,MASP2_Helo_CM,560
1834,3668.0,10.263200454520181,MASP2_Helo_CM,560
1835,3670.0,10.125741543298064,MASP2_Helo_CM,560
1836,3672.0,10.582980901241255,MASP2_Helo_CM,560
1837,3674.0,10.029655270727076,MASP2_Helo_CM,560
1838,3676.0,9.78753374164705,MASP2_Helo_CM,560
1839,3678.0,9.185593166582056,MASP2_Helo_CM,560
1840,3680.0,10.255776759143306,MASP2_Helo_CM,560
1841,3682.0,10.801325192503578,MASP2_Helo_CM,560
1842,3684.0,11.010432797741089,MASP2_Helo_CM,560
1843,3686.0,11.069534630589938,MASP2_Helo_CM,560
1844,3688.0,10.35033582033638,MASP2_Helo_CM,560
1845,3690.0,10.109317675395054,MASP2_Helo_CM,560
1846,3692.0,12.065702197050909,MASP2_Helo_CM,560
1847,3694.0,11.012528991099332,MASP2_Helo_CM,560
1848,3696.0,11.652201985120833,MASP2_Helo_CM,560
1849,3698.0,11.45172763846397,MASP2_Helo_CM,560
1850,3700.0,11.136880104657685,MASP2_Helo_CM,560
1851,3702.0,10.783537510363864,MASP2_Helo_CM,560
1852,3704.0,10.924886840521665,MASP2_Helo_CM,560
1853,3706.0,11.94897741426829,MASP2_Helo_CM,560
1854,3708.0,11.559292560696397,MASP2_Helo_CM,560
1855,3710.0,12.116670883710867,MASP2_Helo_CM,560
1856,3712.0,11.270079888120533,MASP2_Helo_CM,560
1857,3714.0,12.082815976143749,MASP2_Helo_CM,560
1858,3716.0,9.851105580179063,MASP2_Helo_CM,560
1859,3718.0,10.974990171601531,MASP2_Helo_CM,560
1860,3720.0,10.163402049144242,MASP2_Helo_CM,560
1861,3722.0,10.99168975244966,MASP2_Helo_CM,560
1862,3724.0,10.509430094692252,MASP2_Helo_CM,560
1863,3726.0,10.648713118426082,MASP2_Helo_CM,560
1864,3728.0,11.230946509555837,MASP2_Helo_CM,560
1865,3730.0,10.87873178497825,MASP2_Helo_CM,560
1866,3732.0,11.57828064302412,MASP2_Helo_CM,560
1867,3734.0,11.672611223483084,MASP2_Helo_CM,560
1868,3736.0,12.202816732142859,MASP2_Helo_CM,560
1869,3738.0,11.498183518359866,MASP2_Helo_CM,560
1870,3740.0,9.76573076664485,MASP2_Helo_CM,560
1871,3742.0,10.886770390877334,MASP2_Helo_CM,560
1872,3744.0,11.492307590255237,MASP2_Helo_CM,560
1873,3746.0,12.94884744351301,MASP2_Helo_CM,560
1874,3748.0,11.375939544699817,MASP2_Helo_CM,560
1875,3750.0,13.68430994988005,MASP2_Helo_CM,560
1876,3752.0,11.039441646816577,MASP2_Helo_CM,560
1877,3754.0,11.871397499651785,MASP2_Helo_CM,560
1878,3756.0,11.723170956585841,MASP2_Helo_CM,560
1879,3758.0,11.35754028633758,MASP2_Helo_CM,560
1880,3760.0,11.539843411604261,MASP2_Helo_CM,560
1881,3762.0,10.627509329922397,MASP2_Helo_CM,560
1882,3764.0,11.788733006142408,MASP2_Helo_CM,560
1883,3766.0,10.037958213226178,MASP2_Helo_CM,560
1884,3768.0,10.983456420057042,MASP2_Helo_CM,560
1885,3770.0,11.440011769353708,MASP2_Helo_CM,560
1886,3772.0,11.225477340431741,MASP2_Helo_CM,560
1887,3774.0,11.782871299392491,MASP2_Helo_CM,560
1888,3776.0,11.00654779069286,MASP2_Helo_CM,560
1889,3778.0,11.372568039399601,MASP2_Helo_CM,560
1890,3780.0,10.276063643245902,MASP2_Helo_CM,560
1891,3782.0,10.270888306521991,MASP2_Helo_CM,560
1892,3784.0,10.19057461048295,MASP2_Helo_CM,560
1893,3786.0,9.707972880644544,MASP2_Helo_CM,560
1894,3788.0,9.859060847251577,MASP2_Helo_CM,560
1895,3790.0,12.090358136609385,MASP2_Helo_CM,560
1896,3792.0,10.505212345131339,MASP2_Helo_CM,560
1897,3794.0,12.174919614379052,MASP2_Helo_CM,560
1898,3796.0,12.337298227265823,MASP2_Helo_CM,560
1899,3798.0,11.103364422440375,MASP2_Helo_CM,560
1900,3800.0,10.754071860711111,MASP2_Helo_CM,560
1901,3802.0,10.846988341115637,MASP2_Helo_CM,560
1902,3804.0,10.435375834053117,MASP2_Helo_CM,560
1903,3806.0,10.413372491781516,MASP2_Helo_CM,560
1904,3808.0,10.431901394859016,MASP2_Helo_CM,560
1905,3810.0,9.888850719662507,MASP2_Helo_CM,560
1906,3812.0,10.254094536400922,MASP2_Helo_CM,560
1907,3814.0,10.075900201385922,MASP2_Helo_CM,560
1908,3816.0,9.95922072098133,MASP2_Helo_CM,560
1909,3818.0,10.97645602104855,MASP2_Helo_CM,560
1910,3820.0,11.834093452639875,MASP2_Helo_CM,560
1911,3822.0,11.201755691249089,MASP2_Helo_CM,560
1912,3824.0,9.848301722440038,MASP2_Helo_CM,560
1913,3826.0,9.905545619310013,MASP2_Helo_CM,560
1914,3828.0,10.226299446312924,MASP2_Helo_CM,560
1915,3830.0,10.741324306242104,MASP2_Helo_CM,560
1916,3832.0,9.297153299115118,MASP2_Helo_CM,560
1917,3834.0,9.810061473476852,MASP2_Helo_CM,560
1918,3836.0,9.326081288434388,MASP2_Helo_CM,560
1919,3838.0,9.124179222911755,MASP2_Helo_CM,560
1920,3840.0,9.943143108915347,MASP2_Helo_CM,560
1921,3842.0,10.011765159243877,MASP2_Helo_CM,560
1922,3844.0,9.836518855983455,MASP2_Helo_CM,560
1923,3846.0,9.664483969790822,MASP2_Helo_CM,560
1924,3848.0,9.686242073416523,MASP2_Helo_CM,560
1925,3850.0,10.039539721410078,MASP2_Helo_CM,560
1926,3852.0,9.353166333855906,MASP2_Helo_CM,560
1927,3854.0,10.821931429804186,MASP2_Helo_CM,560
1928,3856.0,9.754682130882207,MASP2_Helo_CM,560
1929,3858.0,9.221497637636345,MASP2_Helo_CM,560
1930,3860.0,9.721740077798197,MASP2_Helo_CM,560
1931,3862.0,11.496558100913806,MASP2_Helo_CM,560
1932,3864.0,9.971317953958586,MASP2_Helo_CM,560
1933,3866.0,9.642526822357155,MASP2_Helo_CM,560
1934,3868.0,11.007629201362706,MASP2_Helo_CM,560
1935,3870.0,10.178009293464067,MASP2_Helo_CM,560
1936,3872.0,10.11785732733909,MASP2_Helo_CM,560
1937,3874.0,10.459678665022548,MASP2_Helo_CM,560
1938,3876.0,10.971185572405288,MASP2_Helo_CM,560
1939,3878.0,11.21137664217555,MASP2_Helo_CM,560
1940,3880.0,11.666633105773414,MASP2_Helo_CM,560
1941,3882.0,10.869108252203374,MASP2_Helo_CM,560
1942,3884.0,11.359482601181346,MASP2_Helo_CM,560
1943,3886.0,10.319613900813257,MASP2_Helo_CM,560
1944,3888.0,8.326907300785498,MASP2_Helo_CM,560
1945,3890.0,8.909215892437047,MASP2_Helo_CM,560
1946,3892.0,8.63407596840838,MASP2_Helo_CM,560
1947,3894.0,8.517953520920766,MASP2_Helo_CM,560
1948,3896.0,10.347161905389886,MASP2_Helo_CM,560
1949,3898.0,10.964862322404139,MASP2_Helo_CM,560
1950,3900.0,12.685941536516303,MASP2_Helo_CM,560
1951,3902.0,10.90931252700145,MASP2_Helo_CM,560
1952,3904.0,11.906580195441734,MASP2_Helo_CM,560
1953,3906.0,11.942394783473224,MASP2_Helo_CM,560
1954,3908.0,10.516965708945195,MASP2_Helo_CM,560
1955,3910.0,11.412509824506067,MASP2_Helo_CM,560
1956,3912.0,11.7935775863063,MASP2_Helo_CM,560
1957,3914.0,12.382810902204989,MASP2_Helo_CM,560
1958,3916.0,11.809005980559288,MASP2_Helo_CM,560
1959,3918.0,12.105924704884861,MASP2_Helo_CM,560
1960,3920.0,11.353391944767544,MASP2_Helo_CM,560
1961,3922.0,11.295795964640787,MASP2_Helo_CM,560
1962,3924.0,11.258257212688607,MASP2_Helo_CM,560
1963,3926.0,12.526776670141642,MASP2_Helo_CM,560
1964,3928.0,12.145975111292097,MASP2_Helo_CM,560
1965,3930.0,10.453313178464793,MASP2_Helo_CM,560
1966,3932.0,11.389857420373675,MASP2_Helo_CM,560
1967,3934.0,11.3071193024926,MASP2_Helo_CM,560
1968,3936.0,11.768370818725048,MASP2_Helo_CM,560
1969,3938.0,10.857304643601145,MASP2_Helo_CM,560
1970,3940.0,9.308955076161187,MASP2_Helo_CM,560
1971,3942.0,12.520501525095552,MASP2_Helo_CM,560
1972,3944.0,11.273112834682998,MASP2_Helo_CM,560
1973,3946.0,11.209643444833779,MASP2_Helo_CM,560
1974,3948.0,10.736802619139546,MASP2_Helo_CM,560
1975,3950.0,11.03794245556293,MASP2_Helo_CM,560
1976,3952.0,10.913351454985959,MASP2_Helo_CM,560
1977,3954.0,9.770233599493421,MASP2_Helo_CM,560
1978,3956.0,12.54152633717616,MASP2_Helo_CM,560
1979,3958.0,12.787500479378378,MASP2_Helo_CM,560
1980,3960.0,9.389101120069814,MASP2_Helo_CM,560
1981,3962.0,11.76506859595657,MASP2_Helo_CM,560
1982,3964.0,12.956636292340585,MASP2_Helo_CM,560
1983,3966.0,13.345209665254911,MASP2_Helo_CM,560
1984,3968.0,14.792294234871552,MASP2_Helo_CM,560
1985,3970.0,14.264517390246766,MASP2_Helo_CM,560
1986,3972.0,14.67039400052083,MASP2_Helo_CM,560
1987,3974.0,14.637282304874036,MASP2_Helo_CM,560
1988,3976.0,14.636023584848653,MASP2_Helo_CM,560
1989,3978.0,14.103465844335286,MASP2_Helo_CM,560
1990,3980.0,11.779064307610216,MASP2_Helo_CM,560
1991,3982.0,12.583274892912609,MASP2_Helo_CM,560
1992,3984.0,11.272909472556158,MASP2_Helo_CM,560
1993,3986.0,11.290788683210778,MASP2_Helo_CM,560
1994,3988.0,10.74175977195602,MASP2_Helo_CM,560
1995,3990.0,10.108062332843703,MASP2_Helo_CM,560
1996,3992.0,10.831170196576913,MASP2_Helo_CM,560
1997,3994.0,11.31244389483198,MASP2_Helo_CM,560
1998,3996.0,11.010826376305726,MASP2_Helo_CM,560
1999,3998.0,10.60761619426559,MASP2_Helo_CM,560
2000,4000.0,10.740357526816755,MASP2_Helo_CM,560
2001,4002.0,9.98293577759617,MASP2_Helo_CM,560
2002,4004.0,10.79393109577851,MASP2_Helo_CM,560
2003,4006.0,10.4418206468212,MASP2_Helo_CM,560
2004,4008.0,11.335463256494698,MASP2_Helo_CM,560
2005,4010.0,10.08342256766519,MASP2_Helo_CM,560
2006,4012.0,10.3543128516337,MASP2_Helo_CM,560
2007,4014.0,9.946262991559685,MASP2_Helo_CM,560
2008,4016.0,11.559800863085053,MASP2_Helo_CM,560
2009,4018.0,10.902277261637451,MASP2_Helo_CM,560
2010,4020.0,11.790493091395977,MASP2_Helo_CM,560
2011,4022.0,12.863061197914442,MASP2_Helo_CM,560
2012,4024.0,12.60739169911619,MASP2_Helo_CM,560
2013,4026.0,11.333421029639252,MASP2_Helo_CM,560
2014,4028.0,12.774106282281643,MASP2_Helo_CM,560
2015,4030.0,11.726749030179866,MASP2_Helo_CM,560
2016,4032.0,11.078368595439073,MASP2_Helo_CM,560
2017,4034.0,11.67209949677025,MASP2_Helo_CM,560
2018,4036.0,10.543865669454402,MASP2_Helo_CM,560
2019,4038.0,11.10087854504348,MASP2_Helo_CM,560
2020,4040.0,11.326661793104682,MASP2_Helo_CM,560
2021,4042.0,11.741550579307214,MASP2_Helo_CM,560
2022,4044.0,13.102708203278969,MASP2_Helo_CM,560
2023,4046.0,12.292743441361418,MASP2_Helo_CM,560
2024,4048.0,11.00941021619802,MASP2_Helo_CM,560
2025,4050.0,11.963644257955137,MASP2_Helo_CM,560
2026,4052.0,11.526588743708665,MASP2_Helo_CM,560
2027,4054.0,10.802682761228306,MASP2_Helo_CM,560
2028,4056.0,12.214889084221456,MASP2_Helo_CM,560
2029,4058.0,11.658242095160356,MASP2_Helo_CM,560
2030,4060.0,11.47770721494143,MASP2_Helo_CM,560
2031,4062.0,12.036131661031272,MASP2_Helo_CM,560
2032,4064.0,11.002497073394988,MASP2_Helo_CM,560
2033,4066.0,11.319829782311396,MASP2_Helo_CM,560
2034,4068.0,11.936069065078645,MASP2_Helo_CM,560
2035,4070.0,11.080999371901042,MASP2_Helo_CM,560
2036,4072.0,12.202946857439834,MASP2_Helo_CM,560
2037,4074.0,12.39366002947899,MASP2_Helo_CM,560
2038,4076.0,12.48079573948059,MASP2_Helo_CM,560
2039,4078.0,11.555873530385833,MASP2_Helo_CM,560
2040,4080.0,12.058159830840694,MASP2_Helo_CM,560
2041,4082.0,10.33806377529533,MASP2_Helo_CM,560
2042,4084.0,10.04932663106699,MASP2_Helo_CM,560
2043,4086.0,11.369668473893121,MASP2_Helo_CM,560
2044,4088.0,10.750920381337755,MASP2_Helo_CM,560
2045,4090.0,11.561955160478902,MASP2_Helo_CM,560
2046,4092.0,11.272536136511613,MASP2_Helo_CM,560
2047,4094.0,11.703037602395634,MASP2_Helo_CM,560
2048,4096.0,11.742937102205579,MASP2_Helo_CM,560
2049,4098.0,12.219526573699193,MASP2_Helo_CM,560
2050,4100.0,11.004778890354228,MASP2_Helo_CM,560
2051,4102.0,11.672436062197844,MASP2_Helo_CM,560
2052,4104.0,10.875704184143107,MASP2_Helo_CM,560
2053,4106.0,11.463780153974723,MASP2_Helo_CM,560
2054,4108.0,11.188681346191439,MASP2_Helo_CM,560
2055,4110.0,10.750569387681676,MASP2_Helo_CM,560
2056,4112.0,10.147141548269826,MASP2_Helo_CM,560
2057,4114.0,9.526974373962275,MASP2_Helo_CM,560
2058,4116.0,10.184658628083374,MASP2_Helo_CM,560
2059,4118.0,8.652222224562589,MASP2_Helo_CM,560
2060,4120.0,9.306217840675147,MASP2_Helo_CM,560
2061,4122.0,8.852482451409097,MASP2_Helo_CM,560
2062,4124.0,9.090032141117511,MASP2_Helo_CM,560
2063,4126.0,8.556363885802892,MASP2_Helo_CM,560
2064,4128.0,8.595280163647343,MASP2_Helo_CM,560
2065,4130.0,8.43488599579135,MASP2_Helo_CM,560
2066,4132.0,9.198734523464768,MASP2_Helo_CM,560
2067,4134.0,8.972867289754406,MASP2_Helo_CM,560
2068,4136.0,9.185870822563874,MASP2_Helo_CM,560
2069,4138.0,9.02121510594965,MASP2_Helo_CM,560
2070,4140.0,8.919386080564198,MASP2_Helo_CM,560
2071,4142.0,9.344094335811562,MASP2_Helo_CM,560
2072,4144.0,8.632944848453253,MASP2_Helo_CM,560
2073,4146.0,8.671479940403914,MASP2_Helo_CM,560
2074,4148.0,8.428450376624584,MASP2_Helo_CM,560
2075,4150.0,8.342526962865813,MASP2_Helo_CM,560
2076,4152.0,8.162917464026005,MASP2_Helo_CM,560
2077,4154.0,8.86401032461098,MASP2_Helo_CM,560
2078,4156.0,8.408131830328479,MASP2_Helo_CM,560
2079,4158.0,9.69730895822915,MASP2_Helo_CM,560
2080,4160.0,9.179526683803582,MASP2_Helo_CM,560
2081,4162.0,8.605959004804879,MASP2_Helo_CM,560
2082,4164.0,8.224628402736426,MASP2_Helo_CM,560
2083,4166.0,9.101799899258765,MASP2_Helo_CM,560
2084,4168.0,8.296414797840406,MASP2_Helo_CM,560
2085,4170.0,7.9472379899387215,MASP2_Helo_CM,560
2086,4172.0,9.054449121449377,MASP2_Helo_CM,560
2087,4174.0,10.098029984601968,MASP2_Helo_CM,560
2088,4176.0,9.770064902132438,MASP2_Helo_CM,560
2089,4178.0,8.966903611406423,MASP2_Helo_CM,560
2090,4180.0,8.816402319975444,MASP2_Helo_CM,560
2091,4182.0,8.475746729067763,MASP2_Helo_CM,560
2092,4184.0,8.964981716659436,MASP2_Helo_CM,560
2093,4186.0,8.456609207584238,MASP2_Helo_CM,560
2094,4188.0,9.162413362902793,MASP2_Helo_CM,560
2095,4190.0,8.733028619363258,MASP2_Helo_CM,560
2096,4192.0,8.24065665438905,MASP2_Helo_CM,560
2097,4194.0,8.34373625024798,MASP2_Helo_CM,560
2098,4196.0,8.545729852818852,MASP2_Helo_CM,560
2099,4198.0,8.472947026322728,MASP2_Helo_CM,560
2100,4200.0,8.470791154386552,MASP2_Helo_CM,560
2101,4202.0,8.233629476997825,MASP2_Helo_CM,560
2102,4204.0,9.068437372851339,MASP2_Helo_CM,560
2103,4206.0,8.713066013500747,MASP2_Helo_CM,560
2104,4208.0,9.454205127845468,MASP2_Helo_CM,560
2105,4210.0,8.897385726482455,MASP2_Helo_CM,560
2106,4212.0,9.316210487105929,MASP2_Helo_CM,560
2107,4214.0,8.227231189312871,MASP2_Helo_CM,560
2108,4216.0,9.040806474014147,MASP2_Helo_CM,560
2109,4218.0,8.962444197245553,MASP2_Helo_CM,560
2110,4220.0,9.248592422093914,MASP2_Helo_CM,560
2111,4222.0,8.309204708230553,MASP2_Helo_CM,560
2112,4224.0,7.966308253396655,MASP2_Helo_CM,560
2113,4226.0,8.187825511471903,MASP2_Helo_CM,560
2114,4228.0,8.080797385114385,MASP2_Helo_CM,560
2115,4230.0,8.792604813784278,MASP2_Helo_CM,560
2116,4232.0,7.7930698952236455,MASP2_Helo_CM,560
2117,4234.0,8.399683122697471,MASP2_Helo_CM,560
2118,4236.0,8.074149027212483,MASP2_Helo_CM,560
2119,4238.0,7.50822434983043,MASP2_Helo_CM,560
2120,4240.0,8.6329599050187,MASP2_Helo_CM,560
2121,4242.0,8.250307585213726,MASP2_Helo_CM,560
2122,4244.0,8.285457757517044,MASP2_Helo_CM,560
2123,4246.0,8.582777998646586,MASP2_Helo_CM,560
2124,4248.0,8.37764642942303,MASP2_Helo_CM,560
2125,4250.0,8.38269113284127,MASP2_Helo_CM,560
2126,4252.0,8.711487245675151,MASP2_Helo_CM,560
2127,4254.0,8.913166957139744,MASP2_Helo_CM,560
2128,4256.0,8.307502999700738,MASP2_Helo_CM,560
2129,4258.0,8.540828493021131,MASP2_Helo_CM,560
2130,4260.0,8.755266440852088,MASP2_Helo_CM,560
2131,4262.0,9.200591720430637,MASP2_Helo_CM,560
2132,4264.0,8.385293812835208,MASP2_Helo_CM,560
2133,4266.0,8.659979354255265,MASP2_Helo_CM,560
2134,4268.0,8.892760259140045,MASP2_Helo_CM,560
2135,4270.0,8.64539877614231,MASP2_Helo_CM,560
2136,4272.0,8.770869762997238,MASP2_Helo_CM,560
2137,4274.0,8.860367190992944,MASP2_Helo_CM,560
2138,4276.0,9.279758443557315,MASP2_Helo_CM,560
2139,4278.0,9.457375380607242,MASP2_Helo_CM,560
2140,4280.0,9.514494971605561,MASP2_Helo_CM,560
2141,4282.0,9.038199381249346,MASP2_Helo_CM,560
2142,4284.0,9.345455939584804,MASP2_Helo_CM,560
2143,4286.0,8.39946148461189,MASP2_Helo_CM,560
2144,4288.0,8.5554147357489,MASP2_Helo_CM,560
2145,4290.0,9.43128741140184,MASP2_Helo_CM,560
2146,4292.0,8.844685428724054,MASP2_Helo_CM,560
2147,4294.0,9.335326231231214,MASP2_Helo_CM,560
2148,4296.0,9.11966748875794,MASP2_Helo_CM,560
2149,4298.0,8.815010462106576,MASP2_Helo_CM,560
2150,4300.0,8.546263672794273,MASP2_Helo_CM,560
2151,4302.0,9.245221238776903,MASP2_Helo_CM,560
2152,4304.0,7.881222248985652,MASP2_Helo_CM,560
2153,4306.0,8.106511509963346,MASP2_Helo_CM,560
2154,4308.0,8.922430861883033,MASP2_Helo_CM,560
2155,4310.0,8.330556664172208,MASP2_Helo_CM,560
2156,4312.0,8.843980540590554,MASP2_Helo_CM,560
2157,4314.0,8.687676844456432,MASP2_Helo_CM,560
2158,4316.0,8.606657930644813,MASP2_Helo_CM,560
2159,4318.0,8.763793725594919,MASP2_Helo_CM,560
2160,4320.0,8.254241781649801,MASP2_Helo_CM,560
2161,4322.0,8.841173917050815,MASP2_Helo_CM,560
2162,4324.0,8.187144465729602,MASP2_Helo_CM,560
2163,4326.0,8.72441062233819,MASP2_Helo_CM,560
2164,4328.0,8.469655782382015,MASP2_Helo_CM,560
2165,4330.0,8.526318787888707,MASP2_Helo_CM,560
2166,4332.0,8.091113777779682,MASP2_Helo_CM,560
2167,4334.0,7.882838382864494,MASP2_Helo_CM,560
2168,4336.0,8.6414545023891,MASP2_Helo_CM,560
2169,4338.0,8.437330268306662,MASP2_Helo_CM,560
2170,4340.0,8.578283516736084,MASP2_Helo_CM,560
2171,4342.0,8.35725072979117,MASP2_Helo_CM,560
2172,4344.0,8.829526402757226,MASP2_Helo_CM,560
2173,4346.0,8.422394973521406,MASP2_Helo_CM,560
2174,4348.0,8.495593468068567,MASP2_Helo_CM,560
2175,4350.0,8.636159794811975,MASP2_Helo_CM,560
2176,4352.0,9.385169621141687,MASP2_Helo_CM,560
2177,4354.0,8.53971477369926,MASP2_Helo_CM,560
2178,4356.0,8.551017751070521,MASP2_Helo_CM,560
2179,4358.0,8.574030832400618,MASP2_Helo_CM,560
2180,4360.0,8.075330077433458,MASP2_Helo_CM,560
2181,4362.0,8.141199870617092,MASP2_Helo_CM,560
2182,4364.0,8.289701775334956,MASP2_Helo_CM,560
2183,4366.0,9.024314092440793,MASP2_Helo_CM,560
2184,4368.0,8.475808030618955,MASP2_Helo_CM,560
2185,4370.0,8.66256393175935,MASP2_Helo_CM,560
2186,4372.0,9.0853004397996,MASP2_Helo_CM,560
2187,4374.0,8.26445875145725,MASP2_Helo_CM,560
2188,4376.0,8.086543904999512,MASP2_Helo_CM,560
2189,4378.0,8.324136657187864,MASP2_Helo_CM,560
2190,4380.0,8.943429044069132,MASP2_Helo_CM,560
2191,4382.0,8.211218281908518,MASP2_Helo_CM,560
2192,4384.0,7.98231374943353,MASP2_Helo_CM,560
2193,4386.0,8.4242819343307,MASP2_Helo_CM,560
2194,4388.0,8.308086014564601,MASP2_Helo_CM,560
2195,4390.0,8.636951270536924,MASP2_Helo_CM,560
2196,4392.0,8.572914793689836,MASP2_Helo_CM,560
2197,4394.0,7.8486400130654435,MASP2_Helo_CM,560
2198,4396.0,9.020192793865254,MASP2_Helo_CM,560
2199,4398.0,8.214175326971006,MASP2_Helo_CM,560
2200,4400.0,7.953489806236702,MASP2_Helo_CM,560
2201,4402.0,9.264636425315235,MASP2_Helo_CM,560
2202,4404.0,8.76537675992122,MASP2_Helo_CM,560
2203,4406.0,8.427162889690363,MASP2_Helo_CM,560
2204,4408.0,8.872852542867507,MASP2_Helo_CM,560
2205,4410.0,9.778113702390126,MASP2_Helo_CM,560
2206,4412.0,7.7164809902861045,MASP2_Helo_CM,560
2207,4414.0,8.19282857753641,MASP2_Helo_CM,560
2208,4416.0,8.52420301814244,MASP2_Helo_CM,560
2209,4418.0,8.015268784349066,MASP2_Helo_CM,560
2210,4420.0,8.286126823992854,MASP2_Helo_CM,560
2211,4422.0,8.573057880360738,MASP2_Helo_CM,560
2212,4424.0,8.370982373694519,MASP2_Helo_CM,560
2213,4426.0,8.325369296111138,MASP2_Helo_CM,560
2214,4428.0,8.504660754199184,MASP2_Helo_CM,560
2215,4430.0,9.210047308413293,MASP2_Helo_CM,560
2216,4432.0,8.230187245517795,MASP2_Helo_CM,560
2217,4434.0,8.65847134159992,MASP2_Helo_CM,560
2218,4436.0,8.813649481018347,MASP2_Helo_CM,560
2219,4438.0,8.569936626663997,MASP2_Helo_CM,560
2220,4440.0,9.083238194882373,MASP2_Helo_CM,560
2221,4442.0,8.783869873791883,MASP2_Helo_CM,560
2222,4444.0,8.370908221594357,MASP2_Helo_CM,560
2223,4446.0,8.604129797295856,MASP2_Helo_CM,560
2224,4448.0,8.14911288032238,MASP2_Helo_CM,560
2225,4450.0,8.339025084903364,MASP2_Helo_CM,560
2226,4452.0,8.22639752773025,MASP2_Helo_CM,560
2227,4454.0,9.520169179149212,MASP2_Helo_CM,560
2228,4456.0,8.633878661168751,MASP2_Helo_CM,560
2229,4458.0,8.06378676516545,MASP2_Helo_CM,560
2230,4460.0,8.324429298244368,MASP2_Helo_CM,560
2231,4462.0,8.47360597390889,MASP2_Helo_CM,560
2232,4464.0,8.549597163683778,MASP2_Helo_CM,560
2233,4466.0,8.724898339906943,MASP2_Helo_CM,560
2234,4468.0,8.8544876509782,MASP2_Helo_CM,560
2235,4470.0,8.661398691856252,MASP2_Helo_CM,560
2236,4472.0,8.244776869060065,MASP2_Helo_CM,560
2237,4474.0,8.870482331448041,MASP2_Helo_CM,560
2238,4476.0,8.094859525350282,MASP2_Helo_CM,560
2239,4478.0,8.994158239404985,MASP2_Helo_CM,560
2240,4480.0,8.521935344282431,MASP2_Helo_CM,560
2241,4482.0,9.680705761043704,MASP2_Helo_CM,560
2242,4484.0,10.531673115372177,MASP2_Helo_CM,560
2243,4486.0,10.267780377392402,MASP2_Helo_CM,560
2244,4488.0,10.366800980650671,MASP2_Helo_CM,560
2245,4490.0,10.836390342625446,MASP2_Helo_CM,560
2246,4492.0,11.239193693869694,MASP2_Helo_CM,560
2247,4494.0,9.891022233303968,MASP2_Helo_CM,560
2248,4496.0,10.891328265635481,MASP2_Helo_CM,560
2249,4498.0,10.364891535848,MASP2_Helo_CM,560
2250,4500.0,10.287367012100182,MASP2_Helo_CM,560
2251,4502.0,10.516340960463172,MASP2_Helo_CM,560
2252,4504.0,10.271766951117096,MASP2_Helo_CM,560
2253,4506.0,10.595466473987244,MASP2_Helo_CM,560
2254,4508.0,10.84384244013979,MASP2_Helo_CM,560
2255,4510.0,10.148406500465146,MASP2_Helo_CM,560
2256,4512.0,10.029467674280948,MASP2_Helo_CM,560
2257,4514.0,10.333359702345957,MASP2_Helo_CM,560
2258,4516.0,10.73044550123643,MASP2_Helo_CM,560
2259,4518.0,10.967656153693685,MASP2_Helo_CM,560
2260,4520.0,11.100502080403182,MASP2_Helo_CM,560
2261,4522.0,11.385076020409736,MASP2_Helo_CM,560
2262,4524.0,11.193712315467975,MASP2_Helo_CM,560
2263,4526.0,10.881495047464485,MASP2_Helo_CM,560
2264,4528.0,11.253190309621425,MASP2_Helo_CM,560
2265,4530.0,10.574190923572761,MASP2_Helo_CM,560
2266,4532.0,9.843560455459004,MASP2_Helo_CM,560
2267,4534.0,11.343989246773067,MASP2_Helo_CM,560
2268,4536.0,11.62770917605142,MASP2_Helo_CM,560
2269,4538.0,10.539328967208666,MASP2_Helo_CM,560
2270,4540.0,10.060176575357675,MASP2_Helo_CM,560
2271,4542.0,11.665662128100005,MASP2_Helo_CM,560
2272,4544.0,11.954894726012956,MASP2_Helo_CM,560
2273,4546.0,14.757751640568829,MASP2_Helo_CM,560
2274,4548.0,14.009907318384627,MASP2_Helo_CM,560
2275,4550.0,14.548950579326737,MASP2_Helo_CM,560
2276,4552.0,14.44836226107847,MASP2_Helo_CM,560
2277,4554.0,13.777769309070399,MASP2_Helo_CM,560
2278,4556.0,13.932915952040949,MASP2_Helo_CM,560
2279,4558.0,14.452796193917221,MASP2_Helo_CM,560
2280,4560.0,13.892051026506325,MASP2_Helo_CM,560
2281,4562.0,13.16132390743842,MASP2_Helo_CM,560
2282,4564.0,13.348896949186088,MASP2_Helo_CM,560
2283,4566.0,14.243985453956352,MASP2_Helo_CM,560
2284,4568.0,13.908065675593589,MASP2_Helo_CM,560
2285,4570.0,14.043739940828866,MASP2_Helo_CM,560
2286,4572.0,14.881359377409085,MASP2_Helo_CM,560
2287,4574.0,15.317777913815647,MASP2_Helo_CM,560
2288,4576.0,15.54530456392308,MASP2_Helo_CM,560
2289,4578.0,13.95698251270005,MASP2_Helo_CM,560
2290,4580.0,14.314657961144041,MASP2_Helo_CM,560
2291,4582.0,14.1332814199305,MASP2_Helo_CM,560
2292,4584.0,14.869119743301091,MASP2_Helo_CM,560
2293,4586.0,14.004026190756916,MASP2_Helo_CM,560
2294,4588.0,13.944848354234411,MASP2_Helo_CM,560
2295,4590.0,15.820885796557057,MASP2_Helo_CM,560
2296,4592.0,13.355216007460069,MASP2_Helo_CM,560
2297,4594.0,14.174769734674504,MASP2_Helo_CM,560
2298,4596.0,14.399851244676851,MASP2_Helo_CM,560
2299,4598.0,14.066166940082297,MASP2_Helo_CM,560
2300,4600.0,13.709034324802523,MASP2_Helo_CM,560
2301,4602.0,14.472285208155219,MASP2_Helo_CM,560
2302,4604.0,13.673852315994878,MASP2_Helo_CM,560
2303,4606.0,13.389895478053155,MASP2_Helo_CM,560
2304,4608.0,13.550250756892328,MASP2_Helo_CM,560
2305,4610.0,13.940898377204421,MASP2_Helo_CM,560
2306,4612.0,13.251671832182257,MASP2_Helo_CM,560
2307,4614.0,13.7301890108254,MASP2_Helo_CM,560
2308,4616.0,12.6280573250583,MASP2_Helo_CM,560
2309,4618.0,13.507327438447897,MASP2_Helo_CM,560
2310,4620.0,13.380104783567921,MASP2_Helo_CM,560
2311,4622.0,13.246444444748747,MASP2_Helo_CM,560
2312,4624.0,12.920919378075821,MASP2_Helo_CM,560
2313,4626.0,14.545176304095264,MASP2_Helo_CM,560
2314,4628.0,13.818208760697543,MASP2_Helo_CM,560
2315,4630.0,13.815008158906757,MASP2_Helo_CM,560
2316,4632.0,14.500806042412203,MASP2_Helo_CM,560
2317,4634.0,13.451207971289392,MASP2_Helo_CM,560
2318,4636.0,14.36549776941531,MASP2_Helo_CM,560
2319,4638.0,13.737695096580055,MASP2_Helo_CM,560
2320,4640.0,14.19803774912234,MASP2_Helo_CM,560
2321,4642.0,13.290092169931105,MASP2_Helo_CM,560
2322,4644.0,13.53297463522865,MASP2_Helo_CM,560
2323,4646.0,13.081100194522861,MASP2_Helo_CM,560
2324,4648.0,14.14571255835855,MASP2_Helo_CM,560
2325,4650.0,14.635044402544628,MASP2_Helo_CM,560
2326,4652.0,13.988023737656826,MASP2_Helo_CM,560
2327,4654.0,13.621841659924385,MASP2_Helo_CM,560
2328,4656.0,14.297695586586979,MASP2_Helo_CM,560
2329,4658.0,13.66063208611811,MASP2_Helo_CM,560
2330,4660.0,14.182094625103948,MASP2_Helo_CM,560
2331,4662.0,13.480636879547475,MASP2_Helo_CM,560
2332,4664.0,13.659192542347965,MASP2_Helo_CM,560
2333,4666.0,14.139921343989517,MASP2_Helo_CM,560
2334,4668.0,14.46546498254988,MASP2_Helo_CM,560
2335,4670.0,14.01571112082505,MASP2_Helo_CM,560
2336,4672.0,14.778056704553828,MASP2_Helo_CM,560
2337,4674.0,14.99826481354402,MASP2_Helo_CM,560
2338,4676.0,13.854646040880759,MASP2_Helo_CM,560
2339,4678.0,14.472945701387992,MASP2_Helo_CM,560
2340,4680.0,13.522111998048482,MASP2_Helo_CM,560
2341,4682.0,14.387357358418758,MASP2_Helo_CM,560
2342,4684.0,14.331362296327445,MASP2_Helo_CM,560
2343,4686.0,14.184101428897582,MASP2_Helo_CM,560
2344,4688.0,14.453192342105206,MASP2_Helo_CM,560
2345,4690.0,14.627473531269356,MASP2_Helo_CM,560
2346,4692.0,14.693346777292678,MASP2_Helo_CM,560
2347,4694.0,15.768912818508753,MASP2_Helo_CM,560
2348,4696.0,15.994606831184447,MASP2_Helo_CM,560
2349,4698.0,15.583360232835522,MASP2_Helo_CM,560
2350,4700.0,15.239817428404397,MASP2_Helo_CM,560
2351,4702.0,14.19878913182046,MASP2_Helo_CM,560
2352,4704.0,15.351904737994237,MASP2_Helo_CM,560
2353,4706.0,13.650150263561384,MASP2_Helo_CM,560
2354,4708.0,14.182166821572993,MASP2_Helo_CM,560
2355,4710.0,14.402780489368673,MASP2_Helo_CM,560
2356,4712.0,15.196234460538529,MASP2_Helo_CM,560
2357,4714.0,14.738432282190335,MASP2_Helo_CM,560
2358,4716.0,14.556223947259124,MASP2_Helo_CM,560
2359,4718.0,15.385726153876544,MASP2_Helo_CM,560
2360,4720.0,16.29292304803558,MASP2_Helo_CM,560
2361,4722.0,16.694219467033108,MASP2_Helo_CM,560
2362,4724.0,16.28278029070165,MASP2_Helo_CM,560
2363,4726.0,16.72664663680645,MASP2_Helo_CM,560
2364,4728.0,15.020912683587802,MASP2_Helo_CM,560
2365,4730.0,13.980896640705767,MASP2_Helo_CM,560
2366,4732.0,14.63094932571227,MASP2_Helo_CM,560
2367,4734.0,15.15078673607219,MASP2_Helo_CM,560
2368,4736.0,17.02000217390139,MASP2_Helo_CM,560
2369,4738.0,16.163540995896355,MASP2_Helo_CM,560
2370,4740.0,15.790417655581548,MASP2_Helo_CM,560
2371,4742.0,15.104441318797369,MASP2_Helo_CM,560
2372,4744.0,14.658427879717323,MASP2_Helo_CM,560
2373,4746.0,16.117679338638517,MASP2_Helo_CM,560
2374,4748.0,15.774852645844486,MASP2_Helo_CM,560
2375,4750.0,14.564272653537358,MASP2_Helo_CM,560
2376,4752.0,11.252522012991529,MASP2_Helo_CM,560
2377,4754.0,12.42473389155708,MASP2_Helo_CM,560
2378,4756.0,11.690474969283757,MASP2_Helo_CM,560
2379,4758.0,10.90552848922962,MASP2_Helo_CM,560
2380,4760.0,10.924478822223312,MASP2_Helo_CM,560
2381,4762.0,10.527618329277871,MASP2_Helo_CM,560
2382,4764.0,10.330017298574502,MASP2_Helo_CM,560
2383,4766.0,12.025072559364194,MASP2_Helo_CM,560
2384,4768.0,10.495699034318442,MASP2_Helo_CM,560
2385,4770.0,10.589874812888308,MASP2_Helo_CM,560
2386,4772.0,10.281061796485522,MASP2_Helo_CM,560
2387,4774.0,10.351654331125548,MASP2_Helo_CM,560
2388,4776.0,9.996050678178639,MASP2_Helo_CM,560
2389,4778.0,9.873172574970198,MASP2_Helo_CM,560
2390,4780.0,10.587170475982678,MASP2_Helo_CM,560
2391,4782.0,11.34479233746043,MASP2_Helo_CM,560
2392,4784.0,10.596074844393966,MASP2_Helo_CM,560
2393,4786.0,9.767188521829414,MASP2_Helo_CM,560
2394,4788.0,10.71511426135536,MASP2_Helo_CM,560
2395,4790.0,9.618004800640017,MASP2_Helo_CM,560
2396,4792.0,10.085542633501044,MASP2_Helo_CM,560
2397,4794.0,12.329945644463875,MASP2_Helo_CM,560
2398,4796.0,13.555749986353094,MASP2_Helo_CM,560
2399,4798.0,12.727459720863008,MASP2_Helo_CM,560
2400,4800.0,14.75824632691141,MASP2_Helo_CM,560
2401,4802.0,15.040149967185506,MASP2_Helo_CM,560
2402,4804.0,13.206139629868616,MASP2_Helo_CM,560
2403,4806.0,13.266980508928098,MASP2_Helo_CM,560
2404,4808.0,15.578584400299835,MASP2_Helo_CM,560
2405,4810.0,15.21586069963799,MASP2_Helo_CM,560
2406,4812.0,13.010481454851426,MASP2_Helo_CM,560
2407,4814.0,12.22858867528133,MASP2_Helo_CM,560
2408,4816.0,10.796870932608575,MASP2_Helo_CM,560
2409,4818.0,11.684178468795368,MASP2_Helo_CM,560
2410,4820.0,12.006345642442792,MASP2_Helo_CM,560
2411,4822.0,12.542661195885312,MASP2_Helo_CM,560
2412,4824.0,11.50504561607159,MASP2_Helo_CM,560
2413,4826.0,12.18388544625653,MASP2_Helo_CM,560
2414,4828.0,11.347685296581416,MASP2_Helo_CM,560
2415,4830.0,11.297874585515352,MASP2_Helo_CM,560
2416,4832.0,12.111320606292274,MASP2_Helo_CM,560
2417,4834.0,11.527805902989476,MASP2_Helo_CM,560
2418,4836.0,10.801518688265169,MASP2_Helo_CM,560
2419,4838.0,11.34712150462409,MASP2_Helo_CM,560
2420,4840.0,10.54882941265903,MASP2_Helo_CM,560
2421,4842.0,10.232585292929217,MASP2_Helo_CM,560
2422,4844.0,9.720712862724392,MASP2_Helo_CM,560
2423,4846.0,9.827935587644037,MASP2_Helo_CM,560
2424,4848.0,10.593650517897359,MASP2_Helo_CM,560
2425,4850.0,10.799849026742248,MASP2_Helo_CM,560
2426,4852.0,11.359996197774102,MASP2_Helo_CM,560
2427,4854.0,11.041937234510137,MASP2_Helo_CM,560
2428,4856.0,10.789068646227271,MASP2_Helo_CM,560
2429,4858.0,10.707616573467327,MASP2_Helo_CM,560
2430,4860.0,11.12665293380048,MASP2_Helo_CM,560
2431,4862.0,9.813816727820054,MASP2_Helo_CM,560
2432,4864.0,10.081414715417772,MASP2_Helo_CM,560
2433,4866.0,10.341572941514597,MASP2_Helo_CM,560
2434,4868.0,10.317325455301454,MASP2_Helo_CM,560
2435,4870.0,10.351661326726683,MASP2_Helo_CM,560
2436,4872.0,10.12970299503014,MASP2_Helo_CM,560
2437,4874.0,9.68762178484219,MASP2_Helo_CM,560
2438,4876.0,9.864459792706032,MASP2_Helo_CM,560
2439,4878.0,9.785182893600826,MASP2_Helo_CM,560
2440,4880.0,10.856720306641355,MASP2_Helo_CM,560
2441,4882.0,11.220785408441131,MASP2_Helo_CM,560
2442,4884.0,9.805508046488463,MASP2_Helo_CM,560
2443,4886.0,10.996110110704297,MASP2_Helo_CM,560
2444,4888.0,10.312375575737454,MASP2_Helo_CM,560
2445,4890.0,10.641215805278742,MASP2_Helo_CM,560
2446,4892.0,10.250815115382022,MASP2_Helo_CM,560
2447,4894.0,9.939428876849908,MASP2_Helo_CM,560
2448,4896.0,10.443867941309831,MASP2_Helo_CM,560
2449,4898.0,10.297566536844604,MASP2_Helo_CM,560
2450,4900.0,10.851337459187574,MASP2_Helo_CM,560
2451,4902.0,11.519963229967933,MASP2_Helo_CM,560
2452,4904.0,10.137231845697745,MASP2_Helo_CM,560
2453,4906.0,11.356112172314344,MASP2_Helo_CM,560
2454,4908.0,10.580508829121694,MASP2_Helo_CM,560
2455,4910.0,10.15073397413722,MASP2_Helo_CM,560
2456,4912.0,10.22066921641534,MASP2_Helo_CM,560
2457,4914.0,10.478691200538558,MASP2_Helo_CM,560
2458,4916.0,10.976931726426516,MASP2_Helo_CM,560
2459,4918.0,10.165642985482982,MASP2_Helo_CM,560
2460,4920.0,10.788698670311868,MASP2_Helo_CM,560
2461,4922.0,10.60389520957663,MASP2_Helo_CM,560
2462,4924.0,10.805905717554253,MASP2_Helo_CM,560
2463,4926.0,10.148636561124176,MASP2_Helo_CM,560
2464,4928.0,10.349742282166066,MASP2_Helo_CM,560
2465,4930.0,9.92350165664691,MASP2_Helo_CM,560
2466,4932.0,9.737937942104137,MASP2_Helo_CM,560
2467,4934.0,10.420157481266703,MASP2_Helo_CM,560
2468,4936.0,10.603254198449774,MASP2_Helo_CM,560
2469,4938.0,9.997096928908844,MASP2_Helo_CM,560
2470,4940.0,9.940553415379624,MASP2_Helo_CM,560
2471,4942.0,11.19012982092161,MASP2_Helo_CM,560
2472,4944.0,10.523056891293773,MASP2_Helo_CM,560
2473,4946.0,10.154188998067282,MASP2_Helo_CM,560
2474,4948.0,9.618569059108529,MASP2_Helo_CM,560
2475,4950.0,11.264339125807783,MASP2_Helo_CM,560
2476,4952.0,10.292773368341496,MASP2_Helo_CM,560
2477,4954.0,10.061928829865897,MASP2_Helo_CM,560
2478,4956.0,11.748751832656565,MASP2_Helo_CM,560
2479,4958.0,11.39855280543491,MASP2_Helo_CM,560
2480,4960.0,11.348464885893211,MASP2_Helo_CM,560
2481,4962.0,11.710160651614483,MASP2_Helo_CM,560
2482,4964.0,12.938698852620732,MASP2_Helo_CM,560
2483,4966.0,11.232684866892827,MASP2_Helo_CM,560
2484,4968.0,13.241811173693216,MASP2_Helo_CM,560
2485,4970.0,11.343732538720896,MASP2_Helo_CM,560
2486,4972.0,14.354049507672661,MASP2_Helo_CM,560
2487,4974.0,14.434226933877213,MASP2_Helo_CM,560
2488,4976.0,14.139349735236603,MASP2_Helo_CM,560
2489,4978.0,12.372458654104083,MASP2_Helo_CM,560
2490,4980.0,11.67392730344156,MASP2_Helo_CM,560
2491,4982.0,10.865159096746227,MASP2_Helo_CM,560
2492,4984.0,10.667473433360056,MASP2_Helo_CM,560
2493,4986.0,10.910604274225404,MASP2_Helo_CM,560
2494,4988.0,11.353111248758108,MASP2_Helo_CM,560
2495,4990.0,10.451759387652313,MASP2_Helo_CM,560
2496,4992.0,10.954094879888542,MASP2_Helo_CM,560
2497,4994.0,10.687422544293048,MASP2_Helo_CM,560
2498,4996.0,10.4924578009,MASP2_Helo_CM,560
2499,4998.0,11.066217023799318,MASP2_Helo_CM,560
0,0.0,41.92682501946366,MASP2_Helo_CM,695
1,2.0,43.110095327433115,MASP2_Helo_CM,695
2,4.0,40.98189397540895,MASP2_Helo_CM,695
3,6.0,43.17626519663657,MASP2_Helo_CM,695
4,8.0,43.84355548603189,MASP2_Helo_CM,695
5,10.0,46.65310956455666,MASP2_Helo_CM,695
6,12.0,46.405422871102644,MASP2_Helo_CM,695
7,14.0,47.54225101032485,MASP2_Helo_CM,695
8,16.0,47.96708157660044,MASP2_Helo_CM,695
9,18.0,47.23328810636337,MASP2_Helo_CM,695
10,20.0,44.379780786004034,MASP2_Helo_CM,695
11,22.0,42.14683344608161,MASP2_Helo_CM,695
12,24.0,43.77505862830859,MASP2_Helo_CM,695
13,26.0,41.49907669840041,MASP2_Helo_CM,695
14,28.0,42.735381755202134,MASP2_Helo_CM,695
15,30.0,42.492434172592425,MASP2_Helo_CM,695
16,32.0,38.864527775235494,MASP2_Helo_CM,695
17,34.0,40.185897864508014,MASP2_Helo_CM,695
18,36.0,40.268895751354876,MASP2_Helo_CM,695
19,38.0,41.34866263007094,MASP2_Helo_CM,695
20,40.0,42.116029055268726,MASP2_Helo_CM,695
21,42.0,42.52824040413295,MASP2_Helo_CM,695
22,44.0,43.224460417522366,MASP2_Helo_CM,695
23,46.0,42.5793243117362,MASP2_Helo_CM,695
24,48.0,40.909139710197266,MASP2_Helo_CM,695
25,50.0,38.54348056477112,MASP2_Helo_CM,695
26,52.0,38.74842614814332,MASP2_Helo_CM,695
27,54.0,37.89599538497478,MASP2_Helo_CM,695
28,56.0,39.24347567209239,MASP2_Helo_CM,695
29,58.0,35.96335227389452,MASP2_Helo_CM,695
30,60.0,35.55330820227034,MASP2_Helo_CM,695
31,62.0,35.0161706514636,MASP2_Helo_CM,695
32,64.0,36.69040457051512,MASP2_Helo_CM,695
33,66.0,34.89653693251974,MASP2_Helo_CM,695
34,68.0,38.006549221043834,MASP2_Helo_CM,695
35,70.0,37.43724690946216,MASP2_Helo_CM,695
36,72.0,38.90819479998248,MASP2_Helo_CM,695
37,74.0,39.338912946200566,MASP2_Helo_CM,695
38,76.0,38.10623280583535,MASP2_Helo_CM,695
39,78.0,36.940110487299584,MASP2_Helo_CM,695
40,80.0,37.586772408262924,MASP2_Helo_CM,695
41,82.0,36.558320711693874,MASP2_Helo_CM,695
42,84.0,36.38154539516326,MASP2_Helo_CM,695
43,86.0,39.62523043748628,MASP2_Helo_CM,695
44,88.0,37.84821690546083,MASP2_Helo_CM,695
45,90.0,35.87152382644182,MASP2_Helo_CM,695
46,92.0,38.25618431751009,MASP2_Helo_CM,695
47,94.0,38.488839346110176,MASP2_Helo_CM,695
48,96.0,40.3303358737097,MASP2_Helo_CM,695
49,98.0,40.57338293179594,MASP2_Helo_CM,695
50,100.0,40.44209686707278,MASP2_Helo_CM,695
51,102.0,42.94457162333756,MASP2_Helo_CM,695
52,104.0,44.60310778920317,MASP2_Helo_CM,695
53,106.0,45.0307871828652,MASP2_Helo_CM,695
54,108.0,43.55411732940882,MASP2_Helo_CM,695
55,110.0,46.948381281090924,MASP2_Helo_CM,695
56,112.0,46.84459729432804,MASP2_Helo_CM,695
57,114.0,45.245478057062556,MASP2_Helo_CM,695
58,116.0,44.49168911332065,MASP2_Helo_CM,695
59,118.0,41.080041735123345,MASP2_Helo_CM,695
60,120.0,45.64415123869789,MASP2_Helo_CM,695
61,122.0,48.04971548453183,MASP2_Helo_CM,695
62,124.0,47.207496803639174,MASP2_Helo_CM,695
63,126.0,49.3461628952193,MASP2_Helo_CM,695
64,128.0,50.718990740667714,MASP2_Helo_CM,695
65,130.0,48.078578262621924,MASP2_Helo_CM,695
66,132.0,46.887378632710394,MASP2_Helo_CM,695
67,134.0,46.52386594564133,MASP2_Helo_CM,695
68,136.0,46.47198017831043,MASP2_Helo_CM,695
69,138.0,46.15060447123035,MASP2_Helo_CM,695
70,140.0,46.536630806904036,MASP2_Helo_CM,695
71,142.0,48.202800797529825,MASP2_Helo_CM,695
72,144.0,44.64221097173267,MASP2_Helo_CM,695
73,146.0,45.929554953124565,MASP2_Helo_CM,695
74,148.0,45.42551310581907,MASP2_Helo_CM,695
75,150.0,45.16679464000331,MASP2_Helo_CM,695
76,152.0,45.00038245338351,MASP2_Helo_CM,695
77,154.0,45.68241715287327,MASP2_Helo_CM,695
78,156.0,46.34980066884876,MASP2_Helo_CM,695
79,158.0,44.20665629701003,MASP2_Helo_CM,695
80,160.0,43.82896725822061,MASP2_Helo_CM,695
81,162.0,45.54664085601047,MASP2_Helo_CM,695
82,164.0,45.87861112556607,MASP2_Helo_CM,695
83,166.0,46.404183842197924,MASP2_Helo_CM,695
84,168.0,45.970978376750196,MASP2_Helo_CM,695
85,170.0,44.1763663355343,MASP2_Helo_CM,695
86,172.0,43.98922842699103,MASP2_Helo_CM,695
87,174.0,45.072591135347984,MASP2_Helo_CM,695
88,176.0,44.43975653572982,MASP2_Helo_CM,695
89,178.0,48.3195583313213,MASP2_Helo_CM,695
90,180.0,44.683931368243464,MASP2_Helo_CM,695
91,182.0,42.642208738133505,MASP2_Helo_CM,695
92,184.0,42.328272358471146,MASP2_Helo_CM,695
93,186.0,46.75454917205626,MASP2_Helo_CM,695
94,188.0,50.03875335806918,MASP2_Helo_CM,695
95,190.0,47.27371876133341,MASP2_Helo_CM,695
96,192.0,47.86087094386998,MASP2_Helo_CM,695
97,194.0,44.68825579075333,MASP2_Helo_CM,695
98,196.0,47.40908565162979,MASP2_Helo_CM,695
99,198.0,45.13877306041362,MASP2_Helo_CM,695
100,200.0,41.37830095496165,MASP2_Helo_CM,695
101,202.0,40.97863420356684,MASP2_Helo_CM,695
102,204.0,44.998401415664915,MASP2_Helo_CM,695
103,206.0,44.90312633603682,MASP2_Helo_CM,695
104,208.0,45.035559449013206,MASP2_Helo_CM,695
105,210.0,44.07667810507222,MASP2_Helo_CM,695
106,212.0,47.22545301867502,MASP2_Helo_CM,695
107,214.0,45.83440910389608,MASP2_Helo_CM,695
108,216.0,44.87284008503921,MASP2_Helo_CM,695
109,218.0,45.699613773481325,MASP2_Helo_CM,695
110,220.0,41.8790072530033,MASP2_Helo_CM,695
111,222.0,40.494440847685404,MASP2_Helo_CM,695
112,224.0,43.87976481940521,MASP2_Helo_CM,695
113,226.0,43.986196209405236,MASP2_Helo_CM,695
114,228.0,41.902964799062595,MASP2_Helo_CM,695
115,230.0,41.307279648493825,MASP2_Helo_CM,695
116,232.0,38.761614437104534,MASP2_Helo_CM,695
117,234.0,41.43939872747029,MASP2_Helo_CM,695
118,236.0,38.77989449655856,MASP2_Helo_CM,695
119,238.0,36.6928854684251,MASP2_Helo_CM,695
120,240.0,37.45641352369227,MASP2_Helo_CM,695
121,242.0,37.65603782466039,MASP2_Helo_CM,695
122,244.0,36.351854591449744,MASP2_Helo_CM,695
123,246.0,37.532703392967406,MASP2_Helo_CM,695
124,248.0,39.15337763145962,MASP2_Helo_CM,695
125,250.0,40.96036749234941,MASP2_Helo_CM,695
126,252.0,38.9566012207014,MASP2_Helo_CM,695
127,254.0,40.256372974714516,MASP2_Helo_CM,695
128,256.0,38.82806308063098,MASP2_Helo_CM,695
129,258.0,41.65705128855015,MASP2_Helo_CM,695
130,260.0,42.09192305012059,MASP2_Helo_CM,695
131,262.0,42.23596389116719,MASP2_Helo_CM,695
132,264.0,43.45608672875916,MASP2_Helo_CM,695
133,266.0,42.58618446985477,MASP2_Helo_CM,695
134,268.0,43.053607514700325,MASP2_Helo_CM,695
135,270.0,42.78607725649426,MASP2_Helo_CM,695
136,272.0,41.99799799601979,MASP2_Helo_CM,695
137,274.0,43.122551509878186,MASP2_Helo_CM,695
138,276.0,44.80132651125012,MASP2_Helo_CM,695
139,278.0,41.913792572946036,MASP2_Helo_CM,695
140,280.0,42.26372753115423,MASP2_Helo_CM,695
141,282.0,40.47433036176526,MASP2_Helo_CM,695
142,284.0,36.934604812555406,MASP2_Helo_CM,695
143,286.0,42.069703832901155,MASP2_Helo_CM,695
144,288.0,41.06986110975356,MASP2_Helo_CM,695
145,290.0,40.52636002230271,MASP2_Helo_CM,695
146,292.0,41.75764182159362,MASP2_Helo_CM,695
147,294.0,40.40307965495348,MASP2_Helo_CM,695
148,296.0,39.76923046896089,MASP2_Helo_CM,695
149,298.0,40.14307321322407,MASP2_Helo_CM,695
150,300.0,42.17403793625625,MASP2_Helo_CM,695
151,302.0,41.896596274947164,MASP2_Helo_CM,695
152,304.0,42.01958778807556,MASP2_Helo_CM,695
153,306.0,42.09453726403902,MASP2_Helo_CM,695
154,308.0,42.78136418595086,MASP2_Helo_CM,695
155,310.0,41.41585097111542,MASP2_Helo_CM,695
156,312.0,40.18769305906636,MASP2_Helo_CM,695
157,314.0,41.94677744537544,MASP2_Helo_CM,695
158,316.0,41.95886844861293,MASP2_Helo_CM,695
159,318.0,39.483988689536744,MASP2_Helo_CM,695
160,320.0,41.42508695407562,MASP2_Helo_CM,695
161,322.0,43.18105721391787,MASP2_Helo_CM,695
162,324.0,40.67259451829617,MASP2_Helo_CM,695
163,326.0,41.898568766174044,MASP2_Helo_CM,695
164,328.0,39.07397957019797,MASP2_Helo_CM,695
165,330.0,39.059324828494205,MASP2_Helo_CM,695
166,332.0,41.008704844977075,MASP2_Helo_CM,695
167,334.0,41.41192025725893,MASP2_Helo_CM,695
168,336.0,39.78514915428351,MASP2_Helo_CM,695
169,338.0,36.79053151088149,MASP2_Helo_CM,695
170,340.0,35.965701379580295,MASP2_Helo_CM,695
171,342.0,35.80112297633012,MASP2_Helo_CM,695
172,344.0,34.03586902889575,MASP2_Helo_CM,695
173,346.0,34.68475754691023,MASP2_Helo_CM,695
174,348.0,34.29792659808041,MASP2_Helo_CM,695
175,350.0,32.20911313696041,MASP2_Helo_CM,695
176,352.0,30.991917412986357,MASP2_Helo_CM,695
177,354.0,30.99881616887931,MASP2_Helo_CM,695
178,356.0,29.397073116465037,MASP2_Helo_CM,695
179,358.0,30.984715358253688,MASP2_Helo_CM,695
180,360.0,31.873364534141633,MASP2_Helo_CM,695
181,362.0,28.758124722483046,MASP2_Helo_CM,695
182,364.0,27.115787735493203,MASP2_Helo_CM,695
183,366.0,28.45847625214262,MASP2_Helo_CM,695
184,368.0,29.886902735070013,MASP2_Helo_CM,695
185,370.0,28.386839989548225,MASP2_Helo_CM,695
186,372.0,31.058784207916425,MASP2_Helo_CM,695
187,374.0,31.791780819515285,MASP2_Helo_CM,695
188,376.0,30.966962756840637,MASP2_Helo_CM,695
189,378.0,32.019203196668094,MASP2_Helo_CM,695
190,380.0,30.194734457833412,MASP2_Helo_CM,695
191,382.0,32.72901135289256,MASP2_Helo_CM,695
192,384.0,31.787289656284834,MASP2_Helo_CM,695
193,386.0,30.833027627443514,MASP2_Helo_CM,695
194,388.0,30.830636180155597,MASP2_Helo_CM,695
195,390.0,30.121256312319687,MASP2_Helo_CM,695
196,392.0,31.275754915505154,MASP2_Helo_CM,695
197,394.0,30.3426227368281,MASP2_Helo_CM,695
198,396.0,30.108979248023896,MASP2_Helo_CM,695
199,398.0,31.538709777629137,MASP2_Helo_CM,695
200,400.0,31.298524282443708,MASP2_Helo_CM,695
201,402.0,30.53496494742384,MASP2_Helo_CM,695
202,404.0,31.822491617645692,MASP2_Helo_CM,695
203,406.0,29.935370251048322,MASP2_Helo_CM,695
204,408.0,30.060118288798904,MASP2_Helo_CM,695
205,410.0,30.279367046671258,MASP2_Helo_CM,695
206,412.0,31.59749917517907,MASP2_Helo_CM,695
207,414.0,29.277469129667153,MASP2_Helo_CM,695
208,416.0,31.35928647803743,MASP2_Helo_CM,695
209,418.0,31.86125734260938,MASP2_Helo_CM,695
210,420.0,31.940735921530425,MASP2_Helo_CM,695
211,422.0,36.97303143114485,MASP2_Helo_CM,695
212,424.0,39.15861847154027,MASP2_Helo_CM,695
213,426.0,40.920035494110905,MASP2_Helo_CM,695
214,428.0,39.916236951345866,MASP2_Helo_CM,695
215,430.0,38.765229373871975,MASP2_Helo_CM,695
216,432.0,36.387553600781594,MASP2_Helo_CM,695
217,434.0,37.63639817358119,MASP2_Helo_CM,695
218,436.0,36.37071370697727,MASP2_Helo_CM,695
219,438.0,35.10098661862202,MASP2_Helo_CM,695
220,440.0,36.815807082200415,MASP2_Helo_CM,695
221,442.0,36.570017149038016,MASP2_Helo_CM,695
222,444.0,38.1801002665611,MASP2_Helo_CM,695
223,446.0,37.853076334483376,MASP2_Helo_CM,695
224,448.0,37.32502082188179,MASP2_Helo_CM,695
225,450.0,35.70275528630892,MASP2_Helo_CM,695
226,452.0,38.47908608927079,MASP2_Helo_CM,695
227,454.0,37.449356961757545,MASP2_Helo_CM,695
228,456.0,41.66391418522348,MASP2_Helo_CM,695
229,458.0,43.5378983153034,MASP2_Helo_CM,695
230,460.0,43.43884460381524,MASP2_Helo_CM,695
231,462.0,43.72362962878714,MASP2_Helo_CM,695
232,464.0,43.448131090635755,MASP2_Helo_CM,695
233,466.0,44.29000230993163,MASP2_Helo_CM,695
234,468.0,42.97818022921654,MASP2_Helo_CM,695
235,470.0,42.223384384505145,MASP2_Helo_CM,695
236,472.0,40.30790589648082,MASP2_Helo_CM,695
237,474.0,42.99272272346393,MASP2_Helo_CM,695
238,476.0,40.307671488409355,MASP2_Helo_CM,695
239,478.0,39.00709061075585,MASP2_Helo_CM,695
240,480.0,37.3868293940789,MASP2_Helo_CM,695
241,482.0,37.808756748765106,MASP2_Helo_CM,695
242,484.0,35.73617623849712,MASP2_Helo_CM,695
243,486.0,37.130552580028684,MASP2_Helo_CM,695
244,488.0,37.55912604705801,MASP2_Helo_CM,695
245,490.0,38.646751450736964,MASP2_Helo_CM,695
246,492.0,38.91024258702263,MASP2_Helo_CM,695
247,494.0,39.140921506147365,MASP2_Helo_CM,695
248,496.0,38.6051914374199,MASP2_Helo_CM,695
249,498.0,35.474454512211366,MASP2_Helo_CM,695
250,500.0,38.72431672646368,MASP2_Helo_CM,695
251,502.0,37.26833284398959,MASP2_Helo_CM,695
252,504.0,34.58330553978968,MASP2_Helo_CM,695
253,506.0,38.64287467494455,MASP2_Helo_CM,695
254,508.0,39.72238225383894,MASP2_Helo_CM,695
255,510.0,37.56316369556766,MASP2_Helo_CM,695
256,512.0,35.16597480316123,MASP2_Helo_CM,695
257,514.0,36.75583338269497,MASP2_Helo_CM,695
258,516.0,38.35350698433222,MASP2_Helo_CM,695
259,518.0,35.197043649247426,MASP2_Helo_CM,695
260,520.0,36.6138694866053,MASP2_Helo_CM,695
261,522.0,34.67005897857127,MASP2_Helo_CM,695
262,524.0,35.98465887366705,MASP2_Helo_CM,695
263,526.0,34.949301821006124,MASP2_Helo_CM,695
264,528.0,33.677858209846725,MASP2_Helo_CM,695
265,530.0,34.085850554912234,MASP2_Helo_CM,695
266,532.0,38.07967994665752,MASP2_Helo_CM,695
267,534.0,37.62254292130501,MASP2_Helo_CM,695
268,536.0,36.24442649373574,MASP2_Helo_CM,695
269,538.0,33.00010327820895,MASP2_Helo_CM,695
270,540.0,32.99434288577309,MASP2_Helo_CM,695
271,542.0,31.982615212677814,MASP2_Helo_CM,695
272,544.0,32.09779742916797,MASP2_Helo_CM,695
273,546.0,33.87484374616745,MASP2_Helo_CM,695
274,548.0,30.464233237071976,MASP2_Helo_CM,695
275,550.0,32.631858834701255,MASP2_Helo_CM,695
276,552.0,32.883323763394586,MASP2_Helo_CM,695
277,554.0,33.79460364540001,MASP2_Helo_CM,695
278,556.0,35.052634135049765,MASP2_Helo_CM,695
279,558.0,32.80339648583083,MASP2_Helo_CM,695
280,560.0,33.88217124456858,MASP2_Helo_CM,695
281,562.0,32.084441793014385,MASP2_Helo_CM,695
282,564.0,29.66747626979671,MASP2_Helo_CM,695
283,566.0,30.54146537439392,MASP2_Helo_CM,695
284,568.0,30.75881617709042,MASP2_Helo_CM,695
285,570.0,32.80965620057812,MASP2_Helo_CM,695
286,572.0,34.068862248408344,MASP2_Helo_CM,695
287,574.0,35.76671744525024,MASP2_Helo_CM,695
288,576.0,37.086898911455336,MASP2_Helo_CM,695
289,578.0,34.89860232549626,MASP2_Helo_CM,695
290,580.0,33.46661078163842,MASP2_Helo_CM,695
291,582.0,34.82721475442154,MASP2_Helo_CM,695
292,584.0,31.630766153184197,MASP2_Helo_CM,695
293,586.0,33.292521145881786,MASP2_Helo_CM,695
294,588.0,30.25991779189151,MASP2_Helo_CM,695
295,590.0,32.672225102555835,MASP2_Helo_CM,695
296,592.0,33.52386945996174,MASP2_Helo_CM,695
297,594.0,34.311269678941805,MASP2_Helo_CM,695
298,596.0,32.49219576932773,MASP2_Helo_CM,695
299,598.0,31.41034013632872,MASP2_Helo_CM,695
300,600.0,32.80051185282602,MASP2_Helo_CM,695
301,602.0,32.690003506389374,MASP2_Helo_CM,695
302,604.0,30.134662557065074,MASP2_Helo_CM,695
303,606.0,31.44847909031139,MASP2_Helo_CM,695
304,608.0,33.660518273041895,MASP2_Helo_CM,695
305,610.0,31.97648354896761,MASP2_Helo_CM,695
306,612.0,33.548032374441256,MASP2_Helo_CM,695
307,614.0,30.603582483217426,MASP2_Helo_CM,695
308,616.0,33.1775859795974,MASP2_Helo_CM,695
309,618.0,35.142582470817,MASP2_Helo_CM,695
310,620.0,34.56380328365656,MASP2_Helo_CM,695
311,622.0,32.8296370537236,MASP2_Helo_CM,695
312,624.0,30.79730165503393,MASP2_Helo_CM,695
313,626.0,28.438632182714123,MASP2_Helo_CM,695
314,628.0,27.43579510403836,MASP2_Helo_CM,695
315,630.0,30.86120187907189,MASP2_Helo_CM,695
316,632.0,29.421622048967947,MASP2_Helo_CM,695
317,634.0,30.357685411754655,MASP2_Helo_CM,695
318,636.0,32.016771547455704,MASP2_Helo_CM,695
319,638.0,30.60996006384902,MASP2_Helo_CM,695
320,640.0,33.644384122334486,MASP2_Helo_CM,695
321,642.0,32.39614896295924,MASP2_Helo_CM,695
322,644.0,32.57666467814958,MASP2_Helo_CM,695
323,646.0,31.54236855335349,MASP2_Helo_CM,695
324,648.0,34.53875686220458,MASP2_Helo_CM,695
325,650.0,34.23350119985615,MASP2_Helo_CM,695
326,652.0,33.15490935043354,MASP2_Helo_CM,695
327,654.0,31.08935664950302,MASP2_Helo_CM,695
328,656.0,30.100205739560245,MASP2_Helo_CM,695
329,658.0,29.649889474929402,MASP2_Helo_CM,695
330,660.0,27.369178157698368,MASP2_Helo_CM,695
331,662.0,24.502225936291552,MASP2_Helo_CM,695
332,664.0,28.842522859035498,MASP2_Helo_CM,695
333,666.0,28.726488214431292,MASP2_Helo_CM,695
334,668.0,31.01490050018646,MASP2_Helo_CM,695
335,670.0,30.64803380544869,MASP2_Helo_CM,695
336,672.0,28.75248348945128,MASP2_Helo_CM,695
337,674.0,27.984763058868765,MASP2_Helo_CM,695
338,676.0,30.062162828355607,MASP2_Helo_CM,695
339,678.0,30.90809288653044,MASP2_Helo_CM,695
340,680.0,29.415865610619505,MASP2_Helo_CM,695
341,682.0,29.9585472082784,MASP2_Helo_CM,695
342,684.0,27.322331924692804,MASP2_Helo_CM,695
343,686.0,30.021709657060093,MASP2_Helo_CM,695
344,688.0,29.207968009586438,MASP2_Helo_CM,695
345,690.0,28.964217964108236,MASP2_Helo_CM,695
346,692.0,27.431446127106,MASP2_Helo_CM,695
347,694.0,25.543752151825977,MASP2_Helo_CM,695
348,696.0,26.62176772374703,MASP2_Helo_CM,695
349,698.0,26.01123762088184,MASP2_Helo_CM,695
350,700.0,26.165782399599053,MASP2_Helo_CM,695
351,702.0,25.653390479360485,MASP2_Helo_CM,695
352,704.0,26.18447080296821,MASP2_Helo_CM,695
353,706.0,24.330026672787845,MASP2_Helo_CM,695
354,708.0,27.33147340458508,MASP2_Helo_CM,695
355,710.0,22.962554803610594,MASP2_Helo_CM,695
356,712.0,24.730512626993566,MASP2_Helo_CM,695
357,714.0,25.540982290174636,MASP2_Helo_CM,695
358,716.0,29.232065066856297,MASP2_Helo_CM,695
359,718.0,27.802231871649365,MASP2_Helo_CM,695
360,720.0,27.094197153688416,MASP2_Helo_CM,695
361,722.0,28.349500621667765,MASP2_Helo_CM,695
362,724.0,33.17858471552943,MASP2_Helo_CM,695
363,726.0,30.331001771870397,MASP2_Helo_CM,695
364,728.0,32.633011105091256,MASP2_Helo_CM,695
365,730.0,35.528506608876896,MASP2_Helo_CM,695
366,732.0,34.5841208986304,MASP2_Helo_CM,695
367,734.0,38.28611595571945,MASP2_Helo_CM,695
368,736.0,38.52797724999667,MASP2_Helo_CM,695
369,738.0,35.185916058894726,MASP2_Helo_CM,695
370,740.0,34.55656616759448,MASP2_Helo_CM,695
371,742.0,36.43837430030049,MASP2_Helo_CM,695
372,744.0,37.65386552587447,MASP2_Helo_CM,695
373,746.0,37.77215560700496,MASP2_Helo_CM,695
374,748.0,41.182506732267065,MASP2_Helo_CM,695
375,750.0,40.40470663662461,MASP2_Helo_CM,695
376,752.0,38.80484633922333,MASP2_Helo_CM,695
377,754.0,36.08593769460242,MASP2_Helo_CM,695
378,756.0,38.625486931086094,MASP2_Helo_CM,695
379,758.0,37.16980473303358,MASP2_Helo_CM,695
380,760.0,33.347136947789465,MASP2_Helo_CM,695
381,762.0,37.11257765690545,MASP2_Helo_CM,695
382,764.0,33.27743779020619,MASP2_Helo_CM,695
383,766.0,32.929418622627885,MASP2_Helo_CM,695
384,768.0,31.587998838930556,MASP2_Helo_CM,695
385,770.0,32.91268566800325,MASP2_Helo_CM,695
386,772.0,32.57409561308893,MASP2_Helo_CM,695
387,774.0,32.69847796398684,MASP2_Helo_CM,695
388,776.0,33.90706325280259,MASP2_Helo_CM,695
389,778.0,34.62889032153043,MASP2_Helo_CM,695
390,780.0,33.543717118640004,MASP2_Helo_CM,695
391,782.0,37.73990072468226,MASP2_Helo_CM,695
392,784.0,33.40435181408168,MASP2_Helo_CM,695
393,786.0,34.7396886956282,MASP2_Helo_CM,695
394,788.0,30.533726551847252,MASP2_Helo_CM,695
395,790.0,30.555107866702333,MASP2_Helo_CM,695
396,792.0,30.564906078741906,MASP2_Helo_CM,695
397,794.0,28.614539187352673,MASP2_Helo_CM,695
398,796.0,29.36602483503623,MASP2_Helo_CM,695
399,798.0,27.669307826694112,MASP2_Helo_CM,695
400,800.0,30.742255404628004,MASP2_Helo_CM,695
401,802.0,31.139726948558728,MASP2_Helo_CM,695
402,804.0,29.869129558872775,MASP2_Helo_CM,695
403,806.0,35.4445004754545,MASP2_Helo_CM,695
404,808.0,37.16180960263228,MASP2_Helo_CM,695
405,810.0,38.87810107484341,MASP2_Helo_CM,695
406,812.0,35.257736206329305,MASP2_Helo_CM,695
407,814.0,38.524514584602606,MASP2_Helo_CM,695
408,816.0,33.842336775856396,MASP2_Helo_CM,695
409,818.0,32.158612355491606,MASP2_Helo_CM,695
410,820.0,30.39501350597257,MASP2_Helo_CM,695
411,822.0,30.518008930045955,MASP2_Helo_CM,695
412,824.0,28.255590864628303,MASP2_Helo_CM,695
413,826.0,30.992565546005398,MASP2_Helo_CM,695
414,828.0,31.303113098773217,MASP2_Helo_CM,695
415,830.0,30.909530309261605,MASP2_Helo_CM,695
416,832.0,31.194574392858534,MASP2_Helo_CM,695
417,834.0,35.0261165400968,MASP2_Helo_CM,695
418,836.0,33.414234151935695,MASP2_Helo_CM,695
419,838.0,29.271732431606203,MASP2_Helo_CM,695
420,840.0,30.57475358148316,MASP2_Helo_CM,695
421,842.0,33.44121936784706,MASP2_Helo_CM,695
422,844.0,33.9182348478082,MASP2_Helo_CM,695
423,846.0,32.34316949296979,MASP2_Helo_CM,695
424,848.0,33.12653644499551,MASP2_Helo_CM,695
425,850.0,34.198695012590726,MASP2_Helo_CM,695
426,852.0,32.68427648505481,MASP2_Helo_CM,695
427,854.0,31.269836407846835,MASP2_Helo_CM,695
428,856.0,30.37153577677516,MASP2_Helo_CM,695
429,858.0,27.512412517030185,MASP2_Helo_CM,695
430,860.0,28.608159794348616,MASP2_Helo_CM,695
431,862.0,25.73413257773131,MASP2_Helo_CM,695
432,864.0,26.831235683038756,MASP2_Helo_CM,695
433,866.0,27.28400794877901,MASP2_Helo_CM,695
434,868.0,26.827323423840706,MASP2_Helo_CM,695
435,870.0,29.316583795037868,MASP2_Helo_CM,695
436,872.0,32.067158164200784,MASP2_Helo_CM,695
437,874.0,31.499848294160408,MASP2_Helo_CM,695
438,876.0,28.05605747216706,MASP2_Helo_CM,695
439,878.0,25.68486872695537,MASP2_Helo_CM,695
440,880.0,27.245692745667533,MASP2_Helo_CM,695
441,882.0,29.86015150387329,MASP2_Helo_CM,695
442,884.0,28.356417621529296,MASP2_Helo_CM,695
443,886.0,26.635674770450834,MASP2_Helo_CM,695
444,888.0,28.084123735273856,MASP2_Helo_CM,695
445,890.0,30.175500107156104,MASP2_Helo_CM,695
446,892.0,26.718913072727798,MASP2_Helo_CM,695
447,894.0,29.42476268842512,MASP2_Helo_CM,695
448,896.0,27.83942543364401,MASP2_Helo_CM,695
449,898.0,28.60439403567353,MASP2_Helo_CM,695
450,900.0,26.111038291389626,MASP2_Helo_CM,695
451,902.0,27.00952463396135,MASP2_Helo_CM,695
452,904.0,25.71079989436968,MASP2_Helo_CM,695
453,906.0,25.474717104245855,MASP2_Helo_CM,695
454,908.0,26.393853800485463,MASP2_Helo_CM,695
455,910.0,24.52808004882941,MASP2_Helo_CM,695
456,912.0,28.445897872185043,MASP2_Helo_CM,695
457,914.0,28.145415868775213,MASP2_Helo_CM,695
458,916.0,29.2569872102172,MASP2_Helo_CM,695
459,918.0,30.62332666184943,MASP2_Helo_CM,695
460,920.0,34.73742289283031,MASP2_Helo_CM,695
461,922.0,32.10563596934503,MASP2_Helo_CM,695
462,924.0,30.758356644499134,MASP2_Helo_CM,695
463,926.0,28.736056774988146,MASP2_Helo_CM,695
464,928.0,29.202557120211278,MASP2_Helo_CM,695
465,930.0,28.98315690399344,MASP2_Helo_CM,695
466,932.0,32.39075453593378,MASP2_Helo_CM,695
467,934.0,29.445563323913742,MASP2_Helo_CM,695
468,936.0,29.91035332959534,MASP2_Helo_CM,695
469,938.0,26.900837567400274,MASP2_Helo_CM,695
470,940.0,27.026555583688733,MASP2_Helo_CM,695
471,942.0,30.748373435149745,MASP2_Helo_CM,695
472,944.0,33.1558352401381,MASP2_Helo_CM,695
473,946.0,29.030631870503385,MASP2_Helo_CM,695
474,948.0,27.91118898900138,MASP2_Helo_CM,695
475,950.0,23.334972254956934,MASP2_Helo_CM,695
476,952.0,24.78066774976671,MASP2_Helo_CM,695
477,954.0,20.81406695030822,MASP2_Helo_CM,695
478,956.0,22.09988045859325,MASP2_Helo_CM,695
479,958.0,20.94877054851724,MASP2_Helo_CM,695
480,960.0,21.57014748879693,MASP2_Helo_CM,695
481,962.0,23.484176014376906,MASP2_Helo_CM,695
482,964.0,25.744774258178644,MASP2_Helo_CM,695
483,966.0,26.597233759151024,MASP2_Helo_CM,695
484,968.0,30.016715419522065,MASP2_Helo_CM,695
485,970.0,25.081061964644306,MASP2_Helo_CM,695
486,972.0,25.648207533817498,MASP2_Helo_CM,695
487,974.0,25.107710537293265,MASP2_Helo_CM,695
488,976.0,25.70523574902737,MASP2_Helo_CM,695
489,978.0,25.857345288454603,MASP2_Helo_CM,695
490,980.0,25.525475426874856,MASP2_Helo_CM,695
491,982.0,22.73276424187784,MASP2_Helo_CM,695
492,984.0,21.49437077588039,MASP2_Helo_CM,695
493,986.0,20.902048521314967,MASP2_Helo_CM,695
494,988.0,22.849092259504257,MASP2_Helo_CM,695
495,990.0,21.392703185121633,MASP2_Helo_CM,695
496,992.0,21.527380168184614,MASP2_Helo_CM,695
497,994.0,23.615520178902063,MASP2_Helo_CM,695
498,996.0,21.92637033319982,MASP2_Helo_CM,695
499,998.0,20.578772422065732,MASP2_Helo_CM,695
500,1000.0,23.440048484442766,MASP2_Helo_CM,695
501,1002.0,25.54989331913821,MASP2_Helo_CM,695
502,1004.0,24.717132948661998,MASP2_Helo_CM,695
503,1006.0,22.4151287126223,MASP2_Helo_CM,695
504,1008.0,19.249600665292018,MASP2_Helo_CM,695
505,1010.0,22.64246162977644,MASP2_Helo_CM,695
506,1012.0,23.524849094836995,MASP2_Helo_CM,695
507,1014.0,24.15476564611076,MASP2_Helo_CM,695
508,1016.0,24.933374477307723,MASP2_Helo_CM,695
509,1018.0,22.097959889145628,MASP2_Helo_CM,695
510,1020.0,22.946433268634156,MASP2_Helo_CM,695
511,1022.0,24.010353654436294,MASP2_Helo_CM,695
512,1024.0,26.6751639540112,MASP2_Helo_CM,695
513,1026.0,28.51381486659751,MASP2_Helo_CM,695
514,1028.0,28.48991063089234,MASP2_Helo_CM,695
515,1030.0,28.544273623790716,MASP2_Helo_CM,695
516,1032.0,29.03194508509639,MASP2_Helo_CM,695
517,1034.0,28.871036317094386,MASP2_Helo_CM,695
518,1036.0,29.883422453988054,MASP2_Helo_CM,695
519,1038.0,30.985490646730298,MASP2_Helo_CM,695
520,1040.0,29.622684135767308,MASP2_Helo_CM,695
521,1042.0,28.754458840654085,MASP2_Helo_CM,695
522,1044.0,29.195641887900596,MASP2_Helo_CM,695
523,1046.0,28.076317901630315,MASP2_Helo_CM,695
524,1048.0,28.554698571433015,MASP2_Helo_CM,695
525,1050.0,27.908620783292285,MASP2_Helo_CM,695
526,1052.0,26.761781621276548,MASP2_Helo_CM,695
527,1054.0,25.52895699097945,MASP2_Helo_CM,695
528,1056.0,22.68915254746208,MASP2_Helo_CM,695
529,1058.0,20.3123098973756,MASP2_Helo_CM,695
530,1060.0,19.460554454226127,MASP2_Helo_CM,695
531,1062.0,20.25208340820005,MASP2_Helo_CM,695
532,1064.0,22.59408631273908,MASP2_Helo_CM,695
533,1066.0,20.336308733741202,MASP2_Helo_CM,695
534,1068.0,19.44041770762799,MASP2_Helo_CM,695
535,1070.0,19.953217729452703,MASP2_Helo_CM,695
536,1072.0,19.127192006404382,MASP2_Helo_CM,695
537,1074.0,21.41991930788525,MASP2_Helo_CM,695
538,1076.0,19.29453580115953,MASP2_Helo_CM,695
539,1078.0,20.238482373158078,MASP2_Helo_CM,695
540,1080.0,23.105361316932274,MASP2_Helo_CM,695
541,1082.0,22.931372296834436,MASP2_Helo_CM,695
542,1084.0,22.890116200238523,MASP2_Helo_CM,695
543,1086.0,22.74206502462806,MASP2_Helo_CM,695
544,1088.0,21.36418749926877,MASP2_Helo_CM,695
545,1090.0,22.13814095040512,MASP2_Helo_CM,695
546,1092.0,23.48700474131478,MASP2_Helo_CM,695
547,1094.0,23.29546364835064,MASP2_Helo_CM,695
548,1096.0,20.190293873232154,MASP2_Helo_CM,695
549,1098.0,20.54029552997236,MASP2_Helo_CM,695
550,1100.0,20.66379067571317,MASP2_Helo_CM,695
551,1102.0,18.829361226386034,MASP2_Helo_CM,695
552,1104.0,16.890464916397896,MASP2_Helo_CM,695
553,1106.0,19.043827282638762,MASP2_Helo_CM,695
554,1108.0,17.875837429214236,MASP2_Helo_CM,695
555,1110.0,19.75437477126926,MASP2_Helo_CM,695
556,1112.0,21.649321103744157,MASP2_Helo_CM,695
557,1114.0,20.268593531921958,MASP2_Helo_CM,695
558,1116.0,21.635209447397443,MASP2_Helo_CM,695
559,1118.0,20.039634736540155,MASP2_Helo_CM,695
560,1120.0,20.96739175215616,MASP2_Helo_CM,695
561,1122.0,23.98746219898806,MASP2_Helo_CM,695
562,1124.0,22.43510179959419,MASP2_Helo_CM,695
563,1126.0,23.614309214283725,MASP2_Helo_CM,695
564,1128.0,25.047164558264864,MASP2_Helo_CM,695
565,1130.0,27.738605440711627,MASP2_Helo_CM,695
566,1132.0,26.34875733171124,MASP2_Helo_CM,695
567,1134.0,25.329824407168122,MASP2_Helo_CM,695
568,1136.0,29.951142989475454,MASP2_Helo_CM,695
569,1138.0,27.812427982895446,MASP2_Helo_CM,695
570,1140.0,26.85649715908932,MASP2_Helo_CM,695
571,1142.0,25.505091586443218,MASP2_Helo_CM,695
572,1144.0,27.356477172953554,MASP2_Helo_CM,695
573,1146.0,24.78876466282174,MASP2_Helo_CM,695
574,1148.0,25.647508479062804,MASP2_Helo_CM,695
575,1150.0,28.929342635773754,MASP2_Helo_CM,695
576,1152.0,25.694132941071754,MASP2_Helo_CM,695
577,1154.0,28.763896896065607,MASP2_Helo_CM,695
578,1156.0,31.240692861608608,MASP2_Helo_CM,695
579,1158.0,29.537165589624436,MASP2_Helo_CM,695
580,1160.0,30.863723175061295,MASP2_Helo_CM,695
581,1162.0,28.456155705969717,MASP2_Helo_CM,695
582,1164.0,30.794362097676082,MASP2_Helo_CM,695
583,1166.0,31.022895835399897,MASP2_Helo_CM,695
584,1168.0,28.939012978525138,MASP2_Helo_CM,695
585,1170.0,28.86888523057296,MASP2_Helo_CM,695
586,1172.0,29.872851818212446,MASP2_Helo_CM,695
587,1174.0,30.883215057762307,MASP2_Helo_CM,695
588,1176.0,31.41880154897135,MASP2_Helo_CM,695
589,1178.0,33.311733233661734,MASP2_Helo_CM,695
590,1180.0,29.6966707047467,MASP2_Helo_CM,695
591,1182.0,32.614311981780624,MASP2_Helo_CM,695
592,1184.0,30.770090513845748,MASP2_Helo_CM,695
593,1186.0,32.171746209036826,MASP2_Helo_CM,695
594,1188.0,30.747114489689015,MASP2_Helo_CM,695
595,1190.0,34.33039307487276,MASP2_Helo_CM,695
596,1192.0,34.675065549123055,MASP2_Helo_CM,695
597,1194.0,36.03977422298707,MASP2_Helo_CM,695
598,1196.0,34.154606429706334,MASP2_Helo_CM,695
599,1198.0,34.19451813263794,MASP2_Helo_CM,695
600,1200.0,33.506675964311206,MASP2_Helo_CM,695
601,1202.0,33.049736148339036,MASP2_Helo_CM,695
602,1204.0,33.64533262939694,MASP2_Helo_CM,695
603,1206.0,31.64256717456055,MASP2_Helo_CM,695
604,1208.0,30.90381857522095,MASP2_Helo_CM,695
605,1210.0,30.523070031146002,MASP2_Helo_CM,695
606,1212.0,27.80011846483332,MASP2_Helo_CM,695
607,1214.0,27.640461438414867,MASP2_Helo_CM,695
608,1216.0,27.428559016437347,MASP2_Helo_CM,695
609,1218.0,29.313585239166038,MASP2_Helo_CM,695
610,1220.0,31.159424614762184,MASP2_Helo_CM,695
611,1222.0,30.63258322976011,MASP2_Helo_CM,695
612,1224.0,32.51539346566619,MASP2_Helo_CM,695
613,1226.0,31.24573478087214,MASP2_Helo_CM,695
614,1228.0,32.749582104125466,MASP2_Helo_CM,695
615,1230.0,35.47130482141297,MASP2_Helo_CM,695
616,1232.0,36.44801098361145,MASP2_Helo_CM,695
617,1234.0,35.47771536998174,MASP2_Helo_CM,695
618,1236.0,34.39707925440048,MASP2_Helo_CM,695
619,1238.0,34.89728760724374,MASP2_Helo_CM,695
620,1240.0,33.84751991854628,MASP2_Helo_CM,695
621,1242.0,36.58219635236165,MASP2_Helo_CM,695
622,1244.0,38.10888019068224,MASP2_Helo_CM,695
623,1246.0,37.59183660829323,MASP2_Helo_CM,695
624,1248.0,37.69740505356879,MASP2_Helo_CM,695
625,1250.0,37.534046628289836,MASP2_Helo_CM,695
626,1252.0,36.204419603823546,MASP2_Helo_CM,695
627,1254.0,36.34336291622476,MASP2_Helo_CM,695
628,1256.0,36.55257810945973,MASP2_Helo_CM,695
629,1258.0,34.307402335653755,MASP2_Helo_CM,695
630,1260.0,32.3098164732438,MASP2_Helo_CM,695
631,1262.0,32.445120284023275,MASP2_Helo_CM,695
632,1264.0,29.885043942443076,MASP2_Helo_CM,695
633,1266.0,27.86918912153708,MASP2_Helo_CM,695
634,1268.0,28.621049335991504,MASP2_Helo_CM,695
635,1270.0,27.688842632049703,MASP2_Helo_CM,695
636,1272.0,23.67112840086468,MASP2_Helo_CM,695
637,1274.0,25.391687528558283,MASP2_Helo_CM,695
638,1276.0,29.523098022521495,MASP2_Helo_CM,695
639,1278.0,26.606979097875143,MASP2_Helo_CM,695
640,1280.0,27.30409591251857,MASP2_Helo_CM,695
641,1282.0,27.954943853349356,MASP2_Helo_CM,695
642,1284.0,26.572652058001175,MASP2_Helo_CM,695
643,1286.0,27.168062942085058,MASP2_Helo_CM,695
644,1288.0,27.860966034169348,MASP2_Helo_CM,695
645,1290.0,29.88265876776531,MASP2_Helo_CM,695
646,1292.0,28.910513287277944,MASP2_Helo_CM,695
647,1294.0,24.600318532733752,MASP2_Helo_CM,695
648,1296.0,25.87103485293646,MASP2_Helo_CM,695
649,1298.0,26.766524758976153,MASP2_Helo_CM,695
650,1300.0,28.31591217503053,MASP2_Helo_CM,695
651,1302.0,28.6806874397071,MASP2_Helo_CM,695
652,1304.0,27.200424657180818,MASP2_Helo_CM,695
653,1306.0,31.26570421163254,MASP2_Helo_CM,695
654,1308.0,26.96756187409921,MASP2_Helo_CM,695
655,1310.0,29.24325655578025,MASP2_Helo_CM,695
656,1312.0,28.845336830953155,MASP2_Helo_CM,695
657,1314.0,27.6604036029532,MASP2_Helo_CM,695
658,1316.0,25.36120233239904,MASP2_Helo_CM,695
659,1318.0,25.456725070929743,MASP2_Helo_CM,695
660,1320.0,24.65626494989388,MASP2_Helo_CM,695
661,1322.0,26.076821463242645,MASP2_Helo_CM,695
662,1324.0,26.587409508027843,MASP2_Helo_CM,695
663,1326.0,24.476069742189516,MASP2_Helo_CM,695
664,1328.0,24.695364859393276,MASP2_Helo_CM,695
665,1330.0,25.0353913862018,MASP2_Helo_CM,695
666,1332.0,23.100691320896814,MASP2_Helo_CM,695
667,1334.0,23.989802824824995,MASP2_Helo_CM,695
668,1336.0,21.660364500193378,MASP2_Helo_CM,695
669,1338.0,19.544224087139188,MASP2_Helo_CM,695
670,1340.0,22.15102704014406,MASP2_Helo_CM,695
671,1342.0,21.796860185503522,MASP2_Helo_CM,695
672,1344.0,19.732048410911585,MASP2_Helo_CM,695
673,1346.0,22.071275894004742,MASP2_Helo_CM,695
674,1348.0,17.89684402868965,MASP2_Helo_CM,695
675,1350.0,18.863036870043498,MASP2_Helo_CM,695
676,1352.0,15.42214283178084,MASP2_Helo_CM,695
677,1354.0,16.4828315437718,MASP2_Helo_CM,695
678,1356.0,17.4717420983477,MASP2_Helo_CM,695
679,1358.0,14.829970767808101,MASP2_Helo_CM,695
680,1360.0,17.446738010584973,MASP2_Helo_CM,695
681,1362.0,14.365878594740614,MASP2_Helo_CM,695
682,1364.0,14.053486934326129,MASP2_Helo_CM,695
683,1366.0,16.95799371562092,MASP2_Helo_CM,695
684,1368.0,17.535817468464582,MASP2_Helo_CM,695
685,1370.0,12.74921604962617,MASP2_Helo_CM,695
686,1372.0,13.450942411810681,MASP2_Helo_CM,695
687,1374.0,14.858488835749942,MASP2_Helo_CM,695
688,1376.0,17.30423715498516,MASP2_Helo_CM,695
689,1378.0,20.969814398128765,MASP2_Helo_CM,695
690,1380.0,18.43967467219036,MASP2_Helo_CM,695
691,1382.0,17.03892769213336,MASP2_Helo_CM,695
692,1384.0,18.9520869932834,MASP2_Helo_CM,695
693,1386.0,16.55899260661787,MASP2_Helo_CM,695
694,1388.0,16.358369193720623,MASP2_Helo_CM,695
695,1390.0,16.551554799730212,MASP2_Helo_CM,695
696,1392.0,15.9996558580534,MASP2_Helo_CM,695
697,1394.0,15.557545873594682,MASP2_Helo_CM,695
698,1396.0,14.386362594445885,MASP2_Helo_CM,695
699,1398.0,15.059243167748308,MASP2_Helo_CM,695
700,1400.0,17.36142281854565,MASP2_Helo_CM,695
701,1402.0,16.120608835423468,MASP2_Helo_CM,695
702,1404.0,15.963123580059285,MASP2_Helo_CM,695
703,1406.0,15.326219609870126,MASP2_Helo_CM,695
704,1408.0,17.006918027091398,MASP2_Helo_CM,695
705,1410.0,15.841215985831756,MASP2_Helo_CM,695
706,1412.0,11.232604105062928,MASP2_Helo_CM,695
707,1414.0,11.577755839020995,MASP2_Helo_CM,695
708,1416.0,11.270414613179224,MASP2_Helo_CM,695
709,1418.0,12.231188462347516,MASP2_Helo_CM,695
710,1420.0,9.958520325634,MASP2_Helo_CM,695
711,1422.0,12.866279524007298,MASP2_Helo_CM,695
712,1424.0,13.438054119495241,MASP2_Helo_CM,695
713,1426.0,11.552504115266354,MASP2_Helo_CM,695
714,1428.0,14.626350324769883,MASP2_Helo_CM,695
715,1430.0,17.28278575694091,MASP2_Helo_CM,695
716,1432.0,13.796665979919677,MASP2_Helo_CM,695
717,1434.0,10.695405068751066,MASP2_Helo_CM,695
718,1436.0,12.782104351919125,MASP2_Helo_CM,695
719,1438.0,13.967423315188908,MASP2_Helo_CM,695
720,1440.0,11.731655578564128,MASP2_Helo_CM,695
721,1442.0,11.791758199824555,MASP2_Helo_CM,695
722,1444.0,11.478976831520445,MASP2_Helo_CM,695
723,1446.0,12.191666510808684,MASP2_Helo_CM,695
724,1448.0,12.309289866421084,MASP2_Helo_CM,695
725,1450.0,11.409981896007,MASP2_Helo_CM,695
726,1452.0,10.644434447508484,MASP2_Helo_CM,695
727,1454.0,14.957606465131441,MASP2_Helo_CM,695
728,1456.0,13.623244031873076,MASP2_Helo_CM,695
729,1458.0,13.580815388841565,MASP2_Helo_CM,695
730,1460.0,13.880711454912804,MASP2_Helo_CM,695
731,1462.0,12.213727190268884,MASP2_Helo_CM,695
732,1464.0,13.25424414437482,MASP2_Helo_CM,695
733,1466.0,11.824198899898226,MASP2_Helo_CM,695
734,1468.0,13.563277299628043,MASP2_Helo_CM,695
735,1470.0,12.56333409909841,MASP2_Helo_CM,695
736,1472.0,12.867273838917605,MASP2_Helo_CM,695
737,1474.0,11.371537591179829,MASP2_Helo_CM,695
738,1476.0,10.996202039607583,MASP2_Helo_CM,695
739,1478.0,11.636483400394273,MASP2_Helo_CM,695
740,1480.0,11.810496882683823,MASP2_Helo_CM,695
741,1482.0,11.664545080173525,MASP2_Helo_CM,695
742,1484.0,11.053095874830705,MASP2_Helo_CM,695
743,1486.0,12.093378555310242,MASP2_Helo_CM,695
744,1488.0,13.494279788112033,MASP2_Helo_CM,695
745,1490.0,15.610587969838921,MASP2_Helo_CM,695
746,1492.0,14.52083981161924,MASP2_Helo_CM,695
747,1494.0,14.570291408871816,MASP2_Helo_CM,695
748,1496.0,12.556019172507103,MASP2_Helo_CM,695
749,1498.0,12.481683759870542,MASP2_Helo_CM,695
750,1500.0,12.541389789784699,MASP2_Helo_CM,695
751,1502.0,13.759205178294515,MASP2_Helo_CM,695
752,1504.0,13.782399095499223,MASP2_Helo_CM,695
753,1506.0,12.14288273636063,MASP2_Helo_CM,695
754,1508.0,13.313240140411898,MASP2_Helo_CM,695
755,1510.0,12.104145459384176,MASP2_Helo_CM,695
756,1512.0,11.256244697540234,MASP2_Helo_CM,695
757,1514.0,11.457466051212736,MASP2_Helo_CM,695
758,1516.0,11.526268110726248,MASP2_Helo_CM,695
759,1518.0,11.750257451052052,MASP2_Helo_CM,695
760,1520.0,11.748232259988638,MASP2_Helo_CM,695
761,1522.0,10.639361159421023,MASP2_Helo_CM,695
762,1524.0,12.565458166869961,MASP2_Helo_CM,695
763,1526.0,11.952316253464259,MASP2_Helo_CM,695
764,1528.0,13.631340691400911,MASP2_Helo_CM,695
765,1530.0,14.322066864262437,MASP2_Helo_CM,695
766,1532.0,12.97278626670297,MASP2_Helo_CM,695
767,1534.0,12.244086619975592,MASP2_Helo_CM,695
768,1536.0,13.018089709382702,MASP2_Helo_CM,695
769,1538.0,10.693216186958715,MASP2_Helo_CM,695
770,1540.0,11.112148128682414,MASP2_Helo_CM,695
771,1542.0,9.848475867354733,MASP2_Helo_CM,695
772,1544.0,12.575053296799133,MASP2_Helo_CM,695
773,1546.0,9.009073834335737,MASP2_Helo_CM,695
774,1548.0,11.097624422529307,MASP2_Helo_CM,695
775,1550.0,12.36887825779715,MASP2_Helo_CM,695
776,1552.0,11.180845307761292,MASP2_Helo_CM,695
777,1554.0,10.836156930258133,MASP2_Helo_CM,695
778,1556.0,13.185046778629815,MASP2_Helo_CM,695
779,1558.0,12.854776254756679,MASP2_Helo_CM,695
780,1560.0,11.349440117769758,MASP2_Helo_CM,695
781,1562.0,11.489961133933033,MASP2_Helo_CM,695
782,1564.0,12.355963435449466,MASP2_Helo_CM,695
783,1566.0,12.149357878696087,MASP2_Helo_CM,695
784,1568.0,12.833810409460602,MASP2_Helo_CM,695
785,1570.0,11.63095311634564,MASP2_Helo_CM,695
786,1572.0,10.910863516067742,MASP2_Helo_CM,695
787,1574.0,12.815467216808756,MASP2_Helo_CM,695
788,1576.0,12.7705561668481,MASP2_Helo_CM,695
789,1578.0,11.616137526306996,MASP2_Helo_CM,695
790,1580.0,11.574204157095691,MASP2_Helo_CM,695
791,1582.0,12.588272896059367,MASP2_Helo_CM,695
792,1584.0,11.237657465069056,MASP2_Helo_CM,695
793,1586.0,11.948450018872867,MASP2_Helo_CM,695
794,1588.0,10.408632569190818,MASP2_Helo_CM,695
795,1590.0,11.94104658800718,MASP2_Helo_CM,695
796,1592.0,12.023027939213495,MASP2_Helo_CM,695
797,1594.0,10.533695806606572,MASP2_Helo_CM,695
798,1596.0,11.819325281304534,MASP2_Helo_CM,695
799,1598.0,12.054798001330038,MASP2_Helo_CM,695
800,1600.0,11.47834822318509,MASP2_Helo_CM,695
801,1602.0,9.67735151210774,MASP2_Helo_CM,695
802,1604.0,8.726189098588277,MASP2_Helo_CM,695
803,1606.0,9.181562001492917,MASP2_Helo_CM,695
804,1608.0,10.54566496622841,MASP2_Helo_CM,695
805,1610.0,9.025561868431076,MASP2_Helo_CM,695
806,1612.0,11.32053432122142,MASP2_Helo_CM,695
807,1614.0,10.757123394633032,MASP2_Helo_CM,695
808,1616.0,10.734277101281455,MASP2_Helo_CM,695
809,1618.0,11.950427386807416,MASP2_Helo_CM,695
810,1620.0,11.72451703191547,MASP2_Helo_CM,695
811,1622.0,10.38086129741225,MASP2_Helo_CM,695
812,1624.0,11.509800050353336,MASP2_Helo_CM,695
813,1626.0,11.398532300502902,MASP2_Helo_CM,695
814,1628.0,12.681918904741726,MASP2_Helo_CM,695
815,1630.0,10.606549967449036,MASP2_Helo_CM,695
816,1632.0,8.962747703113694,MASP2_Helo_CM,695
817,1634.0,10.642243296629125,MASP2_Helo_CM,695
818,1636.0,9.983366834688303,MASP2_Helo_CM,695
819,1638.0,11.15428230167722,MASP2_Helo_CM,695
820,1640.0,10.168859476944425,MASP2_Helo_CM,695
821,1642.0,12.773416454479287,MASP2_Helo_CM,695
822,1644.0,12.23964290872106,MASP2_Helo_CM,695
823,1646.0,11.407344127955566,MASP2_Helo_CM,695
824,1648.0,9.375522786538163,MASP2_Helo_CM,695
825,1650.0,11.093912529768339,MASP2_Helo_CM,695
826,1652.0,8.839726692817587,MASP2_Helo_CM,695
827,1654.0,11.310492850267796,MASP2_Helo_CM,695
828,1656.0,8.765224544830469,MASP2_Helo_CM,695
829,1658.0,10.532727260198405,MASP2_Helo_CM,695
830,1660.0,9.79722522755899,MASP2_Helo_CM,695
831,1662.0,10.110487751135008,MASP2_Helo_CM,695
832,1664.0,9.086999537162095,MASP2_Helo_CM,695
833,1666.0,10.77340805808522,MASP2_Helo_CM,695
834,1668.0,11.969249002422751,MASP2_Helo_CM,695
835,1670.0,10.566917207316113,MASP2_Helo_CM,695
836,1672.0,8.825025161704962,MASP2_Helo_CM,695
837,1674.0,10.4332866847482,MASP2_Helo_CM,695
838,1676.0,10.259074436099493,MASP2_Helo_CM,695
839,1678.0,9.583521021202198,MASP2_Helo_CM,695
840,1680.0,9.241301252378118,MASP2_Helo_CM,695
841,1682.0,7.795172195583646,MASP2_Helo_CM,695
842,1684.0,7.98271186838007,MASP2_Helo_CM,695
843,1686.0,7.943082051711295,MASP2_Helo_CM,695
844,1688.0,8.915634295338103,MASP2_Helo_CM,695
845,1690.0,9.491164260912637,MASP2_Helo_CM,695
846,1692.0,9.024899847857954,MASP2_Helo_CM,695
847,1694.0,8.882381395712649,MASP2_Helo_CM,695
848,1696.0,8.67653536728057,MASP2_Helo_CM,695
849,1698.0,8.29687377608046,MASP2_Helo_CM,695
850,1700.0,8.49436139392309,MASP2_Helo_CM,695
851,1702.0,9.395907176240238,MASP2_Helo_CM,695
852,1704.0,7.853158634194956,MASP2_Helo_CM,695
853,1706.0,9.309339611367573,MASP2_Helo_CM,695
854,1708.0,9.803513426872751,MASP2_Helo_CM,695
855,1710.0,9.66331568371202,MASP2_Helo_CM,695
856,1712.0,10.63411404643858,MASP2_Helo_CM,695
857,1714.0,9.265285418498626,MASP2_Helo_CM,695
858,1716.0,8.5806451577166,MASP2_Helo_CM,695
859,1718.0,7.929215122341771,MASP2_Helo_CM,695
860,1720.0,9.411842529790993,MASP2_Helo_CM,695
861,1722.0,8.038206574265079,MASP2_Helo_CM,695
862,1724.0,9.394447048665485,MASP2_Helo_CM,695
863,1726.0,8.892869205002826,MASP2_Helo_CM,695
864,1728.0,8.542201347542944,MASP2_Helo_CM,695
865,1730.0,8.87003830630772,MASP2_Helo_CM,695
866,1732.0,11.172197318413767,MASP2_Helo_CM,695
867,1734.0,9.96440831489891,MASP2_Helo_CM,695
868,1736.0,9.969815087681685,MASP2_Helo_CM,695
869,1738.0,10.226142565895358,MASP2_Helo_CM,695
870,1740.0,8.109789035369838,MASP2_Helo_CM,695
871,1742.0,9.181021018175207,MASP2_Helo_CM,695
872,1744.0,8.365703224747067,MASP2_Helo_CM,695
873,1746.0,8.530064717649562,MASP2_Helo_CM,695
874,1748.0,8.759349295231281,MASP2_Helo_CM,695
875,1750.0,9.056227290745433,MASP2_Helo_CM,695
876,1752.0,10.381473390225155,MASP2_Helo_CM,695
877,1754.0,9.64902161932057,MASP2_Helo_CM,695
878,1756.0,11.075226278109916,MASP2_Helo_CM,695
879,1758.0,9.26126587896447,MASP2_Helo_CM,695
880,1760.0,9.79146523976807,MASP2_Helo_CM,695
881,1762.0,9.215483551438204,MASP2_Helo_CM,695
882,1764.0,9.91363556076135,MASP2_Helo_CM,695
883,1766.0,10.002308114174358,MASP2_Helo_CM,695
884,1768.0,10.03893992257604,MASP2_Helo_CM,695
885,1770.0,10.183306172265103,MASP2_Helo_CM,695
886,1772.0,9.636370857599426,MASP2_Helo_CM,695
887,1774.0,9.030026830903548,MASP2_Helo_CM,695
888,1776.0,10.515590540996955,MASP2_Helo_CM,695
889,1778.0,10.37487909583801,MASP2_Helo_CM,695
890,1780.0,10.257613018411615,MASP2_Helo_CM,695
891,1782.0,10.811347318229119,MASP2_Helo_CM,695
892,1784.0,11.590965319895005,MASP2_Helo_CM,695
893,1786.0,11.442498447298277,MASP2_Helo_CM,695
894,1788.0,10.747490320430808,MASP2_Helo_CM,695
895,1790.0,11.880606819043583,MASP2_Helo_CM,695
896,1792.0,12.218755482864427,MASP2_Helo_CM,695
897,1794.0,12.235591351817533,MASP2_Helo_CM,695
898,1796.0,12.011747604724095,MASP2_Helo_CM,695
899,1798.0,12.307004217787453,MASP2_Helo_CM,695
900,1800.0,15.744961589414553,MASP2_Helo_CM,695
901,1802.0,14.473952294551596,MASP2_Helo_CM,695
902,1804.0,12.991210688346646,MASP2_Helo_CM,695
903,1806.0,13.318958231858115,MASP2_Helo_CM,695
904,1808.0,15.294021260065785,MASP2_Helo_CM,695
905,1810.0,14.795041577716995,MASP2_Helo_CM,695
906,1812.0,16.34396499430884,MASP2_Helo_CM,695
907,1814.0,14.692195643936262,MASP2_Helo_CM,695
908,1816.0,13.634738461213871,MASP2_Helo_CM,695
909,1818.0,15.377140971764428,MASP2_Helo_CM,695
910,1820.0,16.94814177534727,MASP2_Helo_CM,695
911,1822.0,14.390644932499072,MASP2_Helo_CM,695
912,1824.0,14.76640144617521,MASP2_Helo_CM,695
913,1826.0,14.599319267755314,MASP2_Helo_CM,695
914,1828.0,15.439804822225856,MASP2_Helo_CM,695
915,1830.0,14.312463169024968,MASP2_Helo_CM,695
916,1832.0,14.962921868695785,MASP2_Helo_CM,695
917,1834.0,13.885079681117263,MASP2_Helo_CM,695
918,1836.0,12.904874090296758,MASP2_Helo_CM,695
919,1838.0,13.942132428987938,MASP2_Helo_CM,695
920,1840.0,16.17749127652122,MASP2_Helo_CM,695
921,1842.0,15.123722414750398,MASP2_Helo_CM,695
922,1844.0,13.940093389087169,MASP2_Helo_CM,695
923,1846.0,14.303090403441212,MASP2_Helo_CM,695
924,1848.0,14.476764111853582,MASP2_Helo_CM,695
925,1850.0,14.76286039188544,MASP2_Helo_CM,695
926,1852.0,14.571479408295756,MASP2_Helo_CM,695
927,1854.0,15.519311751885175,MASP2_Helo_CM,695
928,1856.0,15.781555526407052,MASP2_Helo_CM,695
929,1858.0,16.08473012536448,MASP2_Helo_CM,695
930,1860.0,14.648199329873801,MASP2_Helo_CM,695
931,1862.0,13.414962570743814,MASP2_Helo_CM,695
932,1864.0,16.33240067421817,MASP2_Helo_CM,695
933,1866.0,14.43074557176667,MASP2_Helo_CM,695
934,1868.0,15.254926921423076,MASP2_Helo_CM,695
935,1870.0,14.776701457075632,MASP2_Helo_CM,695
936,1872.0,14.97870269056044,MASP2_Helo_CM,695
937,1874.0,15.723081281819766,MASP2_Helo_CM,695
938,1876.0,13.760743560745414,MASP2_Helo_CM,695
939,1878.0,14.93014115329223,MASP2_Helo_CM,695
940,1880.0,12.89433044284401,MASP2_Helo_CM,695
941,1882.0,13.312557610483488,MASP2_Helo_CM,695
942,1884.0,14.101953454825312,MASP2_Helo_CM,695
943,1886.0,15.192248400031753,MASP2_Helo_CM,695
944,1888.0,14.61142196560406,MASP2_Helo_CM,695
945,1890.0,14.756220838987923,MASP2_Helo_CM,695
946,1892.0,14.81757973107514,MASP2_Helo_CM,695
947,1894.0,15.597742967984926,MASP2_Helo_CM,695
948,1896.0,12.820852868827906,MASP2_Helo_CM,695
949,1898.0,13.571328418505916,MASP2_Helo_CM,695
950,1900.0,13.01693192217751,MASP2_Helo_CM,695
951,1902.0,15.48854772947492,MASP2_Helo_CM,695
952,1904.0,14.300743136934052,MASP2_Helo_CM,695
953,1906.0,12.391359872650803,MASP2_Helo_CM,695
954,1908.0,14.812774468755292,MASP2_Helo_CM,695
955,1910.0,14.838317823839372,MASP2_Helo_CM,695
956,1912.0,12.782452798364574,MASP2_Helo_CM,695
957,1914.0,15.801961293876998,MASP2_Helo_CM,695
958,1916.0,13.406408697059177,MASP2_Helo_CM,695
959,1918.0,14.428444614309656,MASP2_Helo_CM,695
960,1920.0,14.916818016707811,MASP2_Helo_CM,695
961,1922.0,14.83141666608866,MASP2_Helo_CM,695
962,1924.0,14.58539574732294,MASP2_Helo_CM,695
963,1926.0,13.87809974926603,MASP2_Helo_CM,695
964,1928.0,13.353596951277988,MASP2_Helo_CM,695
965,1930.0,13.905692622698615,MASP2_Helo_CM,695
966,1932.0,14.172513666403946,MASP2_Helo_CM,695
967,1934.0,16.221375260997192,MASP2_Helo_CM,695
968,1936.0,14.895523820695805,MASP2_Helo_CM,695
969,1938.0,13.648281452744152,MASP2_Helo_CM,695
970,1940.0,11.012612994786796,MASP2_Helo_CM,695
971,1942.0,10.996437439403092,MASP2_Helo_CM,695
972,1944.0,12.066167676929938,MASP2_Helo_CM,695
973,1946.0,11.3121817740267,MASP2_Helo_CM,695
974,1948.0,12.68789147348089,MASP2_Helo_CM,695
975,1950.0,12.116846107907266,MASP2_Helo_CM,695
976,1952.0,13.482864933742988,MASP2_Helo_CM,695
977,1954.0,13.678188843999605,MASP2_Helo_CM,695
978,1956.0,13.124860141008046,MASP2_Helo_CM,695
979,1958.0,13.257237574041719,MASP2_Helo_CM,695
980,1960.0,12.802999340624678,MASP2_Helo_CM,695
981,1962.0,11.607017261248174,MASP2_Helo_CM,695
982,1964.0,12.90629159111068,MASP2_Helo_CM,695
983,1966.0,12.319636791963354,MASP2_Helo_CM,695
984,1968.0,13.143442361337806,MASP2_Helo_CM,695
985,1970.0,14.454404938812386,MASP2_Helo_CM,695
986,1972.0,14.10069469547352,MASP2_Helo_CM,695
987,1974.0,13.78243776603568,MASP2_Helo_CM,695
988,1976.0,12.208401557026379,MASP2_Helo_CM,695
989,1978.0,12.961925910864261,MASP2_Helo_CM,695
990,1980.0,11.865646450633527,MASP2_Helo_CM,695
991,1982.0,11.497757788841113,MASP2_Helo_CM,695
992,1984.0,12.598016066883664,MASP2_Helo_CM,695
993,1986.0,11.386090720689666,MASP2_Helo_CM,695
994,1988.0,11.85668191682134,MASP2_Helo_CM,695
995,1990.0,12.213626263921169,MASP2_Helo_CM,695
996,1992.0,11.776719648827843,MASP2_Helo_CM,695
997,1994.0,12.425553259657821,MASP2_Helo_CM,695
998,1996.0,13.041492570963714,MASP2_Helo_CM,695
999,1998.0,12.642341290242731,MASP2_Helo_CM,695
1000,2000.0,12.790901471413045,MASP2_Helo_CM,695
1001,2002.0,14.471552171283392,MASP2_Helo_CM,695
1002,2004.0,12.185585415709449,MASP2_Helo_CM,695
1003,2006.0,12.635061285885422,MASP2_Helo_CM,695
1004,2008.0,13.254777924807161,MASP2_Helo_CM,695
1005,2010.0,13.594891189024969,MASP2_Helo_CM,695
1006,2012.0,9.511478479453032,MASP2_Helo_CM,695
1007,2014.0,11.912587683407835,MASP2_Helo_CM,695
1008,2016.0,13.919046308163413,MASP2_Helo_CM,695
1009,2018.0,11.523953950931439,MASP2_Helo_CM,695
1010,2020.0,12.23528311749856,MASP2_Helo_CM,695
1011,2022.0,13.63295783612631,MASP2_Helo_CM,695
1012,2024.0,11.924529253628286,MASP2_Helo_CM,695
1013,2026.0,12.858014817347883,MASP2_Helo_CM,695
1014,2028.0,11.367180689209011,MASP2_Helo_CM,695
1015,2030.0,10.318512724824158,MASP2_Helo_CM,695
1016,2032.0,12.275064847514422,MASP2_Helo_CM,695
1017,2034.0,10.801518578755347,MASP2_Helo_CM,695
1018,2036.0,11.62258261465386,MASP2_Helo_CM,695
1019,2038.0,11.376138827606322,MASP2_Helo_CM,695
1020,2040.0,10.672527564989291,MASP2_Helo_CM,695
1021,2042.0,12.050050178229636,MASP2_Helo_CM,695
1022,2044.0,12.54913648708514,MASP2_Helo_CM,695
1023,2046.0,12.271687507356674,MASP2_Helo_CM,695
1024,2048.0,12.189354260025823,MASP2_Helo_CM,695
1025,2050.0,12.33657349040249,MASP2_Helo_CM,695
1026,2052.0,13.662455510145943,MASP2_Helo_CM,695
1027,2054.0,13.378559392753662,MASP2_Helo_CM,695
1028,2056.0,12.664975169678945,MASP2_Helo_CM,695
1029,2058.0,12.451091525930684,MASP2_Helo_CM,695
1030,2060.0,11.779611618227007,MASP2_Helo_CM,695
1031,2062.0,13.311689176401838,MASP2_Helo_CM,695
1032,2064.0,12.178795260148256,MASP2_Helo_CM,695
1033,2066.0,12.905819302768782,MASP2_Helo_CM,695
1034,2068.0,13.655049852182827,MASP2_Helo_CM,695
1035,2070.0,13.230588217003415,MASP2_Helo_CM,695
1036,2072.0,13.004552661477543,MASP2_Helo_CM,695
1037,2074.0,13.315430232535125,MASP2_Helo_CM,695
1038,2076.0,11.96690512581748,MASP2_Helo_CM,695
1039,2078.0,12.720431839121838,MASP2_Helo_CM,695
1040,2080.0,12.649698027493397,MASP2_Helo_CM,695
1041,2082.0,12.665501042492831,MASP2_Helo_CM,695
1042,2084.0,13.058770477979623,MASP2_Helo_CM,695
1043,2086.0,13.429035472573966,MASP2_Helo_CM,695
1044,2088.0,13.532826647512902,MASP2_Helo_CM,695
1045,2090.0,11.74466469854645,MASP2_Helo_CM,695
1046,2092.0,12.005694013410398,MASP2_Helo_CM,695
1047,2094.0,10.914751016118572,MASP2_Helo_CM,695
1048,2096.0,10.876925355246286,MASP2_Helo_CM,695
1049,2098.0,10.225593670571628,MASP2_Helo_CM,695
1050,2100.0,9.322854382405106,MASP2_Helo_CM,695
1051,2102.0,9.071973814514632,MASP2_Helo_CM,695
1052,2104.0,10.149827580915186,MASP2_Helo_CM,695
1053,2106.0,11.539894007295105,MASP2_Helo_CM,695
1054,2108.0,13.000514781156076,MASP2_Helo_CM,695
1055,2110.0,9.675966478313812,MASP2_Helo_CM,695
1056,2112.0,11.026318873630217,MASP2_Helo_CM,695
1057,2114.0,8.982322411808267,MASP2_Helo_CM,695
1058,2116.0,9.028144147438534,MASP2_Helo_CM,695
1059,2118.0,9.325414954507893,MASP2_Helo_CM,695
1060,2120.0,10.722653082591586,MASP2_Helo_CM,695
1061,2122.0,8.375437600160705,MASP2_Helo_CM,695
1062,2124.0,8.89961379226023,MASP2_Helo_CM,695
1063,2126.0,10.461817346649532,MASP2_Helo_CM,695
1064,2128.0,9.870801749954856,MASP2_Helo_CM,695
1065,2130.0,11.347948114698504,MASP2_Helo_CM,695
1066,2132.0,10.530488770399252,MASP2_Helo_CM,695
1067,2134.0,8.313351068226696,MASP2_Helo_CM,695
1068,2136.0,9.492577835535174,MASP2_Helo_CM,695
1069,2138.0,8.841396567749793,MASP2_Helo_CM,695
1070,2140.0,7.862542839566222,MASP2_Helo_CM,695
1071,2142.0,8.95700450391231,MASP2_Helo_CM,695
1072,2144.0,9.704772079627764,MASP2_Helo_CM,695
1073,2146.0,8.638175189493781,MASP2_Helo_CM,695
1074,2148.0,10.144353905632437,MASP2_Helo_CM,695
1075,2150.0,12.469848947167646,MASP2_Helo_CM,695
1076,2152.0,8.726352528448443,MASP2_Helo_CM,695
1077,2154.0,11.036612698675496,MASP2_Helo_CM,695
1078,2156.0,7.624723589985633,MASP2_Helo_CM,695
1079,2158.0,10.264307008972729,MASP2_Helo_CM,695
1080,2160.0,12.681046031072754,MASP2_Helo_CM,695
1081,2162.0,12.990865465683019,MASP2_Helo_CM,695
1082,2164.0,9.785723207777309,MASP2_Helo_CM,695
1083,2166.0,8.06954068506349,MASP2_Helo_CM,695
1084,2168.0,7.65188109999028,MASP2_Helo_CM,695
1085,2170.0,8.409886951231314,MASP2_Helo_CM,695
1086,2172.0,11.276853557881347,MASP2_Helo_CM,695
1087,2174.0,10.719949878255083,MASP2_Helo_CM,695
1088,2176.0,10.111687365295587,MASP2_Helo_CM,695
1089,2178.0,9.829857947372203,MASP2_Helo_CM,695
1090,2180.0,10.302334305209481,MASP2_Helo_CM,695
1091,2182.0,12.579720631033332,MASP2_Helo_CM,695
1092,2184.0,10.399986301242683,MASP2_Helo_CM,695
1093,2186.0,12.234310717968906,MASP2_Helo_CM,695
1094,2188.0,12.70171097102505,MASP2_Helo_CM,695
1095,2190.0,13.972744431092512,MASP2_Helo_CM,695
1096,2192.0,13.258077060347931,MASP2_Helo_CM,695
1097,2194.0,12.904207742616057,MASP2_Helo_CM,695
1098,2196.0,9.452990794533797,MASP2_Helo_CM,695
1099,2198.0,9.801357241408894,MASP2_Helo_CM,695
1100,2200.0,12.345077096592844,MASP2_Helo_CM,695
1101,2202.0,15.198659130020495,MASP2_Helo_CM,695
1102,2204.0,10.812405794480949,MASP2_Helo_CM,695
1103,2206.0,11.617133718366022,MASP2_Helo_CM,695
1104,2208.0,13.719372815819929,MASP2_Helo_CM,695
1105,2210.0,13.483301816669055,MASP2_Helo_CM,695
1106,2212.0,14.436545792701528,MASP2_Helo_CM,695
1107,2214.0,11.554949126494314,MASP2_Helo_CM,695
1108,2216.0,11.19361337708505,MASP2_Helo_CM,695
1109,2218.0,11.42413561453833,MASP2_Helo_CM,695
1110,2220.0,11.871762333223007,MASP2_Helo_CM,695
1111,2222.0,11.388031825581352,MASP2_Helo_CM,695
1112,2224.0,12.902175087423592,MASP2_Helo_CM,695
1113,2226.0,11.71055654288307,MASP2_Helo_CM,695
1114,2228.0,11.793836105789314,MASP2_Helo_CM,695
1115,2230.0,13.237541954590963,MASP2_Helo_CM,695
1116,2232.0,12.919143890547675,MASP2_Helo_CM,695
1117,2234.0,10.247942108461718,MASP2_Helo_CM,695
1118,2236.0,9.880939003294321,MASP2_Helo_CM,695
1119,2238.0,12.743684313429304,MASP2_Helo_CM,695
1120,2240.0,12.287867584982044,MASP2_Helo_CM,695
1121,2242.0,13.744851907033462,MASP2_Helo_CM,695
1122,2244.0,15.068256806595349,MASP2_Helo_CM,695
1123,2246.0,15.270767183676334,MASP2_Helo_CM,695
1124,2248.0,15.587646997851087,MASP2_Helo_CM,695
1125,2250.0,14.05770699153604,MASP2_Helo_CM,695
1126,2252.0,14.800119070719637,MASP2_Helo_CM,695
1127,2254.0,14.75654992155867,MASP2_Helo_CM,695
1128,2256.0,14.781374987696775,MASP2_Helo_CM,695
1129,2258.0,14.306765768561705,MASP2_Helo_CM,695
1130,2260.0,15.503662081023142,MASP2_Helo_CM,695
1131,2262.0,15.950790814798424,MASP2_Helo_CM,695
1132,2264.0,16.39044056535817,MASP2_Helo_CM,695
1133,2266.0,15.287972173776435,MASP2_Helo_CM,695
1134,2268.0,15.353710975166912,MASP2_Helo_CM,695
1135,2270.0,15.476806518125544,MASP2_Helo_CM,695
1136,2272.0,15.814021721409572,MASP2_Helo_CM,695
1137,2274.0,16.29729965935392,MASP2_Helo_CM,695
1138,2276.0,16.66416690287986,MASP2_Helo_CM,695
1139,2278.0,14.045424085028534,MASP2_Helo_CM,695
1140,2280.0,16.259903976509218,MASP2_Helo_CM,695
1141,2282.0,15.12682165026744,MASP2_Helo_CM,695
1142,2284.0,15.436373701527033,MASP2_Helo_CM,695
1143,2286.0,14.377546582777553,MASP2_Helo_CM,695
1144,2288.0,13.957950959158671,MASP2_Helo_CM,695
1145,2290.0,14.652739917125873,MASP2_Helo_CM,695
1146,2292.0,14.45152749192646,MASP2_Helo_CM,695
1147,2294.0,14.858717922504974,MASP2_Helo_CM,695
1148,2296.0,15.020952641694636,MASP2_Helo_CM,695
1149,2298.0,14.219880668643247,MASP2_Helo_CM,695
1150,2300.0,15.338185690838943,MASP2_Helo_CM,695
1151,2302.0,15.004778467114837,MASP2_Helo_CM,695
1152,2304.0,14.293774253143786,MASP2_Helo_CM,695
1153,2306.0,14.977140519911263,MASP2_Helo_CM,695
1154,2308.0,15.378263442222575,MASP2_Helo_CM,695
1155,2310.0,14.31612825889091,MASP2_Helo_CM,695
1156,2312.0,15.116617751890143,MASP2_Helo_CM,695
1157,2314.0,14.790629952164489,MASP2_Helo_CM,695
1158,2316.0,16.27925143480588,MASP2_Helo_CM,695
1159,2318.0,15.472702131486368,MASP2_Helo_CM,695
1160,2320.0,15.657856070249363,MASP2_Helo_CM,695
1161,2322.0,14.970750556854735,MASP2_Helo_CM,695
1162,2324.0,15.121907890097289,MASP2_Helo_CM,695
1163,2326.0,15.084165339108916,MASP2_Helo_CM,695
1164,2328.0,14.43887936642478,MASP2_Helo_CM,695
1165,2330.0,15.14160088732594,MASP2_Helo_CM,695
1166,2332.0,13.93972021974703,MASP2_Helo_CM,695
1167,2334.0,14.728589149116747,MASP2_Helo_CM,695
1168,2336.0,12.921492817642173,MASP2_Helo_CM,695
1169,2338.0,13.335642484817502,MASP2_Helo_CM,695
1170,2340.0,12.995941144547418,MASP2_Helo_CM,695
1171,2342.0,14.415683304637332,MASP2_Helo_CM,695
1172,2344.0,13.24327402696373,MASP2_Helo_CM,695
1173,2346.0,16.134600529256353,MASP2_Helo_CM,695
1174,2348.0,14.490669480780658,MASP2_Helo_CM,695
1175,2350.0,15.549842203943818,MASP2_Helo_CM,695
1176,2352.0,14.76711700777975,MASP2_Helo_CM,695
1177,2354.0,14.775259622741485,MASP2_Helo_CM,695
1178,2356.0,15.143387763829955,MASP2_Helo_CM,695
1179,2358.0,15.261042794856333,MASP2_Helo_CM,695
1180,2360.0,13.47064735612988,MASP2_Helo_CM,695
1181,2362.0,14.545349171007974,MASP2_Helo_CM,695
1182,2364.0,14.300972878896765,MASP2_Helo_CM,695
1183,2366.0,14.508501071916054,MASP2_Helo_CM,695
1184,2368.0,16.40294386539613,MASP2_Helo_CM,695
1185,2370.0,16.30012534295486,MASP2_Helo_CM,695
1186,2372.0,13.667103121984377,MASP2_Helo_CM,695
1187,2374.0,12.906681545450642,MASP2_Helo_CM,695
1188,2376.0,16.160165825388926,MASP2_Helo_CM,695
1189,2378.0,15.2543883740583,MASP2_Helo_CM,695
1190,2380.0,12.528817921472406,MASP2_Helo_CM,695
1191,2382.0,15.09808198529229,MASP2_Helo_CM,695
1192,2384.0,14.56756716251241,MASP2_Helo_CM,695
1193,2386.0,15.193149993536618,MASP2_Helo_CM,695
1194,2388.0,14.9190417440742,MASP2_Helo_CM,695
1195,2390.0,16.167173685161845,MASP2_Helo_CM,695
1196,2392.0,16.272573475598506,MASP2_Helo_CM,695
1197,2394.0,14.199767296500035,MASP2_Helo_CM,695
1198,2396.0,14.697047840410173,MASP2_Helo_CM,695
1199,2398.0,15.113501910822052,MASP2_Helo_CM,695
1200,2400.0,12.740425875220637,MASP2_Helo_CM,695
1201,2402.0,14.614337495859772,MASP2_Helo_CM,695
1202,2404.0,12.34647458948899,MASP2_Helo_CM,695
1203,2406.0,12.694517045358616,MASP2_Helo_CM,695
1204,2408.0,15.437618902560429,MASP2_Helo_CM,695
1205,2410.0,14.408870210679149,MASP2_Helo_CM,695
1206,2412.0,15.983744765057498,MASP2_Helo_CM,695
1207,2414.0,15.604047287543656,MASP2_Helo_CM,695
1208,2416.0,14.393944677236822,MASP2_Helo_CM,695
1209,2418.0,14.960054870450811,MASP2_Helo_CM,695
1210,2420.0,15.351875058070767,MASP2_Helo_CM,695
1211,2422.0,15.673999489289269,MASP2_Helo_CM,695
1212,2424.0,15.472980401181252,MASP2_Helo_CM,695
1213,2426.0,15.773262464426358,MASP2_Helo_CM,695
1214,2428.0,15.431004539841584,MASP2_Helo_CM,695
1215,2430.0,13.666424075595272,MASP2_Helo_CM,695
1216,2432.0,14.889802077171927,MASP2_Helo_CM,695
1217,2434.0,15.756272083108055,MASP2_Helo_CM,695
1218,2436.0,15.355525293092725,MASP2_Helo_CM,695
1219,2438.0,15.28351229362229,MASP2_Helo_CM,695
1220,2440.0,11.794695402114034,MASP2_Helo_CM,695
1221,2442.0,12.315991485434878,MASP2_Helo_CM,695
1222,2444.0,9.287870563876735,MASP2_Helo_CM,695
1223,2446.0,13.081897071290761,MASP2_Helo_CM,695
1224,2448.0,13.329977841357598,MASP2_Helo_CM,695
1225,2450.0,12.920437205571625,MASP2_Helo_CM,695
1226,2452.0,11.559607266389278,MASP2_Helo_CM,695
1227,2454.0,14.060872759936071,MASP2_Helo_CM,695
1228,2456.0,14.006233056727625,MASP2_Helo_CM,695
1229,2458.0,12.863472786880415,MASP2_Helo_CM,695
1230,2460.0,13.070291366584952,MASP2_Helo_CM,695
1231,2462.0,13.504323121843312,MASP2_Helo_CM,695
1232,2464.0,13.039401089124375,MASP2_Helo_CM,695
1233,2466.0,13.58447985380551,MASP2_Helo_CM,695
1234,2468.0,14.200955470068616,MASP2_Helo_CM,695
1235,2470.0,13.886729769331659,MASP2_Helo_CM,695
1236,2472.0,14.856693804395087,MASP2_Helo_CM,695
1237,2474.0,14.393930168891664,MASP2_Helo_CM,695
1238,2476.0,15.500690739013328,MASP2_Helo_CM,695
1239,2478.0,11.71783620230154,MASP2_Helo_CM,695
1240,2480.0,11.995573671579386,MASP2_Helo_CM,695
1241,2482.0,12.959312210611074,MASP2_Helo_CM,695
1242,2484.0,12.76574291749376,MASP2_Helo_CM,695
1243,2486.0,14.50106291337666,MASP2_Helo_CM,695
1244,2488.0,10.982607539372905,MASP2_Helo_CM,695
1245,2490.0,12.173098991397632,MASP2_Helo_CM,695
1246,2492.0,16.05635567895752,MASP2_Helo_CM,695
1247,2494.0,13.220187413153003,MASP2_Helo_CM,695
1248,2496.0,15.097641581491718,MASP2_Helo_CM,695
1249,2498.0,13.560534228337385,MASP2_Helo_CM,695
1250,2500.0,12.785340899792663,MASP2_Helo_CM,695
1251,2502.0,12.448606302568457,MASP2_Helo_CM,695
1252,2504.0,12.046921346420666,MASP2_Helo_CM,695
1253,2506.0,14.113596365277814,MASP2_Helo_CM,695
1254,2508.0,13.928899984778813,MASP2_Helo_CM,695
1255,2510.0,14.820153183878867,MASP2_Helo_CM,695
1256,2512.0,13.242321981787596,MASP2_Helo_CM,695
1257,2514.0,14.196780421438023,MASP2_Helo_CM,695
1258,2516.0,14.537073058152517,MASP2_Helo_CM,695
1259,2518.0,12.962217547010626,MASP2_Helo_CM,695
1260,2520.0,12.708000432177077,MASP2_Helo_CM,695
1261,2522.0,11.505810574323563,MASP2_Helo_CM,695
1262,2524.0,10.600689652329917,MASP2_Helo_CM,695
1263,2526.0,13.267796955923503,MASP2_Helo_CM,695
1264,2528.0,11.096641779786776,MASP2_Helo_CM,695
1265,2530.0,11.812821224815083,MASP2_Helo_CM,695
1266,2532.0,12.682753021441872,MASP2_Helo_CM,695
1267,2534.0,11.921018094757393,MASP2_Helo_CM,695
1268,2536.0,11.804962374005196,MASP2_Helo_CM,695
1269,2538.0,12.658625774532696,MASP2_Helo_CM,695
1270,2540.0,10.332651575384515,MASP2_Helo_CM,695
1271,2542.0,11.78891476273694,MASP2_Helo_CM,695
1272,2544.0,11.558443558780754,MASP2_Helo_CM,695
1273,2546.0,11.90946045334598,MASP2_Helo_CM,695
1274,2548.0,12.392068918725142,MASP2_Helo_CM,695
1275,2550.0,13.370493011217023,MASP2_Helo_CM,695
1276,2552.0,13.920848479786631,MASP2_Helo_CM,695
1277,2554.0,13.064861469546063,MASP2_Helo_CM,695
1278,2556.0,13.672056041054676,MASP2_Helo_CM,695
1279,2558.0,14.759898067327414,MASP2_Helo_CM,695
1280,2560.0,15.599519133538811,MASP2_Helo_CM,695
1281,2562.0,16.302309405639466,MASP2_Helo_CM,695
1282,2564.0,16.626505196501654,MASP2_Helo_CM,695
1283,2566.0,16.20090773636773,MASP2_Helo_CM,695
1284,2568.0,15.457563845183605,MASP2_Helo_CM,695
1285,2570.0,14.799697640396255,MASP2_Helo_CM,695
1286,2572.0,15.990818363569975,MASP2_Helo_CM,695
1287,2574.0,15.575260473991419,MASP2_Helo_CM,695
1288,2576.0,15.100237213275514,MASP2_Helo_CM,695
1289,2578.0,14.30157791723941,MASP2_Helo_CM,695
1290,2580.0,14.727255747835104,MASP2_Helo_CM,695
1291,2582.0,15.422336907606214,MASP2_Helo_CM,695
1292,2584.0,14.256718620151029,MASP2_Helo_CM,695
1293,2586.0,13.006387624859745,MASP2_Helo_CM,695
1294,2588.0,13.55405835558679,MASP2_Helo_CM,695
1295,2590.0,11.057842589079856,MASP2_Helo_CM,695
1296,2592.0,9.611693827285709,MASP2_Helo_CM,695
1297,2594.0,11.307963352416357,MASP2_Helo_CM,695
1298,2596.0,11.80463301946483,MASP2_Helo_CM,695
1299,2598.0,10.223664585987873,MASP2_Helo_CM,695
1300,2600.0,8.244284092555503,MASP2_Helo_CM,695
1301,2602.0,6.719054736898004,MASP2_Helo_CM,695
1302,2604.0,6.539679184989392,MASP2_Helo_CM,695
1303,2606.0,6.6838621240774865,MASP2_Helo_CM,695
1304,2608.0,7.811085773128473,MASP2_Helo_CM,695
1305,2610.0,7.314707963001673,MASP2_Helo_CM,695
1306,2612.0,7.418106405036802,MASP2_Helo_CM,695
1307,2614.0,7.86448929610369,MASP2_Helo_CM,695
1308,2616.0,7.701056396910264,MASP2_Helo_CM,695
1309,2618.0,8.50947960991622,MASP2_Helo_CM,695
1310,2620.0,6.079194657834408,MASP2_Helo_CM,695
1311,2622.0,7.499452943971475,MASP2_Helo_CM,695
1312,2624.0,6.894517962224182,MASP2_Helo_CM,695
1313,2626.0,9.233183576556533,MASP2_Helo_CM,695
1314,2628.0,9.052078135634355,MASP2_Helo_CM,695
1315,2630.0,8.501629255379974,MASP2_Helo_CM,695
1316,2632.0,10.32774349552668,MASP2_Helo_CM,695
1317,2634.0,9.46131027897637,MASP2_Helo_CM,695
1318,2636.0,11.428207313159,MASP2_Helo_CM,695
1319,2638.0,10.94435153071643,MASP2_Helo_CM,695
1320,2640.0,11.005637549570649,MASP2_Helo_CM,695
1321,2642.0,12.879466398664407,MASP2_Helo_CM,695
1322,2644.0,9.621005755452265,MASP2_Helo_CM,695
1323,2646.0,11.318202239481701,MASP2_Helo_CM,695
1324,2648.0,12.735009124160102,MASP2_Helo_CM,695
1325,2650.0,10.674855912460355,MASP2_Helo_CM,695
1326,2652.0,10.749646447271891,MASP2_Helo_CM,695
1327,2654.0,11.097386363677222,MASP2_Helo_CM,695
1328,2656.0,10.440947539924924,MASP2_Helo_CM,695
1329,2658.0,10.415207423839448,MASP2_Helo_CM,695
1330,2660.0,11.998821498771157,MASP2_Helo_CM,695
1331,2662.0,10.635854780426435,MASP2_Helo_CM,695
1332,2664.0,13.407688390073352,MASP2_Helo_CM,695
1333,2666.0,13.677324242100122,MASP2_Helo_CM,695
1334,2668.0,12.763049021768307,MASP2_Helo_CM,695
1335,2670.0,14.50558938067723,MASP2_Helo_CM,695
1336,2672.0,16.409456543947748,MASP2_Helo_CM,695
1337,2674.0,14.149686460164883,MASP2_Helo_CM,695
1338,2676.0,15.0655525620889,MASP2_Helo_CM,695
1339,2678.0,14.521173899740779,MASP2_Helo_CM,695
1340,2680.0,14.144811591234555,MASP2_Helo_CM,695
1341,2682.0,12.962387198499073,MASP2_Helo_CM,695
1342,2684.0,14.639891747730669,MASP2_Helo_CM,695
1343,2686.0,14.682534735872897,MASP2_Helo_CM,695
1344,2688.0,15.892190595909097,MASP2_Helo_CM,695
1345,2690.0,17.517731994932937,MASP2_Helo_CM,695
1346,2692.0,14.133493348221396,MASP2_Helo_CM,695
1347,2694.0,12.546035906477298,MASP2_Helo_CM,695
1348,2696.0,14.140632666870177,MASP2_Helo_CM,695
1349,2698.0,14.154325010665916,MASP2_Helo_CM,695
1350,2700.0,13.769982864811354,MASP2_Helo_CM,695
1351,2702.0,14.031656231544908,MASP2_Helo_CM,695
1352,2704.0,13.350756719735383,MASP2_Helo_CM,695
1353,2706.0,13.169785280049181,MASP2_Helo_CM,695
1354,2708.0,12.971735570618945,MASP2_Helo_CM,695
1355,2710.0,14.84405971542886,MASP2_Helo_CM,695
1356,2712.0,14.872022528455492,MASP2_Helo_CM,695
1357,2714.0,15.386839318958119,MASP2_Helo_CM,695
1358,2716.0,14.171291384085658,MASP2_Helo_CM,695
1359,2718.0,15.924313534892727,MASP2_Helo_CM,695
1360,2720.0,14.793012992379294,MASP2_Helo_CM,695
1361,2722.0,14.535590288614161,MASP2_Helo_CM,695
1362,2724.0,15.402025532699,MASP2_Helo_CM,695
1363,2726.0,16.352165164979674,MASP2_Helo_CM,695
1364,2728.0,13.478678663149243,MASP2_Helo_CM,695
1365,2730.0,15.275878402590898,MASP2_Helo_CM,695
1366,2732.0,15.18336616330817,MASP2_Helo_CM,695
1367,2734.0,15.658704177624422,MASP2_Helo_CM,695
1368,2736.0,16.495005003698697,MASP2_Helo_CM,695
1369,2738.0,16.198919147148942,MASP2_Helo_CM,695
1370,2740.0,14.973675409800737,MASP2_Helo_CM,695
1371,2742.0,15.21435942301438,MASP2_Helo_CM,695
1372,2744.0,15.337643066872243,MASP2_Helo_CM,695
1373,2746.0,12.966148113119427,MASP2_Helo_CM,695
1374,2748.0,14.242798892538973,MASP2_Helo_CM,695
1375,2750.0,14.639547975181438,MASP2_Helo_CM,695
1376,2752.0,14.123778055451318,MASP2_Helo_CM,695
1377,2754.0,13.126392298498017,MASP2_Helo_CM,695
1378,2756.0,12.625629768282625,MASP2_Helo_CM,695
1379,2758.0,13.405172382245679,MASP2_Helo_CM,695
1380,2760.0,13.620655610430095,MASP2_Helo_CM,695
1381,2762.0,14.25466999843524,MASP2_Helo_CM,695
1382,2764.0,14.922163926908361,MASP2_Helo_CM,695
1383,2766.0,14.043818011474512,MASP2_Helo_CM,695
1384,2768.0,14.231580193226064,MASP2_Helo_CM,695
1385,2770.0,15.36762583451127,MASP2_Helo_CM,695
1386,2772.0,15.050778588716037,MASP2_Helo_CM,695
1387,2774.0,16.32109210437757,MASP2_Helo_CM,695
1388,2776.0,12.84680882923276,MASP2_Helo_CM,695
1389,2778.0,13.347023667222182,MASP2_Helo_CM,695
1390,2780.0,14.07230067871801,MASP2_Helo_CM,695
1391,2782.0,11.620859368201891,MASP2_Helo_CM,695
1392,2784.0,11.074888857376514,MASP2_Helo_CM,695
1393,2786.0,11.087541975858421,MASP2_Helo_CM,695
1394,2788.0,12.850288424811481,MASP2_Helo_CM,695
1395,2790.0,13.93751085094396,MASP2_Helo_CM,695
1396,2792.0,15.040276681470013,MASP2_Helo_CM,695
1397,2794.0,15.319099253470354,MASP2_Helo_CM,695
1398,2796.0,13.939519850709123,MASP2_Helo_CM,695
1399,2798.0,11.675209563653604,MASP2_Helo_CM,695
1400,2800.0,12.417762836070198,MASP2_Helo_CM,695
1401,2802.0,11.59218575781507,MASP2_Helo_CM,695
1402,2804.0,9.220119397203922,MASP2_Helo_CM,695
1403,2806.0,11.000623752039019,MASP2_Helo_CM,695
1404,2808.0,12.04469033452278,MASP2_Helo_CM,695
1405,2810.0,14.042912298056361,MASP2_Helo_CM,695
1406,2812.0,14.326777483694828,MASP2_Helo_CM,695
1407,2814.0,13.330416865114474,MASP2_Helo_CM,695
1408,2816.0,12.782226914014,MASP2_Helo_CM,695
1409,2818.0,12.167920304883161,MASP2_Helo_CM,695
1410,2820.0,13.832836672072926,MASP2_Helo_CM,695
1411,2822.0,14.323294686505244,MASP2_Helo_CM,695
1412,2824.0,14.252339919922397,MASP2_Helo_CM,695
1413,2826.0,14.456817415641478,MASP2_Helo_CM,695
1414,2828.0,14.197140892315572,MASP2_Helo_CM,695
1415,2830.0,12.81797832947533,MASP2_Helo_CM,695
1416,2832.0,13.741361635087646,MASP2_Helo_CM,695
1417,2834.0,13.948025932299934,MASP2_Helo_CM,695
1418,2836.0,14.1137451708482,MASP2_Helo_CM,695
1419,2838.0,13.575233231550818,MASP2_Helo_CM,695
1420,2840.0,12.370550813413326,MASP2_Helo_CM,695
1421,2842.0,13.02869318577845,MASP2_Helo_CM,695
1422,2844.0,11.80400629534353,MASP2_Helo_CM,695
1423,2846.0,13.585322064660504,MASP2_Helo_CM,695
1424,2848.0,13.5726904216718,MASP2_Helo_CM,695
1425,2850.0,13.64815526679436,MASP2_Helo_CM,695
1426,2852.0,13.427733556010686,MASP2_Helo_CM,695
1427,2854.0,12.146754955293718,MASP2_Helo_CM,695
1428,2856.0,12.177563811711078,MASP2_Helo_CM,695
1429,2858.0,11.172560248435172,MASP2_Helo_CM,695
1430,2860.0,13.780498623764114,MASP2_Helo_CM,695
1431,2862.0,12.87768389077777,MASP2_Helo_CM,695
1432,2864.0,13.293997771562202,MASP2_Helo_CM,695
1433,2866.0,12.893631677258291,MASP2_Helo_CM,695
1434,2868.0,11.288225626624834,MASP2_Helo_CM,695
1435,2870.0,13.313113413512514,MASP2_Helo_CM,695
1436,2872.0,13.143936100351056,MASP2_Helo_CM,695
1437,2874.0,14.019315841507114,MASP2_Helo_CM,695
1438,2876.0,13.33287258483902,MASP2_Helo_CM,695
1439,2878.0,13.474093020887937,MASP2_Helo_CM,695
1440,2880.0,13.134753961074198,MASP2_Helo_CM,695
1441,2882.0,14.262313616567722,MASP2_Helo_CM,695
1442,2884.0,14.47181437391672,MASP2_Helo_CM,695
1443,2886.0,13.834957687103154,MASP2_Helo_CM,695
1444,2888.0,14.039340538175509,MASP2_Helo_CM,695
1445,2890.0,13.958058884845594,MASP2_Helo_CM,695
1446,2892.0,14.284486677492687,MASP2_Helo_CM,695
1447,2894.0,14.890302963010722,MASP2_Helo_CM,695
1448,2896.0,15.324541923715874,MASP2_Helo_CM,695
1449,2898.0,15.250753432949553,MASP2_Helo_CM,695
1450,2900.0,15.057848344085226,MASP2_Helo_CM,695
1451,2902.0,15.271750454159731,MASP2_Helo_CM,695
1452,2904.0,15.156018681983513,MASP2_Helo_CM,695
1453,2906.0,15.940626208068235,MASP2_Helo_CM,695
1454,2908.0,15.39574191170816,MASP2_Helo_CM,695
1455,2910.0,14.237986544179556,MASP2_Helo_CM,695
1456,2912.0,15.198778606188647,MASP2_Helo_CM,695
1457,2914.0,12.386302515710431,MASP2_Helo_CM,695
1458,2916.0,11.82055493243526,MASP2_Helo_CM,695
1459,2918.0,14.340568527796142,MASP2_Helo_CM,695
1460,2920.0,13.233972785335286,MASP2_Helo_CM,695
1461,2922.0,13.346089316631586,MASP2_Helo_CM,695
1462,2924.0,12.748063221634176,MASP2_Helo_CM,695
1463,2926.0,13.343104874960856,MASP2_Helo_CM,695
1464,2928.0,12.986556081176637,MASP2_Helo_CM,695
1465,2930.0,11.385346403071487,MASP2_Helo_CM,695
1466,2932.0,13.337825315865855,MASP2_Helo_CM,695
1467,2934.0,12.00858003752613,MASP2_Helo_CM,695
1468,2936.0,13.578954034469412,MASP2_Helo_CM,695
1469,2938.0,14.388021943122254,MASP2_Helo_CM,695
1470,2940.0,12.838343977896923,MASP2_Helo_CM,695
1471,2942.0,14.401429813078902,MASP2_Helo_CM,695
1472,2944.0,14.480226558249019,MASP2_Helo_CM,695
1473,2946.0,13.944893675523707,MASP2_Helo_CM,695
1474,2948.0,14.16956960335369,MASP2_Helo_CM,695
1475,2950.0,15.340799649008883,MASP2_Helo_CM,695
1476,2952.0,12.505590543032376,MASP2_Helo_CM,695
1477,2954.0,12.50283634431933,MASP2_Helo_CM,695
1478,2956.0,13.100852119394062,MASP2_Helo_CM,695
1479,2958.0,15.147890113771187,MASP2_Helo_CM,695
1480,2960.0,15.211915561620621,MASP2_Helo_CM,695
1481,2962.0,15.34442257379867,MASP2_Helo_CM,695
1482,2964.0,14.874087749799983,MASP2_Helo_CM,695
1483,2966.0,15.21144355493139,MASP2_Helo_CM,695
1484,2968.0,15.914409772106058,MASP2_Helo_CM,695
1485,2970.0,16.032337083372582,MASP2_Helo_CM,695
1486,2972.0,16.98028230768991,MASP2_Helo_CM,695
1487,2974.0,14.826951265215717,MASP2_Helo_CM,695
1488,2976.0,16.937418581234446,MASP2_Helo_CM,695
1489,2978.0,16.18126114238627,MASP2_Helo_CM,695
1490,2980.0,16.14392192424682,MASP2_Helo_CM,695
1491,2982.0,15.231667553599513,MASP2_Helo_CM,695
1492,2984.0,13.17659728578362,MASP2_Helo_CM,695
1493,2986.0,12.585120881538028,MASP2_Helo_CM,695
1494,2988.0,11.622415098429892,MASP2_Helo_CM,695
1495,2990.0,14.551691884421942,MASP2_Helo_CM,695
1496,2992.0,14.691925973831523,MASP2_Helo_CM,695
1497,2994.0,12.4975285818643,MASP2_Helo_CM,695
1498,2996.0,12.37743414342751,MASP2_Helo_CM,695
1499,2998.0,13.40480649383236,MASP2_Helo_CM,695
1500,3000.0,12.17441918712019,MASP2_Helo_CM,695
1501,3002.0,11.9493434632764,MASP2_Helo_CM,695
1502,3004.0,13.577780348344463,MASP2_Helo_CM,695
1503,3006.0,12.904736666473262,MASP2_Helo_CM,695
1504,3008.0,12.896615986812561,MASP2_Helo_CM,695
1505,3010.0,12.08867538268464,MASP2_Helo_CM,695
1506,3012.0,11.55553264376362,MASP2_Helo_CM,695
1507,3014.0,12.608685152696813,MASP2_Helo_CM,695
1508,3016.0,10.57605805958996,MASP2_Helo_CM,695
1509,3018.0,11.993866869883313,MASP2_Helo_CM,695
1510,3020.0,14.222219350413365,MASP2_Helo_CM,695
1511,3022.0,14.407517016306462,MASP2_Helo_CM,695
1512,3024.0,12.768075169106256,MASP2_Helo_CM,695
1513,3026.0,13.137788352645607,MASP2_Helo_CM,695
1514,3028.0,13.858464814779753,MASP2_Helo_CM,695
1515,3030.0,12.678544395108277,MASP2_Helo_CM,695
1516,3032.0,12.04563934082823,MASP2_Helo_CM,695
1517,3034.0,13.453619541968552,MASP2_Helo_CM,695
1518,3036.0,13.84695446907679,MASP2_Helo_CM,695
1519,3038.0,12.20719618650996,MASP2_Helo_CM,695
1520,3040.0,10.960537546682577,MASP2_Helo_CM,695
1521,3042.0,12.871768398689792,MASP2_Helo_CM,695
1522,3044.0,13.70036172203521,MASP2_Helo_CM,695
1523,3046.0,13.476764919038295,MASP2_Helo_CM,695
1524,3048.0,12.33101983006583,MASP2_Helo_CM,695
1525,3050.0,10.820818126330725,MASP2_Helo_CM,695
1526,3052.0,12.451012280126198,MASP2_Helo_CM,695
1527,3054.0,13.056295072079843,MASP2_Helo_CM,695
1528,3056.0,11.902427986598948,MASP2_Helo_CM,695
1529,3058.0,11.048499852952892,MASP2_Helo_CM,695
1530,3060.0,12.063096339477966,MASP2_Helo_CM,695
1531,3062.0,14.17411302153397,MASP2_Helo_CM,695
1532,3064.0,14.11613801582771,MASP2_Helo_CM,695
1533,3066.0,12.588139077913421,MASP2_Helo_CM,695
1534,3068.0,13.433029979346104,MASP2_Helo_CM,695
1535,3070.0,13.116299664890594,MASP2_Helo_CM,695
1536,3072.0,14.103732878233082,MASP2_Helo_CM,695
1537,3074.0,13.4615725978876,MASP2_Helo_CM,695
1538,3076.0,14.21645665191733,MASP2_Helo_CM,695
1539,3078.0,13.320367812746161,MASP2_Helo_CM,695
1540,3080.0,14.108197897993344,MASP2_Helo_CM,695
1541,3082.0,12.44239030508674,MASP2_Helo_CM,695
1542,3084.0,10.401455680280986,MASP2_Helo_CM,695
1543,3086.0,11.724483456807386,MASP2_Helo_CM,695
1544,3088.0,11.465975556041448,MASP2_Helo_CM,695
1545,3090.0,12.419090533659269,MASP2_Helo_CM,695
1546,3092.0,12.462167203923812,MASP2_Helo_CM,695
1547,3094.0,11.682387185931304,MASP2_Helo_CM,695
1548,3096.0,10.543921546818723,MASP2_Helo_CM,695
1549,3098.0,11.547863491361216,MASP2_Helo_CM,695
1550,3100.0,10.636666399780687,MASP2_Helo_CM,695
1551,3102.0,13.049716562521379,MASP2_Helo_CM,695
1552,3104.0,11.706163332306879,MASP2_Helo_CM,695
1553,3106.0,10.697629967597418,MASP2_Helo_CM,695
1554,3108.0,11.624259926385912,MASP2_Helo_CM,695
1555,3110.0,11.871283186818179,MASP2_Helo_CM,695
1556,3112.0,9.56387437842677,MASP2_Helo_CM,695
1557,3114.0,11.479107027977205,MASP2_Helo_CM,695
1558,3116.0,11.794664304251151,MASP2_Helo_CM,695
1559,3118.0,11.844208187609118,MASP2_Helo_CM,695
1560,3120.0,11.522357207081985,MASP2_Helo_CM,695
1561,3122.0,11.82836882371958,MASP2_Helo_CM,695
1562,3124.0,11.25283390927782,MASP2_Helo_CM,695
1563,3126.0,11.083042835344482,MASP2_Helo_CM,695
1564,3128.0,9.437467614228254,MASP2_Helo_CM,695
1565,3130.0,9.70936992451063,MASP2_Helo_CM,695
1566,3132.0,12.150513097492622,MASP2_Helo_CM,695
1567,3134.0,12.235846903237814,MASP2_Helo_CM,695
1568,3136.0,12.235849285539782,MASP2_Helo_CM,695
1569,3138.0,12.135073315882062,MASP2_Helo_CM,695
1570,3140.0,11.420827785548575,MASP2_Helo_CM,695
1571,3142.0,12.165337343632629,MASP2_Helo_CM,695
1572,3144.0,14.11113084436312,MASP2_Helo_CM,695
1573,3146.0,12.905037734171955,MASP2_Helo_CM,695
1574,3148.0,13.325456101357762,MASP2_Helo_CM,695
1575,3150.0,13.231642522527604,MASP2_Helo_CM,695
1576,3152.0,13.04168122493583,MASP2_Helo_CM,695
1577,3154.0,10.089902435815839,MASP2_Helo_CM,695
1578,3156.0,11.3541145600803,MASP2_Helo_CM,695
1579,3158.0,10.043483608815857,MASP2_Helo_CM,695
1580,3160.0,10.290074476732928,MASP2_Helo_CM,695
1581,3162.0,10.410798733256081,MASP2_Helo_CM,695
1582,3164.0,10.281483310446127,MASP2_Helo_CM,695
1583,3166.0,11.688526476641842,MASP2_Helo_CM,695
1584,3168.0,13.345717390592977,MASP2_Helo_CM,695
1585,3170.0,11.303486187287767,MASP2_Helo_CM,695
1586,3172.0,10.23894600192465,MASP2_Helo_CM,695
1587,3174.0,11.06248789221413,MASP2_Helo_CM,695
1588,3176.0,11.08963868086911,MASP2_Helo_CM,695
1589,3178.0,10.789330605393515,MASP2_Helo_CM,695
1590,3180.0,12.078473831985745,MASP2_Helo_CM,695
1591,3182.0,10.21371360462048,MASP2_Helo_CM,695
1592,3184.0,11.776317228277243,MASP2_Helo_CM,695
1593,3186.0,11.636177136161425,MASP2_Helo_CM,695
1594,3188.0,11.281777491283927,MASP2_Helo_CM,695
1595,3190.0,11.040228336231316,MASP2_Helo_CM,695
1596,3192.0,10.855056731987005,MASP2_Helo_CM,695
1597,3194.0,10.693602547440921,MASP2_Helo_CM,695
1598,3196.0,12.165415939873903,MASP2_Helo_CM,695
1599,3198.0,11.047991064007574,MASP2_Helo_CM,695
1600,3200.0,12.221548478374345,MASP2_Helo_CM,695
1601,3202.0,11.650784915976423,MASP2_Helo_CM,695
1602,3204.0,12.777958489438712,MASP2_Helo_CM,695
1603,3206.0,14.13308689495565,MASP2_Helo_CM,695
1604,3208.0,14.402973738173143,MASP2_Helo_CM,695
1605,3210.0,13.130203424580454,MASP2_Helo_CM,695
1606,3212.0,12.645361822559725,MASP2_Helo_CM,695
1607,3214.0,10.988881544710472,MASP2_Helo_CM,695
1608,3216.0,10.243151205616918,MASP2_Helo_CM,695
1609,3218.0,10.37862571104429,MASP2_Helo_CM,695
1610,3220.0,9.931860830950221,MASP2_Helo_CM,695
1611,3222.0,9.495178957890833,MASP2_Helo_CM,695
1612,3224.0,9.845619561245138,MASP2_Helo_CM,695
1613,3226.0,9.500539294087977,MASP2_Helo_CM,695
1614,3228.0,9.01613787350705,MASP2_Helo_CM,695
1615,3230.0,8.704446794432815,MASP2_Helo_CM,695
1616,3232.0,8.975858752706376,MASP2_Helo_CM,695
1617,3234.0,9.039441163905927,MASP2_Helo_CM,695
1618,3236.0,9.254668152283932,MASP2_Helo_CM,695
1619,3238.0,8.657030603202026,MASP2_Helo_CM,695
1620,3240.0,8.296260587397823,MASP2_Helo_CM,695
1621,3242.0,7.633625682880761,MASP2_Helo_CM,695
1622,3244.0,8.030010640445541,MASP2_Helo_CM,695
1623,3246.0,7.8889840562510996,MASP2_Helo_CM,695
1624,3248.0,7.7946077246072525,MASP2_Helo_CM,695
1625,3250.0,8.124471391331607,MASP2_Helo_CM,695
1626,3252.0,7.916793917169546,MASP2_Helo_CM,695
1627,3254.0,7.732460545681609,MASP2_Helo_CM,695
1628,3256.0,7.815317944704296,MASP2_Helo_CM,695
1629,3258.0,7.701244639643156,MASP2_Helo_CM,695
1630,3260.0,7.868420559420592,MASP2_Helo_CM,695
1631,3262.0,7.590702463887396,MASP2_Helo_CM,695
1632,3264.0,8.0437383090122,MASP2_Helo_CM,695
1633,3266.0,7.757535437399635,MASP2_Helo_CM,695
1634,3268.0,7.596944082915184,MASP2_Helo_CM,695
1635,3270.0,7.498414700485523,MASP2_Helo_CM,695
1636,3272.0,8.084990545243576,MASP2_Helo_CM,695
1637,3274.0,7.967391149181875,MASP2_Helo_CM,695
1638,3276.0,8.400435740263745,MASP2_Helo_CM,695
1639,3278.0,7.980581874999753,MASP2_Helo_CM,695
1640,3280.0,7.7597821204357444,MASP2_Helo_CM,695
1641,3282.0,7.677089717817825,MASP2_Helo_CM,695
1642,3284.0,8.091409229051914,MASP2_Helo_CM,695
1643,3286.0,7.762159374107807,MASP2_Helo_CM,695
1644,3288.0,7.720785404143894,MASP2_Helo_CM,695
1645,3290.0,7.358511078327576,MASP2_Helo_CM,695
1646,3292.0,7.573827785136433,MASP2_Helo_CM,695
1647,3294.0,7.607155945246537,MASP2_Helo_CM,695
1648,3296.0,7.830202117171782,MASP2_Helo_CM,695
1649,3298.0,7.789302393921819,MASP2_Helo_CM,695
1650,3300.0,7.441473834644161,MASP2_Helo_CM,695
1651,3302.0,7.782067330627776,MASP2_Helo_CM,695
1652,3304.0,7.579549820462254,MASP2_Helo_CM,695
1653,3306.0,7.781513960354631,MASP2_Helo_CM,695
1654,3308.0,7.777534065771595,MASP2_Helo_CM,695
1655,3310.0,7.440654620821814,MASP2_Helo_CM,695
1656,3312.0,7.550010229675156,MASP2_Helo_CM,695
1657,3314.0,7.673086967094401,MASP2_Helo_CM,695
1658,3316.0,8.094601282954043,MASP2_Helo_CM,695
1659,3318.0,7.772911850062312,MASP2_Helo_CM,695
1660,3320.0,7.569757549104043,MASP2_Helo_CM,695
1661,3322.0,7.654781296468545,MASP2_Helo_CM,695
1662,3324.0,7.881373826479848,MASP2_Helo_CM,695
1663,3326.0,7.57935747922288,MASP2_Helo_CM,695
1664,3328.0,8.250718489266003,MASP2_Helo_CM,695
1665,3330.0,8.756365572882217,MASP2_Helo_CM,695
1666,3332.0,8.75808479667701,MASP2_Helo_CM,695
1667,3334.0,8.231263885806374,MASP2_Helo_CM,695
1668,3336.0,7.767556440817395,MASP2_Helo_CM,695
1669,3338.0,7.486198646323386,MASP2_Helo_CM,695
1670,3340.0,7.879882710258119,MASP2_Helo_CM,695
1671,3342.0,7.690948594487598,MASP2_Helo_CM,695
1672,3344.0,7.947291697213392,MASP2_Helo_CM,695
1673,3346.0,7.465033314764393,MASP2_Helo_CM,695
1674,3348.0,7.5270886289238135,MASP2_Helo_CM,695
1675,3350.0,7.6323774663902455,MASP2_Helo_CM,695
1676,3352.0,7.7930394449108675,MASP2_Helo_CM,695
1677,3354.0,7.613657653111634,MASP2_Helo_CM,695
1678,3356.0,7.5011375673745775,MASP2_Helo_CM,695
1679,3358.0,7.915521829043491,MASP2_Helo_CM,695
1680,3360.0,8.032178375537672,MASP2_Helo_CM,695
1681,3362.0,7.709705290488477,MASP2_Helo_CM,695
1682,3364.0,7.6283636667542245,MASP2_Helo_CM,695
1683,3366.0,7.460852831254768,MASP2_Helo_CM,695
1684,3368.0,7.660539771317685,MASP2_Helo_CM,695
1685,3370.0,7.625297798114397,MASP2_Helo_CM,695
1686,3372.0,7.661013873265244,MASP2_Helo_CM,695
1687,3374.0,7.816537286552661,MASP2_Helo_CM,695
1688,3376.0,7.623036255518498,MASP2_Helo_CM,695
1689,3378.0,7.642111045582603,MASP2_Helo_CM,695
1690,3380.0,7.672094222452088,MASP2_Helo_CM,695
1691,3382.0,7.108591467442975,MASP2_Helo_CM,695
1692,3384.0,7.2980388780564285,MASP2_Helo_CM,695
1693,3386.0,7.18059749028936,MASP2_Helo_CM,695
1694,3388.0,7.791815491832968,MASP2_Helo_CM,695
1695,3390.0,7.1335397847212985,MASP2_Helo_CM,695
1696,3392.0,6.662618931443599,MASP2_Helo_CM,695
1697,3394.0,7.578523818358723,MASP2_Helo_CM,695
1698,3396.0,7.31262086447379,MASP2_Helo_CM,695
1699,3398.0,8.019041093023418,MASP2_Helo_CM,695
1700,3400.0,7.3183767737004635,MASP2_Helo_CM,695
1701,3402.0,7.869792671083945,MASP2_Helo_CM,695
1702,3404.0,7.617591438287787,MASP2_Helo_CM,695
1703,3406.0,9.228861105397733,MASP2_Helo_CM,695
1704,3408.0,9.659859226068269,MASP2_Helo_CM,695
1705,3410.0,8.409081151314126,MASP2_Helo_CM,695
1706,3412.0,8.961068288410285,MASP2_Helo_CM,695
1707,3414.0,7.723694768286026,MASP2_Helo_CM,695
1708,3416.0,8.80066387204361,MASP2_Helo_CM,695
1709,3418.0,8.055338685699747,MASP2_Helo_CM,695
1710,3420.0,9.128803590547058,MASP2_Helo_CM,695
1711,3422.0,9.406329173738838,MASP2_Helo_CM,695
1712,3424.0,9.489465813025319,MASP2_Helo_CM,695
1713,3426.0,9.382674503795215,MASP2_Helo_CM,695
1714,3428.0,8.841270995708584,MASP2_Helo_CM,695
1715,3430.0,9.172020602032301,MASP2_Helo_CM,695
1716,3432.0,8.145220756390218,MASP2_Helo_CM,695
1717,3434.0,9.590683323877311,MASP2_Helo_CM,695
1718,3436.0,11.549150653090884,MASP2_Helo_CM,695
1719,3438.0,11.217705634630951,MASP2_Helo_CM,695
1720,3440.0,12.266887726252595,MASP2_Helo_CM,695
1721,3442.0,12.043068626170633,MASP2_Helo_CM,695
1722,3444.0,12.412269905314947,MASP2_Helo_CM,695
1723,3446.0,11.565031079738473,MASP2_Helo_CM,695
1724,3448.0,10.999912605579542,MASP2_Helo_CM,695
1725,3450.0,11.725869631269498,MASP2_Helo_CM,695
1726,3452.0,13.72318890565411,MASP2_Helo_CM,695
1727,3454.0,13.492718169623966,MASP2_Helo_CM,695
1728,3456.0,12.349386846764572,MASP2_Helo_CM,695
1729,3458.0,11.020090047729779,MASP2_Helo_CM,695
1730,3460.0,11.037187981350229,MASP2_Helo_CM,695
1731,3462.0,12.112424738430454,MASP2_Helo_CM,695
1732,3464.0,14.002318928482595,MASP2_Helo_CM,695
1733,3466.0,13.65655877950755,MASP2_Helo_CM,695
1734,3468.0,15.95929258695472,MASP2_Helo_CM,695
1735,3470.0,14.51816169771378,MASP2_Helo_CM,695
1736,3472.0,14.701295525353965,MASP2_Helo_CM,695
1737,3474.0,10.76649825302856,MASP2_Helo_CM,695
1738,3476.0,12.823787740300775,MASP2_Helo_CM,695
1739,3478.0,12.326117414350742,MASP2_Helo_CM,695
1740,3480.0,12.061623748572366,MASP2_Helo_CM,695
1741,3482.0,14.803099010287736,MASP2_Helo_CM,695
1742,3484.0,14.196363770080882,MASP2_Helo_CM,695
1743,3486.0,12.389664979874366,MASP2_Helo_CM,695
1744,3488.0,14.645255384946145,MASP2_Helo_CM,695
1745,3490.0,14.97292572112712,MASP2_Helo_CM,695
1746,3492.0,14.21035977431101,MASP2_Helo_CM,695
1747,3494.0,16.07162051225224,MASP2_Helo_CM,695
1748,3496.0,15.255891008660731,MASP2_Helo_CM,695
1749,3498.0,12.370649232394499,MASP2_Helo_CM,695
1750,3500.0,13.217765370091444,MASP2_Helo_CM,695
1751,3502.0,11.85749948766662,MASP2_Helo_CM,695
1752,3504.0,13.449993809362448,MASP2_Helo_CM,695
1753,3506.0,10.995090208809346,MASP2_Helo_CM,695
1754,3508.0,10.208038988608328,MASP2_Helo_CM,695
1755,3510.0,11.516018005086751,MASP2_Helo_CM,695
1756,3512.0,10.481305366456127,MASP2_Helo_CM,695
1757,3514.0,9.155443659365323,MASP2_Helo_CM,695
1758,3516.0,10.479106976692448,MASP2_Helo_CM,695
1759,3518.0,9.658877948855029,MASP2_Helo_CM,695
1760,3520.0,9.60991355798445,MASP2_Helo_CM,695
1761,3522.0,9.851498608892753,MASP2_Helo_CM,695
1762,3524.0,9.087937636690375,MASP2_Helo_CM,695
1763,3526.0,9.672702240509661,MASP2_Helo_CM,695
1764,3528.0,9.784109478992145,MASP2_Helo_CM,695
1765,3530.0,9.780257226855177,MASP2_Helo_CM,695
1766,3532.0,10.759967899322893,MASP2_Helo_CM,695
1767,3534.0,9.544950634260491,MASP2_Helo_CM,695
1768,3536.0,9.116988187733748,MASP2_Helo_CM,695
1769,3538.0,9.035473000263028,MASP2_Helo_CM,695
1770,3540.0,10.163980381861249,MASP2_Helo_CM,695
1771,3542.0,10.15477835241454,MASP2_Helo_CM,695
1772,3544.0,9.716142446205536,MASP2_Helo_CM,695
1773,3546.0,11.336918252422217,MASP2_Helo_CM,695
1774,3548.0,9.886816289830001,MASP2_Helo_CM,695
1775,3550.0,9.14550364369156,MASP2_Helo_CM,695
1776,3552.0,9.644018086939992,MASP2_Helo_CM,695
1777,3554.0,10.080111839765614,MASP2_Helo_CM,695
1778,3556.0,9.288080613671148,MASP2_Helo_CM,695
1779,3558.0,10.999026399472044,MASP2_Helo_CM,695
1780,3560.0,9.704544376696735,MASP2_Helo_CM,695
1781,3562.0,10.933271020857505,MASP2_Helo_CM,695
1782,3564.0,9.481292512240811,MASP2_Helo_CM,695
1783,3566.0,8.958056504276326,MASP2_Helo_CM,695
1784,3568.0,8.851792570495267,MASP2_Helo_CM,695
1785,3570.0,8.664930083794221,MASP2_Helo_CM,695
1786,3572.0,10.389555522019947,MASP2_Helo_CM,695
1787,3574.0,9.504772830949618,MASP2_Helo_CM,695
1788,3576.0,10.911565912884575,MASP2_Helo_CM,695
1789,3578.0,11.773045420694132,MASP2_Helo_CM,695
1790,3580.0,11.637094613974204,MASP2_Helo_CM,695
1791,3582.0,12.288834378827506,MASP2_Helo_CM,695
1792,3584.0,11.156850164752466,MASP2_Helo_CM,695
1793,3586.0,12.061756087094953,MASP2_Helo_CM,695
1794,3588.0,13.758134894511251,MASP2_Helo_CM,695
1795,3590.0,12.25604670830433,MASP2_Helo_CM,695
1796,3592.0,12.543998475638197,MASP2_Helo_CM,695
1797,3594.0,13.505264094459552,MASP2_Helo_CM,695
1798,3596.0,12.335024183994687,MASP2_Helo_CM,695
1799,3598.0,11.320818223386093,MASP2_Helo_CM,695
1800,3600.0,13.456225100143458,MASP2_Helo_CM,695
1801,3602.0,12.24337692021674,MASP2_Helo_CM,695
1802,3604.0,12.801085145706171,MASP2_Helo_CM,695
1803,3606.0,15.313279827172627,MASP2_Helo_CM,695
1804,3608.0,12.718268452667013,MASP2_Helo_CM,695
1805,3610.0,14.215180502536112,MASP2_Helo_CM,695
1806,3612.0,14.330497810931536,MASP2_Helo_CM,695
1807,3614.0,13.595707332400245,MASP2_Helo_CM,695
1808,3616.0,14.156165385846288,MASP2_Helo_CM,695
1809,3618.0,14.929810463784749,MASP2_Helo_CM,695
1810,3620.0,13.625321063648705,MASP2_Helo_CM,695
1811,3622.0,16.868259650259922,MASP2_Helo_CM,695
1812,3624.0,16.783127267584177,MASP2_Helo_CM,695
1813,3626.0,17.029829963630622,MASP2_Helo_CM,695
1814,3628.0,16.3307940716273,MASP2_Helo_CM,695
1815,3630.0,17.50011607097101,MASP2_Helo_CM,695
1816,3632.0,17.93153179269192,MASP2_Helo_CM,695
1817,3634.0,16.995651839807095,MASP2_Helo_CM,695
1818,3636.0,15.946679821566562,MASP2_Helo_CM,695
1819,3638.0,15.97275482257318,MASP2_Helo_CM,695
1820,3640.0,17.258968274950128,MASP2_Helo_CM,695
1821,3642.0,18.326415991558406,MASP2_Helo_CM,695
1822,3644.0,18.86394943075952,MASP2_Helo_CM,695
1823,3646.0,18.629172812394486,MASP2_Helo_CM,695
1824,3648.0,17.926173639046578,MASP2_Helo_CM,695
1825,3650.0,16.25910965564814,MASP2_Helo_CM,695
1826,3652.0,17.26356732504401,MASP2_Helo_CM,695
1827,3654.0,17.689247370152405,MASP2_Helo_CM,695
1828,3656.0,16.2504891009752,MASP2_Helo_CM,695
1829,3658.0,16.736975821036538,MASP2_Helo_CM,695
1830,3660.0,16.513652838367236,MASP2_Helo_CM,695
1831,3662.0,16.735663999977984,MASP2_Helo_CM,695
1832,3664.0,15.816549623971799,MASP2_Helo_CM,695
1833,3666.0,16.774967403431692,MASP2_Helo_CM,695
1834,3668.0,16.997547894045372,MASP2_Helo_CM,695
1835,3670.0,18.013323715874506,MASP2_Helo_CM,695
1836,3672.0,16.108969613320568,MASP2_Helo_CM,695
1837,3674.0,18.0825003983546,MASP2_Helo_CM,695
1838,3676.0,17.045068632971088,MASP2_Helo_CM,695
1839,3678.0,18.67997296230711,MASP2_Helo_CM,695
1840,3680.0,19.103445747834293,MASP2_Helo_CM,695
1841,3682.0,18.665594393450025,MASP2_Helo_CM,695
1842,3684.0,17.838871072481908,MASP2_Helo_CM,695
1843,3686.0,18.511773110229772,MASP2_Helo_CM,695
1844,3688.0,19.361253724034174,MASP2_Helo_CM,695
1845,3690.0,19.959695695038207,MASP2_Helo_CM,695
1846,3692.0,19.75110622690971,MASP2_Helo_CM,695
1847,3694.0,19.46981586991718,MASP2_Helo_CM,695
1848,3696.0,19.168717672239016,MASP2_Helo_CM,695
1849,3698.0,17.18974691929139,MASP2_Helo_CM,695
1850,3700.0,18.579102930579264,MASP2_Helo_CM,695
1851,3702.0,18.85283750055511,MASP2_Helo_CM,695
1852,3704.0,18.497938876438756,MASP2_Helo_CM,695
1853,3706.0,15.884132111945505,MASP2_Helo_CM,695
1854,3708.0,19.001479309117624,MASP2_Helo_CM,695
1855,3710.0,18.461516433635605,MASP2_Helo_CM,695
1856,3712.0,18.268292624000814,MASP2_Helo_CM,695
1857,3714.0,17.326227211194528,MASP2_Helo_CM,695
1858,3716.0,18.80113138958247,MASP2_Helo_CM,695
1859,3718.0,19.32002909681764,MASP2_Helo_CM,695
1860,3720.0,19.940860525602503,MASP2_Helo_CM,695
1861,3722.0,20.403539112885085,MASP2_Helo_CM,695
1862,3724.0,18.863190977088543,MASP2_Helo_CM,695
1863,3726.0,17.62374185991539,MASP2_Helo_CM,695
1864,3728.0,17.8099371756397,MASP2_Helo_CM,695
1865,3730.0,18.312149775256167,MASP2_Helo_CM,695
1866,3732.0,14.513925926081441,MASP2_Helo_CM,695
1867,3734.0,13.138528354378169,MASP2_Helo_CM,695
1868,3736.0,15.94761795770195,MASP2_Helo_CM,695
1869,3738.0,16.490282620541286,MASP2_Helo_CM,695
1870,3740.0,15.04696476862133,MASP2_Helo_CM,695
1871,3742.0,14.495137081158086,MASP2_Helo_CM,695
1872,3744.0,14.983665216470337,MASP2_Helo_CM,695
1873,3746.0,13.781203705947451,MASP2_Helo_CM,695
1874,3748.0,12.883897117820354,MASP2_Helo_CM,695
1875,3750.0,15.784427342364983,MASP2_Helo_CM,695
1876,3752.0,16.17155529502157,MASP2_Helo_CM,695
1877,3754.0,15.994998237140182,MASP2_Helo_CM,695
1878,3756.0,16.73313342677155,MASP2_Helo_CM,695
1879,3758.0,14.3362057812885,MASP2_Helo_CM,695
1880,3760.0,14.618798036373432,MASP2_Helo_CM,695
1881,3762.0,14.108341749534574,MASP2_Helo_CM,695
1882,3764.0,16.504541468731926,MASP2_Helo_CM,695
1883,3766.0,15.396396132903584,MASP2_Helo_CM,695
1884,3768.0,14.16224488781895,MASP2_Helo_CM,695
1885,3770.0,16.691741296128438,MASP2_Helo_CM,695
1886,3772.0,17.806834621068226,MASP2_Helo_CM,695
1887,3774.0,17.42407274265537,MASP2_Helo_CM,695
1888,3776.0,17.07848085858156,MASP2_Helo_CM,695
1889,3778.0,18.044530043209228,MASP2_Helo_CM,695
1890,3780.0,17.927895788627396,MASP2_Helo_CM,695
1891,3782.0,17.53591692393837,MASP2_Helo_CM,695
1892,3784.0,17.23206229627095,MASP2_Helo_CM,695
1893,3786.0,16.292967566188977,MASP2_Helo_CM,695
1894,3788.0,14.978860669093775,MASP2_Helo_CM,695
1895,3790.0,16.48764237085639,MASP2_Helo_CM,695
1896,3792.0,14.684999642562483,MASP2_Helo_CM,695
1897,3794.0,17.34240340443819,MASP2_Helo_CM,695
1898,3796.0,15.790763613342818,MASP2_Helo_CM,695
1899,3798.0,15.819609920311063,MASP2_Helo_CM,695
1900,3800.0,15.862009671292803,MASP2_Helo_CM,695
1901,3802.0,15.372031840152546,MASP2_Helo_CM,695
1902,3804.0,14.077093046343341,MASP2_Helo_CM,695
1903,3806.0,13.456549196211462,MASP2_Helo_CM,695
1904,3808.0,14.679734011033386,MASP2_Helo_CM,695
1905,3810.0,13.158212909816344,MASP2_Helo_CM,695
1906,3812.0,13.721784961893666,MASP2_Helo_CM,695
1907,3814.0,14.59684652736485,MASP2_Helo_CM,695
1908,3816.0,12.998127950375002,MASP2_Helo_CM,695
1909,3818.0,13.327400256258128,MASP2_Helo_CM,695
1910,3820.0,12.880792789424106,MASP2_Helo_CM,695
1911,3822.0,12.365217883907366,MASP2_Helo_CM,695
1912,3824.0,12.926883574519701,MASP2_Helo_CM,695
1913,3826.0,13.488400145686878,MASP2_Helo_CM,695
1914,3828.0,12.760906839615417,MASP2_Helo_CM,695
1915,3830.0,14.150827200893938,MASP2_Helo_CM,695
1916,3832.0,14.125402017908126,MASP2_Helo_CM,695
1917,3834.0,13.852663883921245,MASP2_Helo_CM,695
1918,3836.0,15.175936239063233,MASP2_Helo_CM,695
1919,3838.0,14.260060821487444,MASP2_Helo_CM,695
1920,3840.0,13.422121956871498,MASP2_Helo_CM,695
1921,3842.0,16.00384863582611,MASP2_Helo_CM,695
1922,3844.0,13.540946163295144,MASP2_Helo_CM,695
1923,3846.0,14.665427311642015,MASP2_Helo_CM,695
1924,3848.0,13.387806857149204,MASP2_Helo_CM,695
1925,3850.0,17.090895176254456,MASP2_Helo_CM,695
1926,3852.0,18.674356185851735,MASP2_Helo_CM,695
1927,3854.0,18.683935800785076,MASP2_Helo_CM,695
1928,3856.0,16.863424841310813,MASP2_Helo_CM,695
1929,3858.0,18.121765835689622,MASP2_Helo_CM,695
1930,3860.0,16.856638323933478,MASP2_Helo_CM,695
1931,3862.0,15.399049143915166,MASP2_Helo_CM,695
1932,3864.0,16.182739872917516,MASP2_Helo_CM,695
1933,3866.0,15.471036668621778,MASP2_Helo_CM,695
1934,3868.0,16.00308104876446,MASP2_Helo_CM,695
1935,3870.0,14.809098745141188,MASP2_Helo_CM,695
1936,3872.0,13.980581706033462,MASP2_Helo_CM,695
1937,3874.0,15.254520757801002,MASP2_Helo_CM,695
1938,3876.0,15.747672837078794,MASP2_Helo_CM,695
1939,3878.0,14.108776351939168,MASP2_Helo_CM,695
1940,3880.0,12.900522391914576,MASP2_Helo_CM,695
1941,3882.0,11.58242245739139,MASP2_Helo_CM,695
1942,3884.0,12.822989690736776,MASP2_Helo_CM,695
1943,3886.0,12.485788476721343,MASP2_Helo_CM,695
1944,3888.0,12.912370248132817,MASP2_Helo_CM,695
1945,3890.0,13.470211661715462,MASP2_Helo_CM,695
1946,3892.0,11.756973501322012,MASP2_Helo_CM,695
1947,3894.0,11.97454965295089,MASP2_Helo_CM,695
1948,3896.0,13.403212557649395,MASP2_Helo_CM,695
1949,3898.0,13.04441374623208,MASP2_Helo_CM,695
1950,3900.0,12.069699265910582,MASP2_Helo_CM,695
1951,3902.0,14.557053772224696,MASP2_Helo_CM,695
1952,3904.0,14.443638407279836,MASP2_Helo_CM,695
1953,3906.0,12.002605227079535,MASP2_Helo_CM,695
1954,3908.0,10.808794120112761,MASP2_Helo_CM,695
1955,3910.0,10.263244990971161,MASP2_Helo_CM,695
1956,3912.0,12.511540814637812,MASP2_Helo_CM,695
1957,3914.0,14.644435953204658,MASP2_Helo_CM,695
1958,3916.0,14.816576588970383,MASP2_Helo_CM,695
1959,3918.0,14.3021371686133,MASP2_Helo_CM,695
1960,3920.0,17.031608106083326,MASP2_Helo_CM,695
1961,3922.0,16.305836775416452,MASP2_Helo_CM,695
1962,3924.0,16.058544527549813,MASP2_Helo_CM,695
1963,3926.0,14.941006868409476,MASP2_Helo_CM,695
1964,3928.0,14.59246205278802,MASP2_Helo_CM,695
1965,3930.0,14.886974240255915,MASP2_Helo_CM,695
1966,3932.0,14.62101790532702,MASP2_Helo_CM,695
1967,3934.0,15.49223232338759,MASP2_Helo_CM,695
1968,3936.0,14.55362883940252,MASP2_Helo_CM,695
1969,3938.0,12.564815462594733,MASP2_Helo_CM,695
1970,3940.0,13.416774775659256,MASP2_Helo_CM,695
1971,3942.0,12.877861219633466,MASP2_Helo_CM,695
1972,3944.0,12.729149928464711,MASP2_Helo_CM,695
1973,3946.0,12.246322622211272,MASP2_Helo_CM,695
1974,3948.0,11.023710186884099,MASP2_Helo_CM,695
1975,3950.0,14.416971930669348,MASP2_Helo_CM,695
1976,3952.0,13.66306404479018,MASP2_Helo_CM,695
1977,3954.0,13.652137160890504,MASP2_Helo_CM,695
1978,3956.0,12.067434456712151,MASP2_Helo_CM,695
1979,3958.0,12.951331674441514,MASP2_Helo_CM,695
1980,3960.0,12.500190135327566,MASP2_Helo_CM,695
1981,3962.0,12.04017266345256,MASP2_Helo_CM,695
1982,3964.0,12.50384547122212,MASP2_Helo_CM,695
1983,3966.0,13.425838679359591,MASP2_Helo_CM,695
1984,3968.0,14.996305833740578,MASP2_Helo_CM,695
1985,3970.0,14.056896547479724,MASP2_Helo_CM,695
1986,3972.0,13.777302427193566,MASP2_Helo_CM,695
1987,3974.0,13.055658924372445,MASP2_Helo_CM,695
1988,3976.0,14.115500174274679,MASP2_Helo_CM,695
1989,3978.0,14.47065072087009,MASP2_Helo_CM,695
1990,3980.0,13.674407936285467,MASP2_Helo_CM,695
1991,3982.0,15.527968985242229,MASP2_Helo_CM,695
1992,3984.0,15.591753096896838,MASP2_Helo_CM,695
1993,3986.0,15.518862293683162,MASP2_Helo_CM,695
1994,3988.0,14.867579329881352,MASP2_Helo_CM,695
1995,3990.0,15.857336514572218,MASP2_Helo_CM,695
1996,3992.0,14.881858129132501,MASP2_Helo_CM,695
1997,3994.0,14.482288020319174,MASP2_Helo_CM,695
1998,3996.0,15.18880850500481,MASP2_Helo_CM,695
1999,3998.0,14.323293862177534,MASP2_Helo_CM,695
2000,4000.0,14.986803625214547,MASP2_Helo_CM,695
2001,4002.0,14.565986915420384,MASP2_Helo_CM,695
2002,4004.0,14.85037357210295,MASP2_Helo_CM,695
2003,4006.0,14.015718611659654,MASP2_Helo_CM,695
2004,4008.0,13.148292679787856,MASP2_Helo_CM,695
2005,4010.0,15.870583710924118,MASP2_Helo_CM,695
2006,4012.0,15.58417623991853,MASP2_Helo_CM,695
2007,4014.0,16.34649837224133,MASP2_Helo_CM,695
2008,4016.0,15.802306173987791,MASP2_Helo_CM,695
2009,4018.0,16.40556188237444,MASP2_Helo_CM,695
2010,4020.0,14.99647926364686,MASP2_Helo_CM,695
2011,4022.0,14.355500682759967,MASP2_Helo_CM,695
2012,4024.0,15.329491103205898,MASP2_Helo_CM,695
2013,4026.0,12.94357140731561,MASP2_Helo_CM,695
2014,4028.0,14.637082813994496,MASP2_Helo_CM,695
2015,4030.0,14.832671755269665,MASP2_Helo_CM,695
2016,4032.0,14.015297320797542,MASP2_Helo_CM,695
2017,4034.0,16.236417759329914,MASP2_Helo_CM,695
2018,4036.0,16.083574738132743,MASP2_Helo_CM,695
2019,4038.0,14.022166707263246,MASP2_Helo_CM,695
2020,4040.0,15.278280240720283,MASP2_Helo_CM,695
2021,4042.0,14.375597117300071,MASP2_Helo_CM,695
2022,4044.0,16.67466949180686,MASP2_Helo_CM,695
2023,4046.0,14.355659129937125,MASP2_Helo_CM,695
2024,4048.0,12.974754160417191,MASP2_Helo_CM,695
2025,4050.0,12.35348455921055,MASP2_Helo_CM,695
2026,4052.0,12.41804940713894,MASP2_Helo_CM,695
2027,4054.0,11.559672384118631,MASP2_Helo_CM,695
2028,4056.0,11.859746912517268,MASP2_Helo_CM,695
2029,4058.0,11.861937101330689,MASP2_Helo_CM,695
2030,4060.0,11.470475925748111,MASP2_Helo_CM,695
2031,4062.0,12.452448765667732,MASP2_Helo_CM,695
2032,4064.0,12.647215810193348,MASP2_Helo_CM,695
2033,4066.0,11.494348318280975,MASP2_Helo_CM,695
2034,4068.0,11.277700728908242,MASP2_Helo_CM,695
2035,4070.0,11.93563153628378,MASP2_Helo_CM,695
2036,4072.0,12.754349423613439,MASP2_Helo_CM,695
2037,4074.0,11.419400401343154,MASP2_Helo_CM,695
2038,4076.0,12.170148809879285,MASP2_Helo_CM,695
2039,4078.0,10.977079187652546,MASP2_Helo_CM,695
2040,4080.0,11.404615858798334,MASP2_Helo_CM,695
2041,4082.0,12.616898155169565,MASP2_Helo_CM,695
2042,4084.0,13.894480064234488,MASP2_Helo_CM,695
2043,4086.0,12.56145558756525,MASP2_Helo_CM,695
2044,4088.0,12.80919533763418,MASP2_Helo_CM,695
2045,4090.0,13.629543244979052,MASP2_Helo_CM,695
2046,4092.0,14.583276210093933,MASP2_Helo_CM,695
2047,4094.0,14.665191655106982,MASP2_Helo_CM,695
2048,4096.0,13.901353302200134,MASP2_Helo_CM,695
2049,4098.0,12.246566610257563,MASP2_Helo_CM,695
2050,4100.0,14.572139104462204,MASP2_Helo_CM,695
2051,4102.0,14.700620391679522,MASP2_Helo_CM,695
2052,4104.0,13.762471237693239,MASP2_Helo_CM,695
2053,4106.0,14.284990027911096,MASP2_Helo_CM,695
2054,4108.0,14.960118719600713,MASP2_Helo_CM,695
2055,4110.0,13.491571879851875,MASP2_Helo_CM,695
2056,4112.0,14.680609031974067,MASP2_Helo_CM,695
2057,4114.0,13.606354944435363,MASP2_Helo_CM,695
2058,4116.0,12.743394331268748,MASP2_Helo_CM,695
2059,4118.0,14.335633135762494,MASP2_Helo_CM,695
2060,4120.0,14.207099648617538,MASP2_Helo_CM,695
2061,4122.0,14.573281483776563,MASP2_Helo_CM,695
2062,4124.0,13.252828181657224,MASP2_Helo_CM,695
2063,4126.0,13.714054785589624,MASP2_Helo_CM,695
2064,4128.0,14.573255820911914,MASP2_Helo_CM,695
2065,4130.0,14.561174933110577,MASP2_Helo_CM,695
2066,4132.0,14.743543071908048,MASP2_Helo_CM,695
2067,4134.0,9.577617584673655,MASP2_Helo_CM,695
2068,4136.0,9.796317789285846,MASP2_Helo_CM,695
2069,4138.0,9.756544387906969,MASP2_Helo_CM,695
2070,4140.0,9.73528779507649,MASP2_Helo_CM,695
2071,4142.0,9.613204702997423,MASP2_Helo_CM,695
2072,4144.0,11.82445254975152,MASP2_Helo_CM,695
2073,4146.0,10.85347199413015,MASP2_Helo_CM,695
2074,4148.0,12.178679897779729,MASP2_Helo_CM,695
2075,4150.0,12.600968882498407,MASP2_Helo_CM,695
2076,4152.0,13.888749281270943,MASP2_Helo_CM,695
2077,4154.0,15.1618795676499,MASP2_Helo_CM,695
2078,4156.0,16.392331923163624,MASP2_Helo_CM,695
2079,4158.0,15.801345794157317,MASP2_Helo_CM,695
2080,4160.0,16.243772654031716,MASP2_Helo_CM,695
2081,4162.0,14.909967774248209,MASP2_Helo_CM,695
2082,4164.0,16.296992261733944,MASP2_Helo_CM,695
2083,4166.0,16.07266249608137,MASP2_Helo_CM,695
2084,4168.0,15.636914403921203,MASP2_Helo_CM,695
2085,4170.0,14.124119747672864,MASP2_Helo_CM,695
2086,4172.0,16.47060256479982,MASP2_Helo_CM,695
2087,4174.0,15.584148236987543,MASP2_Helo_CM,695
2088,4176.0,15.27501579038161,MASP2_Helo_CM,695
2089,4178.0,16.29821565685934,MASP2_Helo_CM,695
2090,4180.0,15.669333070897256,MASP2_Helo_CM,695
2091,4182.0,15.764060674320197,MASP2_Helo_CM,695
2092,4184.0,16.498080333427286,MASP2_Helo_CM,695
2093,4186.0,16.1429578443076,MASP2_Helo_CM,695
2094,4188.0,15.17865308732372,MASP2_Helo_CM,695
2095,4190.0,12.615165352311935,MASP2_Helo_CM,695
2096,4192.0,14.9870074298807,MASP2_Helo_CM,695
2097,4194.0,13.238843480402362,MASP2_Helo_CM,695
2098,4196.0,14.455621582867273,MASP2_Helo_CM,695
2099,4198.0,14.044022186024174,MASP2_Helo_CM,695
2100,4200.0,13.77613320386792,MASP2_Helo_CM,695
2101,4202.0,14.070802088907776,MASP2_Helo_CM,695
2102,4204.0,15.311017117654107,MASP2_Helo_CM,695
2103,4206.0,15.47328051553638,MASP2_Helo_CM,695
2104,4208.0,14.095454757932442,MASP2_Helo_CM,695
2105,4210.0,15.780029265015719,MASP2_Helo_CM,695
2106,4212.0,16.272827080633068,MASP2_Helo_CM,695
2107,4214.0,15.92505257964328,MASP2_Helo_CM,695
2108,4216.0,14.615259925500505,MASP2_Helo_CM,695
2109,4218.0,14.119084687087284,MASP2_Helo_CM,695
2110,4220.0,14.095492384559119,MASP2_Helo_CM,695
2111,4222.0,13.693911582903684,MASP2_Helo_CM,695
2112,4224.0,13.586113012341192,MASP2_Helo_CM,695
2113,4226.0,13.322609466375269,MASP2_Helo_CM,695
2114,4228.0,13.93737307967277,MASP2_Helo_CM,695
2115,4230.0,14.0635926809248,MASP2_Helo_CM,695
2116,4232.0,13.475556808397819,MASP2_Helo_CM,695
2117,4234.0,13.653916040003717,MASP2_Helo_CM,695
2118,4236.0,14.385229366133242,MASP2_Helo_CM,695
2119,4238.0,13.160598817491291,MASP2_Helo_CM,695
2120,4240.0,11.924070418300209,MASP2_Helo_CM,695
2121,4242.0,13.131446590633896,MASP2_Helo_CM,695
2122,4244.0,14.073090535361095,MASP2_Helo_CM,695
2123,4246.0,14.52485953734386,MASP2_Helo_CM,695
2124,4248.0,14.605937531242889,MASP2_Helo_CM,695
2125,4250.0,14.411279487693779,MASP2_Helo_CM,695
2126,4252.0,12.609513308801498,MASP2_Helo_CM,695
2127,4254.0,14.315657600456444,MASP2_Helo_CM,695
2128,4256.0,14.297379858389087,MASP2_Helo_CM,695
2129,4258.0,12.867838065735565,MASP2_Helo_CM,695
2130,4260.0,12.5051935352546,MASP2_Helo_CM,695
2131,4262.0,11.92067364096448,MASP2_Helo_CM,695
2132,4264.0,11.9999450289742,MASP2_Helo_CM,695
2133,4266.0,12.945910799982956,MASP2_Helo_CM,695
2134,4268.0,13.230584343812026,MASP2_Helo_CM,695
2135,4270.0,13.584229522247583,MASP2_Helo_CM,695
2136,4272.0,14.648003575868675,MASP2_Helo_CM,695
2137,4274.0,13.513691824283766,MASP2_Helo_CM,695
2138,4276.0,14.048679012932269,MASP2_Helo_CM,695
2139,4278.0,12.939500809903794,MASP2_Helo_CM,695
2140,4280.0,13.561781366167178,MASP2_Helo_CM,695
2141,4282.0,13.270776259623233,MASP2_Helo_CM,695
2142,4284.0,13.72359553768687,MASP2_Helo_CM,695
2143,4286.0,15.340811454290048,MASP2_Helo_CM,695
2144,4288.0,14.126735840296424,MASP2_Helo_CM,695
2145,4290.0,14.074359467450021,MASP2_Helo_CM,695
2146,4292.0,14.32844083407163,MASP2_Helo_CM,695
2147,4294.0,11.667361440433334,MASP2_Helo_CM,695
2148,4296.0,10.743868760370512,MASP2_Helo_CM,695
2149,4298.0,12.724582379812567,MASP2_Helo_CM,695
2150,4300.0,14.000890982649565,MASP2_Helo_CM,695
2151,4302.0,12.729881836478574,MASP2_Helo_CM,695
2152,4304.0,13.762874005324091,MASP2_Helo_CM,695
2153,4306.0,13.919764216221012,MASP2_Helo_CM,695
2154,4308.0,15.616168424299078,MASP2_Helo_CM,695
2155,4310.0,15.87454187639827,MASP2_Helo_CM,695
2156,4312.0,15.724091126319383,MASP2_Helo_CM,695
2157,4314.0,15.567419817577916,MASP2_Helo_CM,695
2158,4316.0,15.99184122354261,MASP2_Helo_CM,695
2159,4318.0,15.76976247144343,MASP2_Helo_CM,695
2160,4320.0,14.92783565271073,MASP2_Helo_CM,695
2161,4322.0,16.363003374912243,MASP2_Helo_CM,695
2162,4324.0,16.910304244371776,MASP2_Helo_CM,695
2163,4326.0,15.912135654856733,MASP2_Helo_CM,695
2164,4328.0,15.166256530308894,MASP2_Helo_CM,695
2165,4330.0,12.397228779491678,MASP2_Helo_CM,695
2166,4332.0,10.245210209590924,MASP2_Helo_CM,695
2167,4334.0,12.724660753461489,MASP2_Helo_CM,695
2168,4336.0,11.213017355276428,MASP2_Helo_CM,695
2169,4338.0,11.221656257371798,MASP2_Helo_CM,695
2170,4340.0,11.658208500479772,MASP2_Helo_CM,695
2171,4342.0,13.455817871915315,MASP2_Helo_CM,695
2172,4344.0,13.936562883631375,MASP2_Helo_CM,695
2173,4346.0,13.646186006295109,MASP2_Helo_CM,695
2174,4348.0,13.534093808385416,MASP2_Helo_CM,695
2175,4350.0,13.106395946156011,MASP2_Helo_CM,695
2176,4352.0,12.217544994970867,MASP2_Helo_CM,695
2177,4354.0,13.8507686959722,MASP2_Helo_CM,695
2178,4356.0,14.327990353751595,MASP2_Helo_CM,695
2179,4358.0,14.123865449819839,MASP2_Helo_CM,695
2180,4360.0,14.778590538610766,MASP2_Helo_CM,695
2181,4362.0,13.33338201001848,MASP2_Helo_CM,695
2182,4364.0,14.935490541975561,MASP2_Helo_CM,695
2183,4366.0,14.704106684705213,MASP2_Helo_CM,695
2184,4368.0,16.444182576115168,MASP2_Helo_CM,695
2185,4370.0,14.460043206424624,MASP2_Helo_CM,695
2186,4372.0,13.393522346080298,MASP2_Helo_CM,695
2187,4374.0,14.977570556779817,MASP2_Helo_CM,695
2188,4376.0,13.354308883043048,MASP2_Helo_CM,695
2189,4378.0,12.073772390212026,MASP2_Helo_CM,695
2190,4380.0,11.229198525042147,MASP2_Helo_CM,695
2191,4382.0,11.190422235983466,MASP2_Helo_CM,695
2192,4384.0,10.236434545986615,MASP2_Helo_CM,695
2193,4386.0,11.79377301494395,MASP2_Helo_CM,695
2194,4388.0,12.544890307459061,MASP2_Helo_CM,695
2195,4390.0,11.31345265451442,MASP2_Helo_CM,695
2196,4392.0,11.983310567427576,MASP2_Helo_CM,695
2197,4394.0,12.180980868485403,MASP2_Helo_CM,695
2198,4396.0,12.80778012877479,MASP2_Helo_CM,695
2199,4398.0,11.900140050639754,MASP2_Helo_CM,695
2200,4400.0,11.929354410018844,MASP2_Helo_CM,695
2201,4402.0,12.725872019834359,MASP2_Helo_CM,695
2202,4404.0,13.27727731472514,MASP2_Helo_CM,695
2203,4406.0,12.964635862662352,MASP2_Helo_CM,695
2204,4408.0,13.130661201636103,MASP2_Helo_CM,695
2205,4410.0,11.810603222680562,MASP2_Helo_CM,695
2206,4412.0,13.10697680016848,MASP2_Helo_CM,695
2207,4414.0,13.082339159437847,MASP2_Helo_CM,695
2208,4416.0,13.75685203823692,MASP2_Helo_CM,695
2209,4418.0,13.62396238915221,MASP2_Helo_CM,695
2210,4420.0,13.770217001720624,MASP2_Helo_CM,695
2211,4422.0,13.531481025327684,MASP2_Helo_CM,695
2212,4424.0,13.33831946334224,MASP2_Helo_CM,695
2213,4426.0,13.896186903867113,MASP2_Helo_CM,695
2214,4428.0,13.418279453743889,MASP2_Helo_CM,695
2215,4430.0,14.531663019517222,MASP2_Helo_CM,695
2216,4432.0,14.820958156781362,MASP2_Helo_CM,695
2217,4434.0,14.250553638948926,MASP2_Helo_CM,695
2218,4436.0,12.501720161405482,MASP2_Helo_CM,695
2219,4438.0,13.466342590549173,MASP2_Helo_CM,695
2220,4440.0,13.355085555518258,MASP2_Helo_CM,695
2221,4442.0,13.842334683230268,MASP2_Helo_CM,695
2222,4444.0,14.048563793382796,MASP2_Helo_CM,695
2223,4446.0,13.649031113198964,MASP2_Helo_CM,695
2224,4448.0,14.214609411111516,MASP2_Helo_CM,695
2225,4450.0,14.983186833726329,MASP2_Helo_CM,695
2226,4452.0,13.741786981158617,MASP2_Helo_CM,695
2227,4454.0,14.253199444537456,MASP2_Helo_CM,695
2228,4456.0,13.503227000142068,MASP2_Helo_CM,695
2229,4458.0,14.100420383001346,MASP2_Helo_CM,695
2230,4460.0,13.873274117772764,MASP2_Helo_CM,695
2231,4462.0,14.620438849662172,MASP2_Helo_CM,695
2232,4464.0,13.656669979828807,MASP2_Helo_CM,695
2233,4466.0,13.063024559977206,MASP2_Helo_CM,695
2234,4468.0,12.63473536734742,MASP2_Helo_CM,695
2235,4470.0,13.926637751284414,MASP2_Helo_CM,695
2236,4472.0,14.256373450646826,MASP2_Helo_CM,695
2237,4474.0,14.180118293709546,MASP2_Helo_CM,695
2238,4476.0,13.151708333238622,MASP2_Helo_CM,695
2239,4478.0,12.28950759207032,MASP2_Helo_CM,695
2240,4480.0,13.72138210279049,MASP2_Helo_CM,695
2241,4482.0,12.72642651415412,MASP2_Helo_CM,695
2242,4484.0,13.076029835001188,MASP2_Helo_CM,695
2243,4486.0,13.034107079444608,MASP2_Helo_CM,695
2244,4488.0,12.718258856450483,MASP2_Helo_CM,695
2245,4490.0,13.40755596679606,MASP2_Helo_CM,695
2246,4492.0,13.168276304257946,MASP2_Helo_CM,695
2247,4494.0,12.605665513155126,MASP2_Helo_CM,695
2248,4496.0,13.594555486593412,MASP2_Helo_CM,695
2249,4498.0,10.89658857905141,MASP2_Helo_CM,695
2250,4500.0,10.42034886242699,MASP2_Helo_CM,695
2251,4502.0,10.444896336501525,MASP2_Helo_CM,695
2252,4504.0,11.318279693835338,MASP2_Helo_CM,695
2253,4506.0,11.155427351261466,MASP2_Helo_CM,695
2254,4508.0,11.039451922522117,MASP2_Helo_CM,695
2255,4510.0,10.527147397822356,MASP2_Helo_CM,695
2256,4512.0,11.836715076431743,MASP2_Helo_CM,695
2257,4514.0,11.514361795834835,MASP2_Helo_CM,695
2258,4516.0,11.612153900669218,MASP2_Helo_CM,695
2259,4518.0,13.252991888957295,MASP2_Helo_CM,695
2260,4520.0,11.417400193643273,MASP2_Helo_CM,695
2261,4522.0,13.815106536646388,MASP2_Helo_CM,695
2262,4524.0,11.480813685077457,MASP2_Helo_CM,695
2263,4526.0,11.987243865765606,MASP2_Helo_CM,695
2264,4528.0,11.84764914110334,MASP2_Helo_CM,695
2265,4530.0,10.085099405793912,MASP2_Helo_CM,695
2266,4532.0,10.814306393759633,MASP2_Helo_CM,695
2267,4534.0,13.157221115250769,MASP2_Helo_CM,695
2268,4536.0,11.465690086277068,MASP2_Helo_CM,695
2269,4538.0,11.374619590414317,MASP2_Helo_CM,695
2270,4540.0,11.38952619464238,MASP2_Helo_CM,695
2271,4542.0,8.925499205121609,MASP2_Helo_CM,695
2272,4544.0,9.602294192899787,MASP2_Helo_CM,695
2273,4546.0,12.923409512264858,MASP2_Helo_CM,695
2274,4548.0,13.124061760434378,MASP2_Helo_CM,695
2275,4550.0,11.363085466066375,MASP2_Helo_CM,695
2276,4552.0,13.487067813904265,MASP2_Helo_CM,695
2277,4554.0,14.01506345935609,MASP2_Helo_CM,695
2278,4556.0,14.171045050870609,MASP2_Helo_CM,695
2279,4558.0,13.319273269968807,MASP2_Helo_CM,695
2280,4560.0,14.296712055660263,MASP2_Helo_CM,695
2281,4562.0,13.761441826953229,MASP2_Helo_CM,695
2282,4564.0,14.526106242744968,MASP2_Helo_CM,695
2283,4566.0,15.767810492465182,MASP2_Helo_CM,695
2284,4568.0,14.912625707008424,MASP2_Helo_CM,695
2285,4570.0,17.046712624477646,MASP2_Helo_CM,695
2286,4572.0,16.252898367191744,MASP2_Helo_CM,695
2287,4574.0,17.623778055871348,MASP2_Helo_CM,695
2288,4576.0,15.920134194557264,MASP2_Helo_CM,695
2289,4578.0,17.122765428664284,MASP2_Helo_CM,695
2290,4580.0,16.48306971741106,MASP2_Helo_CM,695
2291,4582.0,17.702831158479473,MASP2_Helo_CM,695
2292,4584.0,15.783346700540386,MASP2_Helo_CM,695
2293,4586.0,16.466680567705698,MASP2_Helo_CM,695
2294,4588.0,17.113744189542448,MASP2_Helo_CM,695
2295,4590.0,16.801556722563628,MASP2_Helo_CM,695
2296,4592.0,16.37952986824095,MASP2_Helo_CM,695
2297,4594.0,15.573412789582589,MASP2_Helo_CM,695
2298,4596.0,16.304396408372316,MASP2_Helo_CM,695
2299,4598.0,16.424116890042615,MASP2_Helo_CM,695
2300,4600.0,15.821009903581485,MASP2_Helo_CM,695
2301,4602.0,15.645854839338519,MASP2_Helo_CM,695
2302,4604.0,16.042157792781673,MASP2_Helo_CM,695
2303,4606.0,15.528102679431402,MASP2_Helo_CM,695
2304,4608.0,14.853878360581817,MASP2_Helo_CM,695
2305,4610.0,15.603750593008549,MASP2_Helo_CM,695
2306,4612.0,14.94089545401644,MASP2_Helo_CM,695
2307,4614.0,14.977200769332219,MASP2_Helo_CM,695
2308,4616.0,14.716002941620168,MASP2_Helo_CM,695
2309,4618.0,11.968338537900443,MASP2_Helo_CM,695
2310,4620.0,10.912303472280012,MASP2_Helo_CM,695
2311,4622.0,9.756609770588932,MASP2_Helo_CM,695
2312,4624.0,10.477635155540888,MASP2_Helo_CM,695
2313,4626.0,11.38495813707106,MASP2_Helo_CM,695
2314,4628.0,11.005611396782978,MASP2_Helo_CM,695
2315,4630.0,10.843491145513974,MASP2_Helo_CM,695
2316,4632.0,12.519759338390935,MASP2_Helo_CM,695
2317,4634.0,13.207387182285744,MASP2_Helo_CM,695
2318,4636.0,12.493281771380103,MASP2_Helo_CM,695
2319,4638.0,13.729060446308607,MASP2_Helo_CM,695
2320,4640.0,13.930579802845623,MASP2_Helo_CM,695
2321,4642.0,13.410546890556152,MASP2_Helo_CM,695
2322,4644.0,12.84638031379122,MASP2_Helo_CM,695
2323,4646.0,14.466828250749849,MASP2_Helo_CM,695
2324,4648.0,13.271215081906652,MASP2_Helo_CM,695
2325,4650.0,14.00229107959911,MASP2_Helo_CM,695
2326,4652.0,14.730792081399981,MASP2_Helo_CM,695
2327,4654.0,14.702842637469695,MASP2_Helo_CM,695
2328,4656.0,15.484783680426569,MASP2_Helo_CM,695
2329,4658.0,14.005217115506234,MASP2_Helo_CM,695
2330,4660.0,12.837636684279241,MASP2_Helo_CM,695
2331,4662.0,12.03896142760707,MASP2_Helo_CM,695
2332,4664.0,13.012266516592188,MASP2_Helo_CM,695
2333,4666.0,12.254187860922658,MASP2_Helo_CM,695
2334,4668.0,13.38933386898276,MASP2_Helo_CM,695
2335,4670.0,11.601631604377006,MASP2_Helo_CM,695
2336,4672.0,12.594977530387395,MASP2_Helo_CM,695
2337,4674.0,13.417858272762045,MASP2_Helo_CM,695
2338,4676.0,13.94443317327771,MASP2_Helo_CM,695
2339,4678.0,14.65979020746719,MASP2_Helo_CM,695
2340,4680.0,14.080387041844721,MASP2_Helo_CM,695
2341,4682.0,14.812127221627401,MASP2_Helo_CM,695
2342,4684.0,15.857678628653975,MASP2_Helo_CM,695
2343,4686.0,14.493559165256677,MASP2_Helo_CM,695
2344,4688.0,13.885543856712356,MASP2_Helo_CM,695
2345,4690.0,13.222220048883093,MASP2_Helo_CM,695
2346,4692.0,14.165509744581858,MASP2_Helo_CM,695
2347,4694.0,14.211709216678825,MASP2_Helo_CM,695
2348,4696.0,15.761415180734293,MASP2_Helo_CM,695
2349,4698.0,16.475906947973698,MASP2_Helo_CM,695
2350,4700.0,15.466351763508177,MASP2_Helo_CM,695
2351,4702.0,14.702361269550742,MASP2_Helo_CM,695
2352,4704.0,15.287911197221703,MASP2_Helo_CM,695
2353,4706.0,14.431043423728,MASP2_Helo_CM,695
2354,4708.0,14.266015843852458,MASP2_Helo_CM,695
2355,4710.0,14.352113946303914,MASP2_Helo_CM,695
2356,4712.0,15.70458727929678,MASP2_Helo_CM,695
2357,4714.0,15.027650819991816,MASP2_Helo_CM,695
2358,4716.0,13.993644125791173,MASP2_Helo_CM,695
2359,4718.0,15.326957338107501,MASP2_Helo_CM,695
2360,4720.0,14.992867957876658,MASP2_Helo_CM,695
2361,4722.0,16.631693495340503,MASP2_Helo_CM,695
2362,4724.0,15.652622609353953,MASP2_Helo_CM,695
2363,4726.0,12.872413468952791,MASP2_Helo_CM,695
2364,4728.0,12.485403335118264,MASP2_Helo_CM,695
2365,4730.0,13.971761242611388,MASP2_Helo_CM,695
2366,4732.0,14.233993314353874,MASP2_Helo_CM,695
2367,4734.0,14.729898408541654,MASP2_Helo_CM,695
2368,4736.0,14.131951975911068,MASP2_Helo_CM,695
2369,4738.0,12.859464235877988,MASP2_Helo_CM,695
2370,4740.0,14.06415815378194,MASP2_Helo_CM,695
2371,4742.0,13.752028785388482,MASP2_Helo_CM,695
2372,4744.0,14.55304048492266,MASP2_Helo_CM,695
2373,4746.0,13.374595742772742,MASP2_Helo_CM,695
2374,4748.0,15.305761200167598,MASP2_Helo_CM,695
2375,4750.0,13.832020722672137,MASP2_Helo_CM,695
2376,4752.0,14.962308430527743,MASP2_Helo_CM,695
2377,4754.0,14.43978874671051,MASP2_Helo_CM,695
2378,4756.0,14.701282335339526,MASP2_Helo_CM,695
2379,4758.0,14.708981064091365,MASP2_Helo_CM,695
2380,4760.0,14.507419911819971,MASP2_Helo_CM,695
2381,4762.0,14.713857444355257,MASP2_Helo_CM,695
2382,4764.0,14.935589595262462,MASP2_Helo_CM,695
2383,4766.0,15.215809251791265,MASP2_Helo_CM,695
2384,4768.0,14.304298459040966,MASP2_Helo_CM,695
2385,4770.0,14.717758445103579,MASP2_Helo_CM,695
2386,4772.0,15.070025318696734,MASP2_Helo_CM,695
2387,4774.0,14.414567132831625,MASP2_Helo_CM,695
2388,4776.0,13.50532138228291,MASP2_Helo_CM,695
2389,4778.0,14.571495144517081,MASP2_Helo_CM,695
2390,4780.0,13.672609370206224,MASP2_Helo_CM,695
2391,4782.0,13.624791307922123,MASP2_Helo_CM,695
2392,4784.0,15.120334014243044,MASP2_Helo_CM,695
2393,4786.0,14.257725553335941,MASP2_Helo_CM,695
2394,4788.0,14.567014615323078,MASP2_Helo_CM,695
2395,4790.0,14.798601666109752,MASP2_Helo_CM,695
2396,4792.0,13.829226190477367,MASP2_Helo_CM,695
2397,4794.0,14.654198754109485,MASP2_Helo_CM,695
2398,4796.0,14.378974984715802,MASP2_Helo_CM,695
2399,4798.0,13.805063338848308,MASP2_Helo_CM,695
2400,4800.0,14.079402243892995,MASP2_Helo_CM,695
2401,4802.0,14.239171759203252,MASP2_Helo_CM,695
2402,4804.0,13.399825980738456,MASP2_Helo_CM,695
2403,4806.0,14.001442693988242,MASP2_Helo_CM,695
2404,4808.0,14.394958774235777,MASP2_Helo_CM,695
2405,4810.0,15.338332578218377,MASP2_Helo_CM,695
2406,4812.0,14.24893051368967,MASP2_Helo_CM,695
2407,4814.0,13.732343164423224,MASP2_Helo_CM,695
2408,4816.0,14.223732579671182,MASP2_Helo_CM,695
2409,4818.0,13.513364487744434,MASP2_Helo_CM,695
2410,4820.0,13.961017698660573,MASP2_Helo_CM,695
2411,4822.0,13.853873523350735,MASP2_Helo_CM,695
2412,4824.0,11.523263357767192,MASP2_Helo_CM,695
2413,4826.0,10.976169124882592,MASP2_Helo_CM,695
2414,4828.0,10.25689011910679,MASP2_Helo_CM,695
2415,4830.0,10.805734621215596,MASP2_Helo_CM,695
2416,4832.0,10.549410263176728,MASP2_Helo_CM,695
2417,4834.0,13.049607906556092,MASP2_Helo_CM,695
2418,4836.0,11.049595592361035,MASP2_Helo_CM,695
2419,4838.0,11.584307559640985,MASP2_Helo_CM,695
2420,4840.0,12.467942676377097,MASP2_Helo_CM,695
2421,4842.0,12.008635175335218,MASP2_Helo_CM,695
2422,4844.0,13.17877594934998,MASP2_Helo_CM,695
2423,4846.0,11.549558027605165,MASP2_Helo_CM,695
2424,4848.0,12.450565204991683,MASP2_Helo_CM,695
2425,4850.0,12.811562985634124,MASP2_Helo_CM,695
2426,4852.0,12.72895261255937,MASP2_Helo_CM,695
2427,4854.0,11.674650918356011,MASP2_Helo_CM,695
2428,4856.0,11.633656857909031,MASP2_Helo_CM,695
2429,4858.0,11.829854834751986,MASP2_Helo_CM,695
2430,4860.0,12.510122998914168,MASP2_Helo_CM,695
2431,4862.0,14.778576777331669,MASP2_Helo_CM,695
2432,4864.0,15.287803353345899,MASP2_Helo_CM,695
2433,4866.0,15.91845205080065,MASP2_Helo_CM,695
2434,4868.0,15.083766927739967,MASP2_Helo_CM,695
2435,4870.0,15.152967934872963,MASP2_Helo_CM,695
2436,4872.0,16.596728708875755,MASP2_Helo_CM,695
2437,4874.0,16.185339641811286,MASP2_Helo_CM,695
2438,4876.0,13.464903815178635,MASP2_Helo_CM,695
2439,4878.0,15.283521015802037,MASP2_Helo_CM,695
2440,4880.0,14.445454051113673,MASP2_Helo_CM,695
2441,4882.0,15.10090541040402,MASP2_Helo_CM,695
2442,4884.0,14.736782951079698,MASP2_Helo_CM,695
2443,4886.0,14.30574732787556,MASP2_Helo_CM,695
2444,4888.0,12.134166970698056,MASP2_Helo_CM,695
2445,4890.0,12.2366288789126,MASP2_Helo_CM,695
2446,4892.0,13.042430499507068,MASP2_Helo_CM,695
2447,4894.0,13.30036265429296,MASP2_Helo_CM,695
2448,4896.0,13.694242358849419,MASP2_Helo_CM,695
2449,4898.0,16.771327084175095,MASP2_Helo_CM,695
2450,4900.0,18.140878217101456,MASP2_Helo_CM,695
2451,4902.0,15.72682424033977,MASP2_Helo_CM,695
2452,4904.0,17.207221983324494,MASP2_Helo_CM,695
2453,4906.0,16.71468256301549,MASP2_Helo_CM,695
2454,4908.0,19.436322592783295,MASP2_Helo_CM,695
2455,4910.0,18.745107002067158,MASP2_Helo_CM,695
2456,4912.0,19.83295505316663,MASP2_Helo_CM,695
2457,4914.0,18.843280262265132,MASP2_Helo_CM,695
2458,4916.0,18.28457712189803,MASP2_Helo_CM,695
2459,4918.0,17.425011970246604,MASP2_Helo_CM,695
2460,4920.0,15.487667666761045,MASP2_Helo_CM,695
2461,4922.0,19.269605288901925,MASP2_Helo_CM,695
2462,4924.0,15.574833463619203,MASP2_Helo_CM,695
2463,4926.0,16.186471179956733,MASP2_Helo_CM,695
2464,4928.0,16.875979427651814,MASP2_Helo_CM,695
2465,4930.0,16.564411770382474,MASP2_Helo_CM,695
2466,4932.0,17.998964008370123,MASP2_Helo_CM,695
2467,4934.0,16.986050356574143,MASP2_Helo_CM,695
2468,4936.0,16.87549343953123,MASP2_Helo_CM,695
2469,4938.0,18.238475170611018,MASP2_Helo_CM,695
2470,4940.0,15.716635928135203,MASP2_Helo_CM,695
2471,4942.0,15.557499257643425,MASP2_Helo_CM,695
2472,4944.0,15.275599691775417,MASP2_Helo_CM,695
2473,4946.0,14.61019803147554,MASP2_Helo_CM,695
2474,4948.0,16.358491591190372,MASP2_Helo_CM,695
2475,4950.0,17.017479100923246,MASP2_Helo_CM,695
2476,4952.0,13.328480731807069,MASP2_Helo_CM,695
2477,4954.0,14.47315037503632,MASP2_Helo_CM,695
2478,4956.0,16.072779468906372,MASP2_Helo_CM,695
2479,4958.0,16.818639161396632,MASP2_Helo_CM,695
2480,4960.0,17.478795866850827,MASP2_Helo_CM,695
2481,4962.0,16.880633043354344,MASP2_Helo_CM,695
2482,4964.0,16.033730741137607,MASP2_Helo_CM,695
2483,4966.0,16.020480997139664,MASP2_Helo_CM,695
2484,4968.0,17.902961710718802,MASP2_Helo_CM,695
2485,4970.0,13.728853281844103,MASP2_Helo_CM,695
2486,4972.0,16.16828411263986,MASP2_Helo_CM,695
2487,4974.0,16.418210785049624,MASP2_Helo_CM,695
2488,4976.0,17.73651322945596,MASP2_Helo_CM,695
2489,4978.0,18.72623203263502,MASP2_Helo_CM,695
2490,4980.0,18.7495716127263,MASP2_Helo_CM,695
2491,4982.0,17.841364119218966,MASP2_Helo_CM,695
2492,4984.0,19.79556014666366,MASP2_Helo_CM,695
2493,4986.0,17.368961400608388,MASP2_Helo_CM,695
2494,4988.0,17.980436782135456,MASP2_Helo_CM,695
2495,4990.0,19.256238966982192,MASP2_Helo_CM,695
2496,4992.0,18.07313846709321,MASP2_Helo_CM,695
2497,4994.0,17.845341935340965,MASP2_Helo_CM,695
2498,4996.0,18.317115037468216,MASP2_Helo_CM,695
2499,4998.0,16.396607374171985,MASP2_Helo_CM,695
0,0.0,41.366912524078764,MASP2_Helo_CM,447
1,2.0,40.87074057419644,MASP2_Helo_CM,447
2,4.0,43.75634380700476,MASP2_Helo_CM,447
3,6.0,43.5598224781897,MASP2_Helo_CM,447
4,8.0,38.927904460996075,MASP2_Helo_CM,447
5,10.0,41.43495391948254,MASP2_Helo_CM,447
6,12.0,40.25404661004982,MASP2_Helo_CM,447
7,14.0,38.87198575636024,MASP2_Helo_CM,447
8,16.0,36.08372497033866,MASP2_Helo_CM,447
9,18.0,37.116019484041125,MASP2_Helo_CM,447
10,20.0,36.67748512171659,MASP2_Helo_CM,447
11,22.0,38.131985119570544,MASP2_Helo_CM,447
12,24.0,38.06611574104907,MASP2_Helo_CM,447
13,26.0,38.55911152173727,MASP2_Helo_CM,447
14,28.0,38.85848879431308,MASP2_Helo_CM,447
15,30.0,40.423717217316145,MASP2_Helo_CM,447
16,32.0,40.04073186893007,MASP2_Helo_CM,447
17,34.0,39.658413182469836,MASP2_Helo_CM,447
18,36.0,41.12884923622338,MASP2_Helo_CM,447
19,38.0,43.717808778927115,MASP2_Helo_CM,447
20,40.0,47.27915473319073,MASP2_Helo_CM,447
21,42.0,46.897104299864765,MASP2_Helo_CM,447
22,44.0,46.85691666378225,MASP2_Helo_CM,447
23,46.0,47.229919656682725,MASP2_Helo_CM,447
24,48.0,47.293683920346325,MASP2_Helo_CM,447
25,50.0,44.40773698409518,MASP2_Helo_CM,447
26,52.0,43.485522557848704,MASP2_Helo_CM,447
27,54.0,45.40058630940209,MASP2_Helo_CM,447
28,56.0,44.20662412685683,MASP2_Helo_CM,447
29,58.0,44.34519058635119,MASP2_Helo_CM,447
30,60.0,46.4434319202243,MASP2_Helo_CM,447
31,62.0,44.190404353395365,MASP2_Helo_CM,447
32,64.0,44.48691974028324,MASP2_Helo_CM,447
33,66.0,46.64345102398694,MASP2_Helo_CM,447
34,68.0,45.24413612288325,MASP2_Helo_CM,447
35,70.0,45.772854390597715,MASP2_Helo_CM,447
36,72.0,46.01937883157473,MASP2_Helo_CM,447
37,74.0,45.425959459983034,MASP2_Helo_CM,447
38,76.0,47.05191309103364,MASP2_Helo_CM,447
39,78.0,44.59906525228479,MASP2_Helo_CM,447
40,80.0,41.270691929799334,MASP2_Helo_CM,447
41,82.0,42.32411043657992,MASP2_Helo_CM,447
42,84.0,43.98880822337683,MASP2_Helo_CM,447
43,86.0,45.668913318465705,MASP2_Helo_CM,447
44,88.0,46.00820734417419,MASP2_Helo_CM,447
45,90.0,43.108434117405565,MASP2_Helo_CM,447
46,92.0,40.93820452082572,MASP2_Helo_CM,447
47,94.0,44.835857557701836,MASP2_Helo_CM,447
48,96.0,45.824157032392414,MASP2_Helo_CM,447
49,98.0,45.5167531375333,MASP2_Helo_CM,447
50,100.0,45.096982388128865,MASP2_Helo_CM,447
51,102.0,45.935035317364864,MASP2_Helo_CM,447
52,104.0,47.41864079893749,MASP2_Helo_CM,447
53,106.0,46.63977937555916,MASP2_Helo_CM,447
54,108.0,44.501192739923994,MASP2_Helo_CM,447
55,110.0,43.5502170732875,MASP2_Helo_CM,447
56,112.0,44.03296297015131,MASP2_Helo_CM,447
57,114.0,45.734306457741745,MASP2_Helo_CM,447
58,116.0,45.6796853449915,MASP2_Helo_CM,447
59,118.0,45.06675175319063,MASP2_Helo_CM,447
60,120.0,48.26905238117682,MASP2_Helo_CM,447
61,122.0,46.71391330866702,MASP2_Helo_CM,447
62,124.0,50.024008328033595,MASP2_Helo_CM,447
63,126.0,49.49043962791051,MASP2_Helo_CM,447
64,128.0,51.2367452779481,MASP2_Helo_CM,447
65,130.0,46.66782109925043,MASP2_Helo_CM,447
66,132.0,48.27346089345709,MASP2_Helo_CM,447
67,134.0,44.35014755730226,MASP2_Helo_CM,447
68,136.0,46.88460633947363,MASP2_Helo_CM,447
69,138.0,47.269189135704856,MASP2_Helo_CM,447
70,140.0,46.091249112319964,MASP2_Helo_CM,447
71,142.0,45.447058567105664,MASP2_Helo_CM,447
72,144.0,48.16491463939092,MASP2_Helo_CM,447
73,146.0,46.852588983676426,MASP2_Helo_CM,447
74,148.0,45.032302738575,MASP2_Helo_CM,447
75,150.0,45.73579931152055,MASP2_Helo_CM,447
76,152.0,46.359314385844904,MASP2_Helo_CM,447
77,154.0,48.09632814717047,MASP2_Helo_CM,447
78,156.0,48.13161933035455,MASP2_Helo_CM,447
79,158.0,48.827384814258515,MASP2_Helo_CM,447
80,160.0,49.3077184093287,MASP2_Helo_CM,447
81,162.0,50.46483369346271,MASP2_Helo_CM,447
82,164.0,48.416156507359865,MASP2_Helo_CM,447
83,166.0,50.74850962716805,MASP2_Helo_CM,447
84,168.0,48.691047083692226,MASP2_Helo_CM,447
85,170.0,47.19227041851042,MASP2_Helo_CM,447
86,172.0,48.13713215836615,MASP2_Helo_CM,447
87,174.0,47.37356668581303,MASP2_Helo_CM,447
88,176.0,46.9693162175734,MASP2_Helo_CM,447
89,178.0,47.22640911399998,MASP2_Helo_CM,447
90,180.0,46.12600457639205,MASP2_Helo_CM,447
91,182.0,45.11971903047939,MASP2_Helo_CM,447
92,184.0,43.998264618621405,MASP2_Helo_CM,447
93,186.0,42.203779654369306,MASP2_Helo_CM,447
94,188.0,37.78711901996815,MASP2_Helo_CM,447
95,190.0,40.18293661298271,MASP2_Helo_CM,447
96,192.0,38.69046911421637,MASP2_Helo_CM,447
97,194.0,39.73434885881211,MASP2_Helo_CM,447
98,196.0,41.68958433041957,MASP2_Helo_CM,447
99,198.0,41.66210584750157,MASP2_Helo_CM,447
100,200.0,43.76469257049833,MASP2_Helo_CM,447
101,202.0,41.76793671174011,MASP2_Helo_CM,447
102,204.0,41.574259710200536,MASP2_Helo_CM,447
103,206.0,45.95412394790183,MASP2_Helo_CM,447
104,208.0,44.92258994536671,MASP2_Helo_CM,447
105,210.0,42.848729901589664,MASP2_Helo_CM,447
106,212.0,41.81463367681636,MASP2_Helo_CM,447
107,214.0,40.72403298623241,MASP2_Helo_CM,447
108,216.0,43.390339532877846,MASP2_Helo_CM,447
109,218.0,43.107233813715105,MASP2_Helo_CM,447
110,220.0,44.91792577636405,MASP2_Helo_CM,447
111,222.0,41.78714347711929,MASP2_Helo_CM,447
112,224.0,41.374732529472624,MASP2_Helo_CM,447
113,226.0,40.57092168309989,MASP2_Helo_CM,447
114,228.0,43.30298758632824,MASP2_Helo_CM,447
115,230.0,44.53219714168307,MASP2_Helo_CM,447
116,232.0,44.60065222008929,MASP2_Helo_CM,447
117,234.0,45.326533967385515,MASP2_Helo_CM,447
118,236.0,45.383898051206046,MASP2_Helo_CM,447
119,238.0,46.0120690071904,MASP2_Helo_CM,447
120,240.0,45.57938452077015,MASP2_Helo_CM,447
121,242.0,45.99048667196143,MASP2_Helo_CM,447
122,244.0,47.15287914303909,MASP2_Helo_CM,447
123,246.0,46.30845560696727,MASP2_Helo_CM,447
124,248.0,48.21888141818453,MASP2_Helo_CM,447
125,250.0,46.53069174428847,MASP2_Helo_CM,447
126,252.0,46.79401756245387,MASP2_Helo_CM,447
127,254.0,45.324740555913706,MASP2_Helo_CM,447
128,256.0,43.47723190167451,MASP2_Helo_CM,447
129,258.0,49.086676875666534,MASP2_Helo_CM,447
130,260.0,50.736539069966454,MASP2_Helo_CM,447
131,262.0,47.49046799200708,MASP2_Helo_CM,447
132,264.0,50.429334515355286,MASP2_Helo_CM,447
133,266.0,49.03354502066632,MASP2_Helo_CM,447
134,268.0,48.941353881124975,MASP2_Helo_CM,447
135,270.0,48.70897097947648,MASP2_Helo_CM,447
136,272.0,47.10777355550809,MASP2_Helo_CM,447
137,274.0,48.30563432979662,MASP2_Helo_CM,447
138,276.0,46.90419975754897,MASP2_Helo_CM,447
139,278.0,48.490723142368715,MASP2_Helo_CM,447
140,280.0,46.498344472550926,MASP2_Helo_CM,447
141,282.0,48.07954863972945,MASP2_Helo_CM,447
142,284.0,44.16278740903796,MASP2_Helo_CM,447
143,286.0,45.37646794293809,MASP2_Helo_CM,447
144,288.0,42.257709751200565,MASP2_Helo_CM,447
145,290.0,43.39019370652576,MASP2_Helo_CM,447
146,292.0,43.12524552481543,MASP2_Helo_CM,447
147,294.0,44.80776465044164,MASP2_Helo_CM,447
148,296.0,46.18508148096618,MASP2_Helo_CM,447
149,298.0,49.17558505537758,MASP2_Helo_CM,447
150,300.0,46.92586928463577,MASP2_Helo_CM,447
151,302.0,48.390392841724484,MASP2_Helo_CM,447
152,304.0,45.38975795968269,MASP2_Helo_CM,447
153,306.0,45.336916773337435,MASP2_Helo_CM,447
154,308.0,47.05651247489722,MASP2_Helo_CM,447
155,310.0,45.92457957059054,MASP2_Helo_CM,447
156,312.0,44.43172584901321,MASP2_Helo_CM,447
157,314.0,47.096480588205026,MASP2_Helo_CM,447
158,316.0,42.04431453795277,MASP2_Helo_CM,447
159,318.0,42.544149702948694,MASP2_Helo_CM,447
160,320.0,44.51441120723222,MASP2_Helo_CM,447
161,322.0,46.62451952630249,MASP2_Helo_CM,447
162,324.0,46.23957642332723,MASP2_Helo_CM,447
163,326.0,45.43548425262262,MASP2_Helo_CM,447
164,328.0,43.91409991650886,MASP2_Helo_CM,447
165,330.0,44.882682604669434,MASP2_Helo_CM,447
166,332.0,45.164635055096,MASP2_Helo_CM,447
167,334.0,44.511050153556205,MASP2_Helo_CM,447
168,336.0,44.78471074670545,MASP2_Helo_CM,447
169,338.0,42.63165662468996,MASP2_Helo_CM,447
170,340.0,43.365303217366,MASP2_Helo_CM,447
171,342.0,43.383146648389236,MASP2_Helo_CM,447
172,344.0,43.219001887293786,MASP2_Helo_CM,447
173,346.0,44.64709599237891,MASP2_Helo_CM,447
174,348.0,44.625475005751255,MASP2_Helo_CM,447
175,350.0,47.43036732960381,MASP2_Helo_CM,447
176,352.0,42.91194085997289,MASP2_Helo_CM,447
177,354.0,43.49890552668538,MASP2_Helo_CM,447
178,356.0,43.835531158252714,MASP2_Helo_CM,447
179,358.0,42.33264542519734,MASP2_Helo_CM,447
180,360.0,42.9439295077628,MASP2_Helo_CM,447
181,362.0,45.485094743433855,MASP2_Helo_CM,447
182,364.0,42.94175092081777,MASP2_Helo_CM,447
183,366.0,43.57253848685982,MASP2_Helo_CM,447
184,368.0,40.8993234603155,MASP2_Helo_CM,447
185,370.0,39.543365440032325,MASP2_Helo_CM,447
186,372.0,42.37154408307245,MASP2_Helo_CM,447
187,374.0,39.665179573913115,MASP2_Helo_CM,447
188,376.0,40.62389652429916,MASP2_Helo_CM,447
189,378.0,41.03875578522426,MASP2_Helo_CM,447
190,380.0,43.42670953460502,MASP2_Helo_CM,447
191,382.0,43.89179658301609,MASP2_Helo_CM,447
192,384.0,44.196574229985416,MASP2_Helo_CM,447
193,386.0,43.760263587418684,MASP2_Helo_CM,447
194,388.0,44.6121190471752,MASP2_Helo_CM,447
195,390.0,45.81977773966846,MASP2_Helo_CM,447
196,392.0,47.3048000286121,MASP2_Helo_CM,447
197,394.0,45.88998246337139,MASP2_Helo_CM,447
198,396.0,43.312752908322075,MASP2_Helo_CM,447
199,398.0,42.206464854441215,MASP2_Helo_CM,447
200,400.0,40.796171412024,MASP2_Helo_CM,447
201,402.0,42.8806820618132,MASP2_Helo_CM,447
202,404.0,42.60795481833638,MASP2_Helo_CM,447
203,406.0,42.590817906810614,MASP2_Helo_CM,447
204,408.0,45.19766475114885,MASP2_Helo_CM,447
205,410.0,45.3350584875575,MASP2_Helo_CM,447
206,412.0,43.90123601056221,MASP2_Helo_CM,447
207,414.0,42.83614339431943,MASP2_Helo_CM,447
208,416.0,44.3792455654765,MASP2_Helo_CM,447
209,418.0,44.6995203030063,MASP2_Helo_CM,447
210,420.0,43.95641193843713,MASP2_Helo_CM,447
211,422.0,45.0576435699188,MASP2_Helo_CM,447
212,424.0,43.901501151438964,MASP2_Helo_CM,447
213,426.0,41.728993237203014,MASP2_Helo_CM,447
214,428.0,41.89968938196812,MASP2_Helo_CM,447
215,430.0,40.07813294346469,MASP2_Helo_CM,447
216,432.0,40.91651421683202,MASP2_Helo_CM,447
217,434.0,40.27976584033481,MASP2_Helo_CM,447
218,436.0,42.46700047644575,MASP2_Helo_CM,447
219,438.0,43.88312710360329,MASP2_Helo_CM,447
220,440.0,45.3595310574925,MASP2_Helo_CM,447
221,442.0,41.73391186097526,MASP2_Helo_CM,447
222,444.0,42.95113532711909,MASP2_Helo_CM,447
223,446.0,42.51309361192248,MASP2_Helo_CM,447
224,448.0,42.868568510958376,MASP2_Helo_CM,447
225,450.0,40.86673038477938,MASP2_Helo_CM,447
226,452.0,39.52398106945079,MASP2_Helo_CM,447
227,454.0,41.541801735970594,MASP2_Helo_CM,447
228,456.0,41.81696086844254,MASP2_Helo_CM,447
229,458.0,42.24593910928545,MASP2_Helo_CM,447
230,460.0,43.421427723505005,MASP2_Helo_CM,447
231,462.0,42.16460183063751,MASP2_Helo_CM,447
232,464.0,43.94271715512909,MASP2_Helo_CM,447
233,466.0,44.84910272354142,MASP2_Helo_CM,447
234,468.0,43.0544434141107,MASP2_Helo_CM,447
235,470.0,45.341451472118806,MASP2_Helo_CM,447
236,472.0,40.785610250657236,MASP2_Helo_CM,447
237,474.0,40.449189878562876,MASP2_Helo_CM,447
238,476.0,37.31243846194976,MASP2_Helo_CM,447
239,478.0,37.1441664067935,MASP2_Helo_CM,447
240,480.0,36.42816169898102,MASP2_Helo_CM,447
241,482.0,37.20391344842076,MASP2_Helo_CM,447
242,484.0,36.612935602882416,MASP2_Helo_CM,447
243,486.0,36.49965465232096,MASP2_Helo_CM,447
244,488.0,37.4667364119805,MASP2_Helo_CM,447
245,490.0,35.7298616914117,MASP2_Helo_CM,447
246,492.0,35.684297430702976,MASP2_Helo_CM,447
247,494.0,36.10717870410281,MASP2_Helo_CM,447
248,496.0,34.65345180498628,MASP2_Helo_CM,447
249,498.0,35.313862473601226,MASP2_Helo_CM,447
250,500.0,33.09082617425254,MASP2_Helo_CM,447
251,502.0,33.499867333520896,MASP2_Helo_CM,447
252,504.0,31.95670071498568,MASP2_Helo_CM,447
253,506.0,32.088572766625695,MASP2_Helo_CM,447
254,508.0,31.79118791453163,MASP2_Helo_CM,447
255,510.0,33.27581228362232,MASP2_Helo_CM,447
256,512.0,31.56365523180686,MASP2_Helo_CM,447
257,514.0,30.3818911675856,MASP2_Helo_CM,447
258,516.0,30.188709044328693,MASP2_Helo_CM,447
259,518.0,33.00055773898051,MASP2_Helo_CM,447
260,520.0,33.53094904428276,MASP2_Helo_CM,447
261,522.0,32.42177511277554,MASP2_Helo_CM,447
262,524.0,33.40315116987259,MASP2_Helo_CM,447
263,526.0,33.05692505944741,MASP2_Helo_CM,447
264,528.0,32.463804728083325,MASP2_Helo_CM,447
265,530.0,32.746789332128195,MASP2_Helo_CM,447
266,532.0,36.19354998878997,MASP2_Helo_CM,447
267,534.0,35.725028201476235,MASP2_Helo_CM,447
268,536.0,33.48095356611492,MASP2_Helo_CM,447
269,538.0,34.129042764789205,MASP2_Helo_CM,447
270,540.0,33.00876360708152,MASP2_Helo_CM,447
271,542.0,34.52784633825533,MASP2_Helo_CM,447
272,544.0,34.74160855175104,MASP2_Helo_CM,447
273,546.0,34.33281944130604,MASP2_Helo_CM,447
274,548.0,32.458156737939234,MASP2_Helo_CM,447
275,550.0,30.730128664025436,MASP2_Helo_CM,447
276,552.0,33.74820790255946,MASP2_Helo_CM,447
277,554.0,33.57829747768792,MASP2_Helo_CM,447
278,556.0,35.44699960055477,MASP2_Helo_CM,447
279,558.0,34.77670207846949,MASP2_Helo_CM,447
280,560.0,32.216575194716064,MASP2_Helo_CM,447
281,562.0,33.01817585579867,MASP2_Helo_CM,447
282,564.0,32.40041228217665,MASP2_Helo_CM,447
283,566.0,33.65414257426678,MASP2_Helo_CM,447
284,568.0,32.18002397056484,MASP2_Helo_CM,447
285,570.0,30.467517991121483,MASP2_Helo_CM,447
286,572.0,30.71160220202039,MASP2_Helo_CM,447
287,574.0,29.464400330064272,MASP2_Helo_CM,447
288,576.0,31.28690515768986,MASP2_Helo_CM,447
289,578.0,31.12126022222099,MASP2_Helo_CM,447
290,580.0,29.99368095807079,MASP2_Helo_CM,447
291,582.0,30.39146295195917,MASP2_Helo_CM,447
292,584.0,32.13045088309416,MASP2_Helo_CM,447
293,586.0,31.34712527902315,MASP2_Helo_CM,447
294,588.0,30.516520974925747,MASP2_Helo_CM,447
295,590.0,30.645768802232798,MASP2_Helo_CM,447
296,592.0,29.99678213524709,MASP2_Helo_CM,447
297,594.0,30.457126070546174,MASP2_Helo_CM,447
298,596.0,29.07119721405952,MASP2_Helo_CM,447
299,598.0,31.220185804217163,MASP2_Helo_CM,447
300,600.0,28.679978265940505,MASP2_Helo_CM,447
301,602.0,29.497755549549243,MASP2_Helo_CM,447
302,604.0,30.377616128751093,MASP2_Helo_CM,447
303,606.0,30.308625483761215,MASP2_Helo_CM,447
304,608.0,29.218348438803144,MASP2_Helo_CM,447
305,610.0,30.419009097650235,MASP2_Helo_CM,447
306,612.0,27.142726408939467,MASP2_Helo_CM,447
307,614.0,27.58173705095948,MASP2_Helo_CM,447
308,616.0,29.57044952550842,MASP2_Helo_CM,447
309,618.0,31.124603120013983,MASP2_Helo_CM,447
310,620.0,30.849594228969945,MASP2_Helo_CM,447
311,622.0,30.15957503195321,MASP2_Helo_CM,447
312,624.0,30.08906800733143,MASP2_Helo_CM,447
313,626.0,28.759184649848528,MASP2_Helo_CM,447
314,628.0,29.226155618994724,MASP2_Helo_CM,447
315,630.0,29.348103450378986,MASP2_Helo_CM,447
316,632.0,31.063614215319074,MASP2_Helo_CM,447
317,634.0,30.62706178541609,MASP2_Helo_CM,447
318,636.0,29.27211984639676,MASP2_Helo_CM,447
319,638.0,30.362803658698805,MASP2_Helo_CM,447
320,640.0,29.878659648425934,MASP2_Helo_CM,447
321,642.0,28.876467401771443,MASP2_Helo_CM,447
322,644.0,29.97899011582571,MASP2_Helo_CM,447
323,646.0,29.23335823436478,MASP2_Helo_CM,447
324,648.0,29.095497669603052,MASP2_Helo_CM,447
325,650.0,29.191370786799183,MASP2_Helo_CM,447
326,652.0,28.59418005736547,MASP2_Helo_CM,447
327,654.0,30.104147608657463,MASP2_Helo_CM,447
328,656.0,30.254569971331296,MASP2_Helo_CM,447
329,658.0,30.388637885744274,MASP2_Helo_CM,447
330,660.0,30.948279771142538,MASP2_Helo_CM,447
331,662.0,29.562694123080735,MASP2_Helo_CM,447
332,664.0,29.155483107970852,MASP2_Helo_CM,447
333,666.0,30.33519282968742,MASP2_Helo_CM,447
334,668.0,31.66374938412602,MASP2_Helo_CM,447
335,670.0,31.08416220996739,MASP2_Helo_CM,447
336,672.0,31.352680026443558,MASP2_Helo_CM,447
337,674.0,28.838268728666954,MASP2_Helo_CM,447
338,676.0,31.67577474856133,MASP2_Helo_CM,447
339,678.0,31.475829824834584,MASP2_Helo_CM,447
340,680.0,30.013196387635542,MASP2_Helo_CM,447
341,682.0,30.34253724392277,MASP2_Helo_CM,447
342,684.0,32.27065846128863,MASP2_Helo_CM,447
343,686.0,31.034195328210615,MASP2_Helo_CM,447
344,688.0,31.845654537125213,MASP2_Helo_CM,447
345,690.0,30.161182098402254,MASP2_Helo_CM,447
346,692.0,30.18355707056623,MASP2_Helo_CM,447
347,694.0,29.4174387663268,MASP2_Helo_CM,447
348,696.0,31.76221283649272,MASP2_Helo_CM,447
349,698.0,31.274990870921254,MASP2_Helo_CM,447
350,700.0,29.47087157405693,MASP2_Helo_CM,447
351,702.0,30.197519087571266,MASP2_Helo_CM,447
352,704.0,31.147477065734428,MASP2_Helo_CM,447
353,706.0,31.164599993611816,MASP2_Helo_CM,447
354,708.0,30.398232412034695,MASP2_Helo_CM,447
355,710.0,30.691611427905116,MASP2_Helo_CM,447
356,712.0,29.547157949887776,MASP2_Helo_CM,447
357,714.0,29.831948449836847,MASP2_Helo_CM,447
358,716.0,29.2946425469093,MASP2_Helo_CM,447
359,718.0,30.7590178116258,MASP2_Helo_CM,447
360,720.0,33.19991903142025,MASP2_Helo_CM,447
361,722.0,32.91799460478055,MASP2_Helo_CM,447
362,724.0,30.281955494416184,MASP2_Helo_CM,447
363,726.0,32.07604616729995,MASP2_Helo_CM,447
364,728.0,34.65671677539272,MASP2_Helo_CM,447
365,730.0,31.970823072046905,MASP2_Helo_CM,447
366,732.0,32.58018757796074,MASP2_Helo_CM,447
367,734.0,34.433534220053765,MASP2_Helo_CM,447
368,736.0,32.70449423318698,MASP2_Helo_CM,447
369,738.0,30.791061410501428,MASP2_Helo_CM,447
370,740.0,33.686225978396315,MASP2_Helo_CM,447
371,742.0,32.80407002107931,MASP2_Helo_CM,447
372,744.0,32.9780588932907,MASP2_Helo_CM,447
373,746.0,32.83482834077967,MASP2_Helo_CM,447
374,748.0,34.16225487249473,MASP2_Helo_CM,447
375,750.0,35.04779928081136,MASP2_Helo_CM,447
376,752.0,32.759367125005795,MASP2_Helo_CM,447
377,754.0,34.605397292969435,MASP2_Helo_CM,447
378,756.0,33.1130638615891,MASP2_Helo_CM,447
379,758.0,34.579890532976215,MASP2_Helo_CM,447
380,760.0,34.51010445700056,MASP2_Helo_CM,447
381,762.0,33.16829858287111,MASP2_Helo_CM,447
382,764.0,33.005769027060325,MASP2_Helo_CM,447
383,766.0,34.43043842808451,MASP2_Helo_CM,447
384,768.0,35.74441139138624,MASP2_Helo_CM,447
385,770.0,35.932688306441676,MASP2_Helo_CM,447
386,772.0,35.01989094440515,MASP2_Helo_CM,447
387,774.0,38.07996866831435,MASP2_Helo_CM,447
388,776.0,35.3736062296138,MASP2_Helo_CM,447
389,778.0,35.39649642230951,MASP2_Helo_CM,447
390,780.0,35.6324377296145,MASP2_Helo_CM,447
391,782.0,32.601354156613,MASP2_Helo_CM,447
392,784.0,33.29056725412684,MASP2_Helo_CM,447
393,786.0,33.52620020870435,MASP2_Helo_CM,447
394,788.0,33.96000849418454,MASP2_Helo_CM,447
395,790.0,30.800915731650022,MASP2_Helo_CM,447
396,792.0,32.73461086695995,MASP2_Helo_CM,447
397,794.0,31.526477949481137,MASP2_Helo_CM,447
398,796.0,31.847882032077646,MASP2_Helo_CM,447
399,798.0,31.214065514312512,MASP2_Helo_CM,447
400,800.0,29.651196886622806,MASP2_Helo_CM,447
401,802.0,31.285333335595443,MASP2_Helo_CM,447
402,804.0,30.578393442144076,MASP2_Helo_CM,447
403,806.0,30.79914900390268,MASP2_Helo_CM,447
404,808.0,29.64106873542958,MASP2_Helo_CM,447
405,810.0,28.604200095221312,MASP2_Helo_CM,447
406,812.0,28.047663461981518,MASP2_Helo_CM,447
407,814.0,27.640809963072762,MASP2_Helo_CM,447
408,816.0,28.855832682187362,MASP2_Helo_CM,447
409,818.0,27.923097654096477,MASP2_Helo_CM,447
410,820.0,28.46375972777611,MASP2_Helo_CM,447
411,822.0,26.76289131545645,MASP2_Helo_CM,447
412,824.0,26.731514706393344,MASP2_Helo_CM,447
413,826.0,25.956409810909495,MASP2_Helo_CM,447
414,828.0,24.89795697750384,MASP2_Helo_CM,447
415,830.0,26.14315834741703,MASP2_Helo_CM,447
416,832.0,25.221146887886302,MASP2_Helo_CM,447
417,834.0,25.441520818101168,MASP2_Helo_CM,447
418,836.0,23.949747258754527,MASP2_Helo_CM,447
419,838.0,22.21126780942981,MASP2_Helo_CM,447
420,840.0,23.73157788218745,MASP2_Helo_CM,447
421,842.0,23.257426101015827,MASP2_Helo_CM,447
422,844.0,25.985866370961546,MASP2_Helo_CM,447
423,846.0,25.09494582524256,MASP2_Helo_CM,447
424,848.0,26.360600644850063,MASP2_Helo_CM,447
425,850.0,26.499819771510687,MASP2_Helo_CM,447
426,852.0,28.62719387997283,MASP2_Helo_CM,447
427,854.0,29.904984887563007,MASP2_Helo_CM,447
428,856.0,28.78772742784667,MASP2_Helo_CM,447
429,858.0,29.34828479317923,MASP2_Helo_CM,447
430,860.0,27.547588383259264,MASP2_Helo_CM,447
431,862.0,27.908445463946688,MASP2_Helo_CM,447
432,864.0,26.84784790275384,MASP2_Helo_CM,447
433,866.0,28.489705328602515,MASP2_Helo_CM,447
434,868.0,28.18355776365098,MASP2_Helo_CM,447
435,870.0,27.45411480940149,MASP2_Helo_CM,447
436,872.0,29.2177510955898,MASP2_Helo_CM,447
437,874.0,28.384438607971468,MASP2_Helo_CM,447
438,876.0,27.914197012748215,MASP2_Helo_CM,447
439,878.0,27.611956802617037,MASP2_Helo_CM,447
440,880.0,26.53815179974416,MASP2_Helo_CM,447
441,882.0,26.960635337317534,MASP2_Helo_CM,447
442,884.0,25.195513561745628,MASP2_Helo_CM,447
443,886.0,24.925992975629217,MASP2_Helo_CM,447
444,888.0,22.449796371106924,MASP2_Helo_CM,447
445,890.0,21.475696051007105,MASP2_Helo_CM,447
446,892.0,24.2098830485152,MASP2_Helo_CM,447
447,894.0,26.558539022530763,MASP2_Helo_CM,447
448,896.0,24.752400959633324,MASP2_Helo_CM,447
449,898.0,24.862198869670735,MASP2_Helo_CM,447
450,900.0,25.112960189794045,MASP2_Helo_CM,447
451,902.0,26.443248563104977,MASP2_Helo_CM,447
452,904.0,26.858072307561663,MASP2_Helo_CM,447
453,906.0,28.224634687753333,MASP2_Helo_CM,447
454,908.0,27.846607166729587,MASP2_Helo_CM,447
455,910.0,28.43333804404862,MASP2_Helo_CM,447
456,912.0,26.498816058303788,MASP2_Helo_CM,447
457,914.0,28.930890086013747,MASP2_Helo_CM,447
458,916.0,28.489614825920878,MASP2_Helo_CM,447
459,918.0,26.137695224513447,MASP2_Helo_CM,447
460,920.0,25.760436369908213,MASP2_Helo_CM,447
461,922.0,27.160042204480806,MASP2_Helo_CM,447
462,924.0,26.855159772320004,MASP2_Helo_CM,447
463,926.0,25.40592826543628,MASP2_Helo_CM,447
464,928.0,25.99935518258283,MASP2_Helo_CM,447
465,930.0,25.44496408752854,MASP2_Helo_CM,447
466,932.0,23.33784789889439,MASP2_Helo_CM,447
467,934.0,24.073244152521912,MASP2_Helo_CM,447
468,936.0,23.49811743935936,MASP2_Helo_CM,447
469,938.0,22.77729262966269,MASP2_Helo_CM,447
470,940.0,24.054777691657723,MASP2_Helo_CM,447
471,942.0,25.578493891015746,MASP2_Helo_CM,447
472,944.0,24.58959717872268,MASP2_Helo_CM,447
473,946.0,22.890309317381547,MASP2_Helo_CM,447
474,948.0,24.294705885156834,MASP2_Helo_CM,447
475,950.0,23.224609951364112,MASP2_Helo_CM,447
476,952.0,25.218650546773553,MASP2_Helo_CM,447
477,954.0,24.000264220966084,MASP2_Helo_CM,447
478,956.0,21.27762523111553,MASP2_Helo_CM,447
479,958.0,19.910108858031442,MASP2_Helo_CM,447
480,960.0,23.167962076068726,MASP2_Helo_CM,447
481,962.0,23.41525613435599,MASP2_Helo_CM,447
482,964.0,24.417710899937095,MASP2_Helo_CM,447
483,966.0,26.12625410304885,MASP2_Helo_CM,447
484,968.0,25.269187028497324,MASP2_Helo_CM,447
485,970.0,27.860549278085116,MASP2_Helo_CM,447
486,972.0,28.506210671992687,MASP2_Helo_CM,447
487,974.0,31.024718358344252,MASP2_Helo_CM,447
488,976.0,28.684705238708787,MASP2_Helo_CM,447
489,978.0,27.58062875952327,MASP2_Helo_CM,447
490,980.0,29.064485494980705,MASP2_Helo_CM,447
491,982.0,26.79152642489685,MASP2_Helo_CM,447
492,984.0,28.246109743678335,MASP2_Helo_CM,447
493,986.0,28.299791902748087,MASP2_Helo_CM,447
494,988.0,29.336862398462166,MASP2_Helo_CM,447
495,990.0,29.652126121467926,MASP2_Helo_CM,447
496,992.0,31.34696784568309,MASP2_Helo_CM,447
497,994.0,32.36400957086822,MASP2_Helo_CM,447
498,996.0,30.980387074076095,MASP2_Helo_CM,447
499,998.0,31.00739862981491,MASP2_Helo_CM,447
500,1000.0,28.63374291879729,MASP2_Helo_CM,447
501,1002.0,29.154517350438,MASP2_Helo_CM,447
502,1004.0,29.90507950453145,MASP2_Helo_CM,447
503,1006.0,30.861662097506258,MASP2_Helo_CM,447
504,1008.0,29.1725067862999,MASP2_Helo_CM,447
505,1010.0,26.951756426738513,MASP2_Helo_CM,447
506,1012.0,26.746781538444917,MASP2_Helo_CM,447
507,1014.0,29.02263201093005,MASP2_Helo_CM,447
508,1016.0,25.625711091668393,MASP2_Helo_CM,447
509,1018.0,26.49438777312593,MASP2_Helo_CM,447
510,1020.0,24.385515587582287,MASP2_Helo_CM,447
511,1022.0,23.338769742331507,MASP2_Helo_CM,447
512,1024.0,22.911819746069966,MASP2_Helo_CM,447
513,1026.0,22.36342951817252,MASP2_Helo_CM,447
514,1028.0,24.49616227340207,MASP2_Helo_CM,447
515,1030.0,26.43335731879882,MASP2_Helo_CM,447
516,1032.0,26.024688234513665,MASP2_Helo_CM,447
517,1034.0,26.446123495675213,MASP2_Helo_CM,447
518,1036.0,25.53129043709067,MASP2_Helo_CM,447
519,1038.0,29.002738499829245,MASP2_Helo_CM,447
520,1040.0,27.522821370077832,MASP2_Helo_CM,447
521,1042.0,27.947875687716163,MASP2_Helo_CM,447
522,1044.0,26.610875163515136,MASP2_Helo_CM,447
523,1046.0,26.467184952993694,MASP2_Helo_CM,447
524,1048.0,26.51730016687013,MASP2_Helo_CM,447
525,1050.0,27.340206043915256,MASP2_Helo_CM,447
526,1052.0,27.18749004691147,MASP2_Helo_CM,447
527,1054.0,26.94168931943736,MASP2_Helo_CM,447
528,1056.0,26.85849783327812,MASP2_Helo_CM,447
529,1058.0,29.37382623342932,MASP2_Helo_CM,447
530,1060.0,28.034011357313176,MASP2_Helo_CM,447
531,1062.0,26.877370617977835,MASP2_Helo_CM,447
532,1064.0,26.50718460957497,MASP2_Helo_CM,447
533,1066.0,25.020187181286122,MASP2_Helo_CM,447
534,1068.0,26.85816822063956,MASP2_Helo_CM,447
535,1070.0,26.29441626756935,MASP2_Helo_CM,447
536,1072.0,27.475663663136697,MASP2_Helo_CM,447
537,1074.0,27.833339689369307,MASP2_Helo_CM,447
538,1076.0,28.821610011792114,MASP2_Helo_CM,447
539,1078.0,29.837915632982362,MASP2_Helo_CM,447
540,1080.0,30.089717477993137,MASP2_Helo_CM,447
541,1082.0,29.162167259931927,MASP2_Helo_CM,447
542,1084.0,32.070769738454636,MASP2_Helo_CM,447
543,1086.0,30.247751130329373,MASP2_Helo_CM,447
544,1088.0,28.28893000176732,MASP2_Helo_CM,447
545,1090.0,30.564153103996805,MASP2_Helo_CM,447
546,1092.0,28.458926274955612,MASP2_Helo_CM,447
547,1094.0,30.630954133468894,MASP2_Helo_CM,447
548,1096.0,29.161613243224224,MASP2_Helo_CM,447
549,1098.0,26.792948793071115,MASP2_Helo_CM,447
550,1100.0,24.84004195451222,MASP2_Helo_CM,447
551,1102.0,27.610156735795538,MASP2_Helo_CM,447
552,1104.0,25.226945859875133,MASP2_Helo_CM,447
553,1106.0,25.13114400350964,MASP2_Helo_CM,447
554,1108.0,24.78438456153016,MASP2_Helo_CM,447
555,1110.0,26.021938060240767,MASP2_Helo_CM,447
556,1112.0,25.13159170957149,MASP2_Helo_CM,447
557,1114.0,25.48983545000553,MASP2_Helo_CM,447
558,1116.0,25.404430429513184,MASP2_Helo_CM,447
559,1118.0,24.969610471751547,MASP2_Helo_CM,447
560,1120.0,26.068697412156663,MASP2_Helo_CM,447
561,1122.0,25.555124984321804,MASP2_Helo_CM,447
562,1124.0,24.494334404328686,MASP2_Helo_CM,447
563,1126.0,23.933874472377664,MASP2_Helo_CM,447
564,1128.0,22.278973320099208,MASP2_Helo_CM,447
565,1130.0,20.388609455255715,MASP2_Helo_CM,447
566,1132.0,22.867181356452452,MASP2_Helo_CM,447
567,1134.0,22.34409877787805,MASP2_Helo_CM,447
568,1136.0,21.250344599225645,MASP2_Helo_CM,447
569,1138.0,22.544570855427295,MASP2_Helo_CM,447
570,1140.0,26.026828996341344,MASP2_Helo_CM,447
571,1142.0,28.353782826662503,MASP2_Helo_CM,447
572,1144.0,28.755783984488772,MASP2_Helo_CM,447
573,1146.0,27.769945956442594,MASP2_Helo_CM,447
574,1148.0,28.025315114964652,MASP2_Helo_CM,447
575,1150.0,25.52135746383918,MASP2_Helo_CM,447
576,1152.0,28.312054157006585,MASP2_Helo_CM,447
577,1154.0,27.831954670546853,MASP2_Helo_CM,447
578,1156.0,26.543622032663166,MASP2_Helo_CM,447
579,1158.0,27.023270277937872,MASP2_Helo_CM,447
580,1160.0,28.711807845390428,MASP2_Helo_CM,447
581,1162.0,27.52491966180305,MASP2_Helo_CM,447
582,1164.0,25.720440597798863,MASP2_Helo_CM,447
583,1166.0,25.65956561759252,MASP2_Helo_CM,447
584,1168.0,26.931081229348255,MASP2_Helo_CM,447
585,1170.0,26.564171866264235,MASP2_Helo_CM,447
586,1172.0,26.70971499495505,MASP2_Helo_CM,447
587,1174.0,27.0083071067635,MASP2_Helo_CM,447
588,1176.0,26.66172013661524,MASP2_Helo_CM,447
589,1178.0,27.626595973635297,MASP2_Helo_CM,447
590,1180.0,26.728376820304668,MASP2_Helo_CM,447
591,1182.0,26.0128036077951,MASP2_Helo_CM,447
592,1184.0,27.6477859255233,MASP2_Helo_CM,447
593,1186.0,28.936816269010386,MASP2_Helo_CM,447
594,1188.0,28.077849859856727,MASP2_Helo_CM,447
595,1190.0,28.71601412414545,MASP2_Helo_CM,447
596,1192.0,27.57936758114175,MASP2_Helo_CM,447
597,1194.0,28.549072081793028,MASP2_Helo_CM,447
598,1196.0,27.04876919089606,MASP2_Helo_CM,447
599,1198.0,28.595472775673404,MASP2_Helo_CM,447
600,1200.0,27.085838954899312,MASP2_Helo_CM,447
601,1202.0,26.29942309617152,MASP2_Helo_CM,447
602,1204.0,25.431878485892007,MASP2_Helo_CM,447
603,1206.0,25.256978050830362,MASP2_Helo_CM,447
604,1208.0,24.218928189559307,MASP2_Helo_CM,447
605,1210.0,25.11567046756035,MASP2_Helo_CM,447
606,1212.0,25.394535037990448,MASP2_Helo_CM,447
607,1214.0,26.52815411344732,MASP2_Helo_CM,447
608,1216.0,24.172075690094026,MASP2_Helo_CM,447
609,1218.0,23.800131492058274,MASP2_Helo_CM,447
610,1220.0,25.0207838842187,MASP2_Helo_CM,447
611,1222.0,24.828823374557466,MASP2_Helo_CM,447
612,1224.0,23.34475577001461,MASP2_Helo_CM,447
613,1226.0,24.193572333726774,MASP2_Helo_CM,447
614,1228.0,22.596844451438248,MASP2_Helo_CM,447
615,1230.0,23.60058567120919,MASP2_Helo_CM,447
616,1232.0,23.67369840816656,MASP2_Helo_CM,447
617,1234.0,20.685984425910966,MASP2_Helo_CM,447
618,1236.0,23.21292974651179,MASP2_Helo_CM,447
619,1238.0,24.477183335575834,MASP2_Helo_CM,447
620,1240.0,24.045541980194326,MASP2_Helo_CM,447
621,1242.0,24.67342215385492,MASP2_Helo_CM,447
622,1244.0,26.43525585344577,MASP2_Helo_CM,447
623,1246.0,27.418838334599585,MASP2_Helo_CM,447
624,1248.0,26.01598906895289,MASP2_Helo_CM,447
625,1250.0,23.28952303219854,MASP2_Helo_CM,447
626,1252.0,23.118023758387977,MASP2_Helo_CM,447
627,1254.0,22.26356096661666,MASP2_Helo_CM,447
628,1256.0,20.66658466506201,MASP2_Helo_CM,447
629,1258.0,22.931679877380173,MASP2_Helo_CM,447
630,1260.0,23.829481529839068,MASP2_Helo_CM,447
631,1262.0,25.09786025849155,MASP2_Helo_CM,447
632,1264.0,24.8192112284578,MASP2_Helo_CM,447
633,1266.0,23.406459013853684,MASP2_Helo_CM,447
634,1268.0,23.250869134118254,MASP2_Helo_CM,447
635,1270.0,26.380212069384886,MASP2_Helo_CM,447
636,1272.0,29.140856471574345,MASP2_Helo_CM,447
637,1274.0,28.491885744125454,MASP2_Helo_CM,447
638,1276.0,29.854039152722795,MASP2_Helo_CM,447
639,1278.0,29.496812865242244,MASP2_Helo_CM,447
640,1280.0,32.470362807606726,MASP2_Helo_CM,447
641,1282.0,30.804671143460773,MASP2_Helo_CM,447
642,1284.0,28.70527556044512,MASP2_Helo_CM,447
643,1286.0,27.978374940499837,MASP2_Helo_CM,447
644,1288.0,27.611283347206463,MASP2_Helo_CM,447
645,1290.0,25.534908959932245,MASP2_Helo_CM,447
646,1292.0,25.515930590464404,MASP2_Helo_CM,447
647,1294.0,24.490778782641343,MASP2_Helo_CM,447
648,1296.0,24.118929957391973,MASP2_Helo_CM,447
649,1298.0,25.632463600566066,MASP2_Helo_CM,447
650,1300.0,25.312521967402525,MASP2_Helo_CM,447
651,1302.0,26.895724598661342,MASP2_Helo_CM,447
652,1304.0,29.54102484236859,MASP2_Helo_CM,447
653,1306.0,28.72850083527512,MASP2_Helo_CM,447
654,1308.0,31.89614986283386,MASP2_Helo_CM,447
655,1310.0,29.585404460986677,MASP2_Helo_CM,447
656,1312.0,28.950116218599753,MASP2_Helo_CM,447
657,1314.0,27.660896880640827,MASP2_Helo_CM,447
658,1316.0,28.491905077915987,MASP2_Helo_CM,447
659,1318.0,27.79043557819539,MASP2_Helo_CM,447
660,1320.0,28.166510962795428,MASP2_Helo_CM,447
661,1322.0,27.940379903997375,MASP2_Helo_CM,447
662,1324.0,27.479313849117275,MASP2_Helo_CM,447
663,1326.0,27.45334237145923,MASP2_Helo_CM,447
664,1328.0,27.489611304868905,MASP2_Helo_CM,447
665,1330.0,27.162144651874776,MASP2_Helo_CM,447
666,1332.0,26.78516424707134,MASP2_Helo_CM,447
667,1334.0,27.57091951521722,MASP2_Helo_CM,447
668,1336.0,28.35391850206949,MASP2_Helo_CM,447
669,1338.0,27.80637687917968,MASP2_Helo_CM,447
670,1340.0,27.07517029947176,MASP2_Helo_CM,447
671,1342.0,25.0507740336893,MASP2_Helo_CM,447
672,1344.0,24.439409486126983,MASP2_Helo_CM,447
673,1346.0,24.41693145901862,MASP2_Helo_CM,447
674,1348.0,24.506769491639588,MASP2_Helo_CM,447
675,1350.0,25.177836075451197,MASP2_Helo_CM,447
676,1352.0,27.23175486927134,MASP2_Helo_CM,447
677,1354.0,29.394503040118074,MASP2_Helo_CM,447
678,1356.0,29.701057464409843,MASP2_Helo_CM,447
679,1358.0,29.68795657855821,MASP2_Helo_CM,447
680,1360.0,29.51075030481427,MASP2_Helo_CM,447
681,1362.0,26.296846946064772,MASP2_Helo_CM,447
682,1364.0,28.198596435849595,MASP2_Helo_CM,447
683,1366.0,24.136343315211445,MASP2_Helo_CM,447
684,1368.0,27.29529674497204,MASP2_Helo_CM,447
685,1370.0,25.809831534740177,MASP2_Helo_CM,447
686,1372.0,26.731967727782056,MASP2_Helo_CM,447
687,1374.0,24.627525110693586,MASP2_Helo_CM,447
688,1376.0,25.278755177356842,MASP2_Helo_CM,447
689,1378.0,25.34549447799488,MASP2_Helo_CM,447
690,1380.0,25.615549826716048,MASP2_Helo_CM,447
691,1382.0,27.11860606793137,MASP2_Helo_CM,447
692,1384.0,26.266749478302337,MASP2_Helo_CM,447
693,1386.0,24.736634222950908,MASP2_Helo_CM,447
694,1388.0,23.900558569853686,MASP2_Helo_CM,447
695,1390.0,24.343922741272813,MASP2_Helo_CM,447
696,1392.0,25.359363666851188,MASP2_Helo_CM,447
697,1394.0,26.04848876309015,MASP2_Helo_CM,447
698,1396.0,27.61856528344794,MASP2_Helo_CM,447
699,1398.0,26.1053844423012,MASP2_Helo_CM,447
700,1400.0,26.086260960307378,MASP2_Helo_CM,447
701,1402.0,28.839220104049275,MASP2_Helo_CM,447
702,1404.0,33.8675931490475,MASP2_Helo_CM,447
703,1406.0,32.497563462767054,MASP2_Helo_CM,447
704,1408.0,29.587834774675887,MASP2_Helo_CM,447
705,1410.0,31.833572962820913,MASP2_Helo_CM,447
706,1412.0,32.67206726411463,MASP2_Helo_CM,447
707,1414.0,31.241548897831034,MASP2_Helo_CM,447
708,1416.0,29.8340901332664,MASP2_Helo_CM,447
709,1418.0,28.61573568755159,MASP2_Helo_CM,447
710,1420.0,26.22285502728915,MASP2_Helo_CM,447
711,1422.0,28.625674105744096,MASP2_Helo_CM,447
712,1424.0,31.625078672749215,MASP2_Helo_CM,447
713,1426.0,31.725525586501437,MASP2_Helo_CM,447
714,1428.0,30.650316067278553,MASP2_Helo_CM,447
715,1430.0,29.428367234485926,MASP2_Helo_CM,447
716,1432.0,29.443759951677137,MASP2_Helo_CM,447
717,1434.0,28.00045019308814,MASP2_Helo_CM,447
718,1436.0,28.196562381206206,MASP2_Helo_CM,447
719,1438.0,27.36505368327183,MASP2_Helo_CM,447
720,1440.0,26.573790033614937,MASP2_Helo_CM,447
721,1442.0,28.146354602838716,MASP2_Helo_CM,447
722,1444.0,27.38881014006608,MASP2_Helo_CM,447
723,1446.0,27.687967351979673,MASP2_Helo_CM,447
724,1448.0,26.223050474336596,MASP2_Helo_CM,447
725,1450.0,26.416477923179514,MASP2_Helo_CM,447
726,1452.0,27.35768731283589,MASP2_Helo_CM,447
727,1454.0,25.90717710805161,MASP2_Helo_CM,447
728,1456.0,26.98236653229328,MASP2_Helo_CM,447
729,1458.0,25.417310467039812,MASP2_Helo_CM,447
730,1460.0,28.73477462234556,MASP2_Helo_CM,447
731,1462.0,27.445484396042747,MASP2_Helo_CM,447
732,1464.0,28.483180164090957,MASP2_Helo_CM,447
733,1466.0,26.0830089226081,MASP2_Helo_CM,447
734,1468.0,28.908813125359686,MASP2_Helo_CM,447
735,1470.0,28.560431106485748,MASP2_Helo_CM,447
736,1472.0,29.46737250195791,MASP2_Helo_CM,447
737,1474.0,29.20381521457913,MASP2_Helo_CM,447
738,1476.0,28.676784419353627,MASP2_Helo_CM,447
739,1478.0,28.888632323085087,MASP2_Helo_CM,447
740,1480.0,29.018035101065646,MASP2_Helo_CM,447
741,1482.0,28.454590723804927,MASP2_Helo_CM,447
742,1484.0,30.229182376251643,MASP2_Helo_CM,447
743,1486.0,29.173377405339046,MASP2_Helo_CM,447
744,1488.0,29.13948005706679,MASP2_Helo_CM,447
745,1490.0,28.926433889209033,MASP2_Helo_CM,447
746,1492.0,27.41589625635267,MASP2_Helo_CM,447
747,1494.0,28.71511236779339,MASP2_Helo_CM,447
748,1496.0,29.06500871043144,MASP2_Helo_CM,447
749,1498.0,25.1271582786459,MASP2_Helo_CM,447
750,1500.0,26.548147312761436,MASP2_Helo_CM,447
751,1502.0,24.883248766308466,MASP2_Helo_CM,447
752,1504.0,25.49761746433222,MASP2_Helo_CM,447
753,1506.0,25.44957189279974,MASP2_Helo_CM,447
754,1508.0,25.997093894825916,MASP2_Helo_CM,447
755,1510.0,25.873899372147385,MASP2_Helo_CM,447
756,1512.0,27.28605182517448,MASP2_Helo_CM,447
757,1514.0,26.961390897083096,MASP2_Helo_CM,447
758,1516.0,26.765502687692308,MASP2_Helo_CM,447
759,1518.0,26.94997833115283,MASP2_Helo_CM,447
760,1520.0,26.09151688848522,MASP2_Helo_CM,447
761,1522.0,25.639866461952973,MASP2_Helo_CM,447
762,1524.0,23.675585279725997,MASP2_Helo_CM,447
763,1526.0,25.478373776006617,MASP2_Helo_CM,447
764,1528.0,25.34511157401808,MASP2_Helo_CM,447
765,1530.0,24.417173213621673,MASP2_Helo_CM,447
766,1532.0,25.617715182538202,MASP2_Helo_CM,447
767,1534.0,24.738885510806906,MASP2_Helo_CM,447
768,1536.0,26.252886090284704,MASP2_Helo_CM,447
769,1538.0,26.064749823794482,MASP2_Helo_CM,447
770,1540.0,27.26521973096953,MASP2_Helo_CM,447
771,1542.0,25.41163560727719,MASP2_Helo_CM,447
772,1544.0,27.21017824877782,MASP2_Helo_CM,447
773,1546.0,25.492410938299887,MASP2_Helo_CM,447
774,1548.0,26.93535405551253,MASP2_Helo_CM,447
775,1550.0,26.436616234167975,MASP2_Helo_CM,447
776,1552.0,25.448995769359662,MASP2_Helo_CM,447
777,1554.0,24.21757521456714,MASP2_Helo_CM,447
778,1556.0,24.060876431632934,MASP2_Helo_CM,447
779,1558.0,23.66169087227171,MASP2_Helo_CM,447
780,1560.0,25.096593754099928,MASP2_Helo_CM,447
781,1562.0,24.21796624119569,MASP2_Helo_CM,447
782,1564.0,24.812171558343252,MASP2_Helo_CM,447
783,1566.0,25.573901369521547,MASP2_Helo_CM,447
784,1568.0,23.473994644967057,MASP2_Helo_CM,447
785,1570.0,23.936372891048066,MASP2_Helo_CM,447
786,1572.0,23.546197278390284,MASP2_Helo_CM,447
787,1574.0,23.29799535368529,MASP2_Helo_CM,447
788,1576.0,22.753357026653028,MASP2_Helo_CM,447
789,1578.0,22.38754319191231,MASP2_Helo_CM,447
790,1580.0,22.427047682556346,MASP2_Helo_CM,447
791,1582.0,22.579729744028974,MASP2_Helo_CM,447
792,1584.0,21.23009211550911,MASP2_Helo_CM,447
793,1586.0,19.78388860461016,MASP2_Helo_CM,447
794,1588.0,19.001838947362387,MASP2_Helo_CM,447
795,1590.0,18.126703747348536,MASP2_Helo_CM,447
796,1592.0,20.32362456938482,MASP2_Helo_CM,447
797,1594.0,19.118363101073907,MASP2_Helo_CM,447
798,1596.0,19.383183199146348,MASP2_Helo_CM,447
799,1598.0,20.297082193125632,MASP2_Helo_CM,447
800,1600.0,21.734819742177134,MASP2_Helo_CM,447
801,1602.0,21.521923243146453,MASP2_Helo_CM,447
802,1604.0,21.87736564601447,MASP2_Helo_CM,447
803,1606.0,23.140669442765578,MASP2_Helo_CM,447
804,1608.0,22.122552046050707,MASP2_Helo_CM,447
805,1610.0,22.950285614187166,MASP2_Helo_CM,447
806,1612.0,23.441119639075293,MASP2_Helo_CM,447
807,1614.0,23.89724074710904,MASP2_Helo_CM,447
808,1616.0,23.237607329165296,MASP2_Helo_CM,447
809,1618.0,22.592157846387945,MASP2_Helo_CM,447
810,1620.0,21.363123334778273,MASP2_Helo_CM,447
811,1622.0,20.921384764183806,MASP2_Helo_CM,447
812,1624.0,18.16874302225206,MASP2_Helo_CM,447
813,1626.0,18.798275939018996,MASP2_Helo_CM,447
814,1628.0,18.577590265895346,MASP2_Helo_CM,447
815,1630.0,21.336432365541807,MASP2_Helo_CM,447
816,1632.0,21.485288297388195,MASP2_Helo_CM,447
817,1634.0,20.31594673365763,MASP2_Helo_CM,447
818,1636.0,20.093755319919115,MASP2_Helo_CM,447
819,1638.0,18.963484569040887,MASP2_Helo_CM,447
820,1640.0,19.966501859578205,MASP2_Helo_CM,447
821,1642.0,20.937242391848994,MASP2_Helo_CM,447
822,1644.0,20.848061024001858,MASP2_Helo_CM,447
823,1646.0,19.771467498906723,MASP2_Helo_CM,447
824,1648.0,20.8750811448135,MASP2_Helo_CM,447
825,1650.0,19.038196332187486,MASP2_Helo_CM,447
826,1652.0,18.37893761242372,MASP2_Helo_CM,447
827,1654.0,19.092123040906912,MASP2_Helo_CM,447
828,1656.0,18.90107442543784,MASP2_Helo_CM,447
829,1658.0,20.161835180479887,MASP2_Helo_CM,447
830,1660.0,19.839381960384554,MASP2_Helo_CM,447
831,1662.0,20.302904633677624,MASP2_Helo_CM,447
832,1664.0,17.34639137714556,MASP2_Helo_CM,447
833,1666.0,19.15928433862181,MASP2_Helo_CM,447
834,1668.0,16.236567274971357,MASP2_Helo_CM,447
835,1670.0,16.789374250679387,MASP2_Helo_CM,447
836,1672.0,15.426169244055211,MASP2_Helo_CM,447
837,1674.0,13.377622400488056,MASP2_Helo_CM,447
838,1676.0,15.570903563969601,MASP2_Helo_CM,447
839,1678.0,14.929679992365378,MASP2_Helo_CM,447
840,1680.0,16.18729184548882,MASP2_Helo_CM,447
841,1682.0,16.623403516914877,MASP2_Helo_CM,447
842,1684.0,16.67525505337126,MASP2_Helo_CM,447
843,1686.0,17.021478303884667,MASP2_Helo_CM,447
844,1688.0,16.199811813516458,MASP2_Helo_CM,447
845,1690.0,16.288116031815232,MASP2_Helo_CM,447
846,1692.0,15.828748182814353,MASP2_Helo_CM,447
847,1694.0,18.23787009446718,MASP2_Helo_CM,447
848,1696.0,17.31754968994216,MASP2_Helo_CM,447
849,1698.0,17.564513714568854,MASP2_Helo_CM,447
850,1700.0,17.72243051966206,MASP2_Helo_CM,447
851,1702.0,19.375266769611354,MASP2_Helo_CM,447
852,1704.0,20.499042117394684,MASP2_Helo_CM,447
853,1706.0,18.967532434002823,MASP2_Helo_CM,447
854,1708.0,19.00924480554122,MASP2_Helo_CM,447
855,1710.0,21.389375566467418,MASP2_Helo_CM,447
856,1712.0,21.384356869983236,MASP2_Helo_CM,447
857,1714.0,20.545064808224588,MASP2_Helo_CM,447
858,1716.0,21.009126448863878,MASP2_Helo_CM,447
859,1718.0,21.931160275430152,MASP2_Helo_CM,447
860,1720.0,22.203962661611772,MASP2_Helo_CM,447
861,1722.0,21.673668576532464,MASP2_Helo_CM,447
862,1724.0,20.304031356465753,MASP2_Helo_CM,447
863,1726.0,22.88736425957214,MASP2_Helo_CM,447
864,1728.0,20.68109521481256,MASP2_Helo_CM,447
865,1730.0,20.727518113202194,MASP2_Helo_CM,447
866,1732.0,20.96532219816374,MASP2_Helo_CM,447
867,1734.0,20.49859056658234,MASP2_Helo_CM,447
868,1736.0,20.912089934772126,MASP2_Helo_CM,447
869,1738.0,20.962316794425735,MASP2_Helo_CM,447
870,1740.0,20.491933661101143,MASP2_Helo_CM,447
871,1742.0,20.22478458209251,MASP2_Helo_CM,447
872,1744.0,21.02387570847188,MASP2_Helo_CM,447
873,1746.0,21.156004689895287,MASP2_Helo_CM,447
874,1748.0,20.203766862056803,MASP2_Helo_CM,447
875,1750.0,21.127151687495108,MASP2_Helo_CM,447
876,1752.0,19.27876958820074,MASP2_Helo_CM,447
877,1754.0,21.016666806022425,MASP2_Helo_CM,447
878,1756.0,20.533843159881247,MASP2_Helo_CM,447
879,1758.0,21.222799064207003,MASP2_Helo_CM,447
880,1760.0,20.571687568071,MASP2_Helo_CM,447
881,1762.0,21.453446109321387,MASP2_Helo_CM,447
882,1764.0,20.109266554273507,MASP2_Helo_CM,447
883,1766.0,20.688025667386018,MASP2_Helo_CM,447
884,1768.0,18.93039655454901,MASP2_Helo_CM,447
885,1770.0,19.5737751027072,MASP2_Helo_CM,447
886,1772.0,20.04702625641287,MASP2_Helo_CM,447
887,1774.0,19.830065036478704,MASP2_Helo_CM,447
888,1776.0,19.209131832988557,MASP2_Helo_CM,447
889,1778.0,20.656889364720865,MASP2_Helo_CM,447
890,1780.0,18.912719406445312,MASP2_Helo_CM,447
891,1782.0,18.235307777517782,MASP2_Helo_CM,447
892,1784.0,17.813094813852285,MASP2_Helo_CM,447
893,1786.0,19.405278556795395,MASP2_Helo_CM,447
894,1788.0,20.588084839703388,MASP2_Helo_CM,447
895,1790.0,19.11548707570341,MASP2_Helo_CM,447
896,1792.0,19.82558106937964,MASP2_Helo_CM,447
897,1794.0,20.855724581907143,MASP2_Helo_CM,447
898,1796.0,21.886599551532573,MASP2_Helo_CM,447
899,1798.0,20.723670801344667,MASP2_Helo_CM,447
900,1800.0,20.602040907077615,MASP2_Helo_CM,447
901,1802.0,20.93487024123151,MASP2_Helo_CM,447
902,1804.0,20.88065688580737,MASP2_Helo_CM,447
903,1806.0,21.752717057456785,MASP2_Helo_CM,447
904,1808.0,21.27040197107192,MASP2_Helo_CM,447
905,1810.0,22.396889956753952,MASP2_Helo_CM,447
906,1812.0,21.76684049529627,MASP2_Helo_CM,447
907,1814.0,21.472004804287252,MASP2_Helo_CM,447
908,1816.0,23.409148297464384,MASP2_Helo_CM,447
909,1818.0,22.237923354477193,MASP2_Helo_CM,447
910,1820.0,22.097858405887298,MASP2_Helo_CM,447
911,1822.0,21.58532581681138,MASP2_Helo_CM,447
912,1824.0,21.57963216431364,MASP2_Helo_CM,447
913,1826.0,21.50410816731893,MASP2_Helo_CM,447
914,1828.0,21.49595012689334,MASP2_Helo_CM,447
915,1830.0,23.261791298892273,MASP2_Helo_CM,447
916,1832.0,23.099726996508558,MASP2_Helo_CM,447
917,1834.0,23.234272285930324,MASP2_Helo_CM,447
918,1836.0,22.830332089568905,MASP2_Helo_CM,447
919,1838.0,23.281638340433492,MASP2_Helo_CM,447
920,1840.0,22.073424142976478,MASP2_Helo_CM,447
921,1842.0,23.76383070618976,MASP2_Helo_CM,447
922,1844.0,21.959690376826476,MASP2_Helo_CM,447
923,1846.0,25.069467694716554,MASP2_Helo_CM,447
924,1848.0,22.027389219735444,MASP2_Helo_CM,447
925,1850.0,22.34435537514067,MASP2_Helo_CM,447
926,1852.0,22.017227918064627,MASP2_Helo_CM,447
927,1854.0,21.25803215905961,MASP2_Helo_CM,447
928,1856.0,23.212311435798348,MASP2_Helo_CM,447
929,1858.0,21.5647283942837,MASP2_Helo_CM,447
930,1860.0,21.59480547238532,MASP2_Helo_CM,447
931,1862.0,21.111291587658414,MASP2_Helo_CM,447
932,1864.0,21.91368489728031,MASP2_Helo_CM,447
933,1866.0,22.085523659210065,MASP2_Helo_CM,447
934,1868.0,22.082894024530027,MASP2_Helo_CM,447
935,1870.0,20.76240125416578,MASP2_Helo_CM,447
936,1872.0,23.16861515516491,MASP2_Helo_CM,447
937,1874.0,22.16972568617369,MASP2_Helo_CM,447
938,1876.0,22.702290430736028,MASP2_Helo_CM,447
939,1878.0,21.764181516300958,MASP2_Helo_CM,447
940,1880.0,22.78252965022224,MASP2_Helo_CM,447
941,1882.0,21.001020171870756,MASP2_Helo_CM,447
942,1884.0,20.980363462232155,MASP2_Helo_CM,447
943,1886.0,20.38823950209592,MASP2_Helo_CM,447
944,1888.0,20.042813793026212,MASP2_Helo_CM,447
945,1890.0,19.78397073702859,MASP2_Helo_CM,447
946,1892.0,20.29200858911781,MASP2_Helo_CM,447
947,1894.0,20.33162407107288,MASP2_Helo_CM,447
948,1896.0,20.361512568416163,MASP2_Helo_CM,447
949,1898.0,21.188109208204857,MASP2_Helo_CM,447
950,1900.0,19.88399286981546,MASP2_Helo_CM,447
951,1902.0,20.16010715074523,MASP2_Helo_CM,447
952,1904.0,21.124695804745446,MASP2_Helo_CM,447
953,1906.0,20.574888264566994,MASP2_Helo_CM,447
954,1908.0,19.731338729843017,MASP2_Helo_CM,447
955,1910.0,20.92910710660788,MASP2_Helo_CM,447
956,1912.0,20.936704390950528,MASP2_Helo_CM,447
957,1914.0,20.357869360989213,MASP2_Helo_CM,447
958,1916.0,20.624792896944562,MASP2_Helo_CM,447
959,1918.0,20.448166520278427,MASP2_Helo_CM,447
960,1920.0,21.407922730129517,MASP2_Helo_CM,447
961,1922.0,21.39660153270462,MASP2_Helo_CM,447
962,1924.0,20.005292242630336,MASP2_Helo_CM,447
963,1926.0,19.051048009785195,MASP2_Helo_CM,447
964,1928.0,20.532399960575113,MASP2_Helo_CM,447
965,1930.0,19.708316343247265,MASP2_Helo_CM,447
966,1932.0,18.944219411813457,MASP2_Helo_CM,447
967,1934.0,19.196618219353105,MASP2_Helo_CM,447
968,1936.0,19.619483025728766,MASP2_Helo_CM,447
969,1938.0,19.55907754327291,MASP2_Helo_CM,447
970,1940.0,19.350716413897413,MASP2_Helo_CM,447
971,1942.0,18.30644338895046,MASP2_Helo_CM,447
972,1944.0,19.178926107388154,MASP2_Helo_CM,447
973,1946.0,20.985011587825444,MASP2_Helo_CM,447
974,1948.0,20.673919101009727,MASP2_Helo_CM,447
975,1950.0,21.071621053985872,MASP2_Helo_CM,447
976,1952.0,20.263721872309674,MASP2_Helo_CM,447
977,1954.0,20.267082404628894,MASP2_Helo_CM,447
978,1956.0,22.079783689050377,MASP2_Helo_CM,447
979,1958.0,21.563428059971027,MASP2_Helo_CM,447
980,1960.0,23.383543545589887,MASP2_Helo_CM,447
981,1962.0,21.000006747394643,MASP2_Helo_CM,447
982,1964.0,21.968898851075387,MASP2_Helo_CM,447
983,1966.0,22.17755527107292,MASP2_Helo_CM,447
984,1968.0,22.158099216609045,MASP2_Helo_CM,447
985,1970.0,21.153577719209206,MASP2_Helo_CM,447
986,1972.0,22.1291218714334,MASP2_Helo_CM,447
987,1974.0,21.2211344075138,MASP2_Helo_CM,447
988,1976.0,22.51227943607435,MASP2_Helo_CM,447
989,1978.0,23.012734455582258,MASP2_Helo_CM,447
990,1980.0,24.13791681461108,MASP2_Helo_CM,447
991,1982.0,23.836076616976385,MASP2_Helo_CM,447
992,1984.0,25.211174780565873,MASP2_Helo_CM,447
993,1986.0,25.226124976121465,MASP2_Helo_CM,447
994,1988.0,25.065816868393277,MASP2_Helo_CM,447
995,1990.0,26.892262512230232,MASP2_Helo_CM,447
996,1992.0,25.144920826101842,MASP2_Helo_CM,447
997,1994.0,25.20213852401947,MASP2_Helo_CM,447
998,1996.0,24.687556583693357,MASP2_Helo_CM,447
999,1998.0,23.881087592147093,MASP2_Helo_CM,447
1000,2000.0,23.8789512875272,MASP2_Helo_CM,447
1001,2002.0,21.559454687762255,MASP2_Helo_CM,447
1002,2004.0,20.4481021849906,MASP2_Helo_CM,447
1003,2006.0,19.907832088837406,MASP2_Helo_CM,447
1004,2008.0,21.865605126260327,MASP2_Helo_CM,447
1005,2010.0,20.910895926570245,MASP2_Helo_CM,447
1006,2012.0,19.464803369784807,MASP2_Helo_CM,447
1007,2014.0,20.949105705669385,MASP2_Helo_CM,447
1008,2016.0,20.25982041723324,MASP2_Helo_CM,447
1009,2018.0,20.035671224158886,MASP2_Helo_CM,447
1010,2020.0,20.13935813822141,MASP2_Helo_CM,447
1011,2022.0,20.422232566250173,MASP2_Helo_CM,447
1012,2024.0,19.821586556176506,MASP2_Helo_CM,447
1013,2026.0,21.12696048311923,MASP2_Helo_CM,447
1014,2028.0,21.273656083491872,MASP2_Helo_CM,447
1015,2030.0,20.502321299086695,MASP2_Helo_CM,447
1016,2032.0,21.918282356743862,MASP2_Helo_CM,447
1017,2034.0,20.002893534698458,MASP2_Helo_CM,447
1018,2036.0,21.370003305134926,MASP2_Helo_CM,447
1019,2038.0,19.069609147195695,MASP2_Helo_CM,447
1020,2040.0,20.477348182665864,MASP2_Helo_CM,447
1021,2042.0,21.77303356714894,MASP2_Helo_CM,447
1022,2044.0,20.621772305187488,MASP2_Helo_CM,447
1023,2046.0,20.3011646208601,MASP2_Helo_CM,447
1024,2048.0,19.277467744011826,MASP2_Helo_CM,447
1025,2050.0,18.265266540091904,MASP2_Helo_CM,447
1026,2052.0,19.66417420770022,MASP2_Helo_CM,447
1027,2054.0,19.682885984668342,MASP2_Helo_CM,447
1028,2056.0,22.630784539098865,MASP2_Helo_CM,447
1029,2058.0,23.479311035398382,MASP2_Helo_CM,447
1030,2060.0,22.904016929120775,MASP2_Helo_CM,447
1031,2062.0,23.363837708653886,MASP2_Helo_CM,447
1032,2064.0,20.94054615140839,MASP2_Helo_CM,447
1033,2066.0,20.57799084785068,MASP2_Helo_CM,447
1034,2068.0,18.83016307980531,MASP2_Helo_CM,447
1035,2070.0,20.06836575289408,MASP2_Helo_CM,447
1036,2072.0,22.487561480204874,MASP2_Helo_CM,447
1037,2074.0,22.137067662260584,MASP2_Helo_CM,447
1038,2076.0,23.41538083327284,MASP2_Helo_CM,447
1039,2078.0,21.920019679566018,MASP2_Helo_CM,447
1040,2080.0,20.550280207932133,MASP2_Helo_CM,447
1041,2082.0,23.378283018900785,MASP2_Helo_CM,447
1042,2084.0,19.100126435166075,MASP2_Helo_CM,447
1043,2086.0,20.145589138569363,MASP2_Helo_CM,447
1044,2088.0,19.397299208475886,MASP2_Helo_CM,447
1045,2090.0,18.276519148454586,MASP2_Helo_CM,447
1046,2092.0,18.604677443543867,MASP2_Helo_CM,447
1047,2094.0,21.23061793984313,MASP2_Helo_CM,447
1048,2096.0,19.728165338832927,MASP2_Helo_CM,447
1049,2098.0,21.246050787562446,MASP2_Helo_CM,447
1050,2100.0,20.222054462679115,MASP2_Helo_CM,447
1051,2102.0,19.494841866693235,MASP2_Helo_CM,447
1052,2104.0,19.22831047679931,MASP2_Helo_CM,447
1053,2106.0,20.46421378353043,MASP2_Helo_CM,447
1054,2108.0,19.930721841192582,MASP2_Helo_CM,447
1055,2110.0,19.772200200422315,MASP2_Helo_CM,447
1056,2112.0,18.532563849064324,MASP2_Helo_CM,447
1057,2114.0,19.036806541061644,MASP2_Helo_CM,447
1058,2116.0,19.49241773061328,MASP2_Helo_CM,447
1059,2118.0,20.20995958648656,MASP2_Helo_CM,447
1060,2120.0,19.576927649550274,MASP2_Helo_CM,447
1061,2122.0,18.615666116034582,MASP2_Helo_CM,447
1062,2124.0,19.138474964730655,MASP2_Helo_CM,447
1063,2126.0,17.894083990419116,MASP2_Helo_CM,447
1064,2128.0,16.921801186555946,MASP2_Helo_CM,447
1065,2130.0,16.094300993652226,MASP2_Helo_CM,447
1066,2132.0,15.851252001944653,MASP2_Helo_CM,447
1067,2134.0,16.441171960291772,MASP2_Helo_CM,447
1068,2136.0,17.05436985129676,MASP2_Helo_CM,447
1069,2138.0,16.66702107866808,MASP2_Helo_CM,447
1070,2140.0,16.818045393539233,MASP2_Helo_CM,447
1071,2142.0,15.714638508177398,MASP2_Helo_CM,447
1072,2144.0,16.888379971961164,MASP2_Helo_CM,447
1073,2146.0,16.319946040553933,MASP2_Helo_CM,447
1074,2148.0,15.766676243279095,MASP2_Helo_CM,447
1075,2150.0,17.36540185663148,MASP2_Helo_CM,447
1076,2152.0,16.917502225057255,MASP2_Helo_CM,447
1077,2154.0,16.813991463907062,MASP2_Helo_CM,447
1078,2156.0,15.160955659957828,MASP2_Helo_CM,447
1079,2158.0,16.150460263788673,MASP2_Helo_CM,447
1080,2160.0,15.229049620589413,MASP2_Helo_CM,447
1081,2162.0,15.192385428806148,MASP2_Helo_CM,447
1082,2164.0,14.57975941961479,MASP2_Helo_CM,447
1083,2166.0,13.814674683444975,MASP2_Helo_CM,447
1084,2168.0,12.786418253629735,MASP2_Helo_CM,447
1085,2170.0,15.516826738761203,MASP2_Helo_CM,447
1086,2172.0,15.56855227038045,MASP2_Helo_CM,447
1087,2174.0,15.597998638344041,MASP2_Helo_CM,447
1088,2176.0,15.780510897074292,MASP2_Helo_CM,447
1089,2178.0,15.215014644608019,MASP2_Helo_CM,447
1090,2180.0,16.06362629792899,MASP2_Helo_CM,447
1091,2182.0,15.060608166429127,MASP2_Helo_CM,447
1092,2184.0,14.698956019153906,MASP2_Helo_CM,447
1093,2186.0,14.935860566291797,MASP2_Helo_CM,447
1094,2188.0,14.270727769345521,MASP2_Helo_CM,447
1095,2190.0,14.779102365367832,MASP2_Helo_CM,447
1096,2192.0,14.824243098634419,MASP2_Helo_CM,447
1097,2194.0,14.984798272009892,MASP2_Helo_CM,447
1098,2196.0,14.389928005093608,MASP2_Helo_CM,447
1099,2198.0,12.982510255425222,MASP2_Helo_CM,447
1100,2200.0,14.846477269696276,MASP2_Helo_CM,447
1101,2202.0,14.412593930824787,MASP2_Helo_CM,447
1102,2204.0,13.145640236380112,MASP2_Helo_CM,447
1103,2206.0,12.26992535509784,MASP2_Helo_CM,447
1104,2208.0,12.835386594500095,MASP2_Helo_CM,447
1105,2210.0,13.514985006413767,MASP2_Helo_CM,447
1106,2212.0,11.661957132277443,MASP2_Helo_CM,447
1107,2214.0,11.197667195286085,MASP2_Helo_CM,447
1108,2216.0,11.335764738370571,MASP2_Helo_CM,447
1109,2218.0,10.759203269645168,MASP2_Helo_CM,447
1110,2220.0,11.099792556519091,MASP2_Helo_CM,447
1111,2222.0,12.150945143131466,MASP2_Helo_CM,447
1112,2224.0,11.698383408226535,MASP2_Helo_CM,447
1113,2226.0,11.451958583652338,MASP2_Helo_CM,447
1114,2228.0,10.798043795271953,MASP2_Helo_CM,447
1115,2230.0,10.389957217708819,MASP2_Helo_CM,447
1116,2232.0,11.205632912491158,MASP2_Helo_CM,447
1117,2234.0,12.36142959427203,MASP2_Helo_CM,447
1118,2236.0,14.45931501304697,MASP2_Helo_CM,447
1119,2238.0,14.873350670134728,MASP2_Helo_CM,447
1120,2240.0,15.271243076269569,MASP2_Helo_CM,447
1121,2242.0,14.747470538527244,MASP2_Helo_CM,447
1122,2244.0,14.076342315279394,MASP2_Helo_CM,447
1123,2246.0,14.796270403680335,MASP2_Helo_CM,447
1124,2248.0,15.233038223937129,MASP2_Helo_CM,447
1125,2250.0,14.42158332408612,MASP2_Helo_CM,447
1126,2252.0,14.49382433195049,MASP2_Helo_CM,447
1127,2254.0,15.324426437620518,MASP2_Helo_CM,447
1128,2256.0,15.39722325020331,MASP2_Helo_CM,447
1129,2258.0,15.33948258745078,MASP2_Helo_CM,447
1130,2260.0,15.521024269011932,MASP2_Helo_CM,447
1131,2262.0,15.958228841540818,MASP2_Helo_CM,447
1132,2264.0,15.909454494885717,MASP2_Helo_CM,447
1133,2266.0,15.018806532217456,MASP2_Helo_CM,447
1134,2268.0,14.882147560265285,MASP2_Helo_CM,447
1135,2270.0,13.650551624260157,MASP2_Helo_CM,447
1136,2272.0,15.983430218280239,MASP2_Helo_CM,447
1137,2274.0,14.91963413152338,MASP2_Helo_CM,447
1138,2276.0,14.427429032877258,MASP2_Helo_CM,447
1139,2278.0,15.372922906951157,MASP2_Helo_CM,447
1140,2280.0,15.074627280026256,MASP2_Helo_CM,447
1141,2282.0,15.14923636602895,MASP2_Helo_CM,447
1142,2284.0,15.062764554680703,MASP2_Helo_CM,447
1143,2286.0,15.44214286789242,MASP2_Helo_CM,447
1144,2288.0,16.43000640907907,MASP2_Helo_CM,447
1145,2290.0,16.462578113826414,MASP2_Helo_CM,447
1146,2292.0,14.967994104802896,MASP2_Helo_CM,447
1147,2294.0,14.43592612177741,MASP2_Helo_CM,447
1148,2296.0,15.51986286990917,MASP2_Helo_CM,447
1149,2298.0,15.108346176301936,MASP2_Helo_CM,447
1150,2300.0,15.990307678669996,MASP2_Helo_CM,447
1151,2302.0,16.160223206657555,MASP2_Helo_CM,447
1152,2304.0,15.807843011372103,MASP2_Helo_CM,447
1153,2306.0,15.385550075724032,MASP2_Helo_CM,447
1154,2308.0,15.397094310139211,MASP2_Helo_CM,447
1155,2310.0,14.997929614103247,MASP2_Helo_CM,447
1156,2312.0,14.422130245628585,MASP2_Helo_CM,447
1157,2314.0,13.571061072073093,MASP2_Helo_CM,447
1158,2316.0,15.239361861189765,MASP2_Helo_CM,447
1159,2318.0,15.24956101927109,MASP2_Helo_CM,447
1160,2320.0,15.944954524120677,MASP2_Helo_CM,447
1161,2322.0,16.115351784497705,MASP2_Helo_CM,447
1162,2324.0,14.297513693666666,MASP2_Helo_CM,447
1163,2326.0,14.233402983095521,MASP2_Helo_CM,447
1164,2328.0,14.368926501838262,MASP2_Helo_CM,447
1165,2330.0,14.47305569985034,MASP2_Helo_CM,447
1166,2332.0,14.741796143213845,MASP2_Helo_CM,447
1167,2334.0,14.165178639975215,MASP2_Helo_CM,447
1168,2336.0,12.598032183256171,MASP2_Helo_CM,447
1169,2338.0,13.91260697615552,MASP2_Helo_CM,447
1170,2340.0,10.511659848706119,MASP2_Helo_CM,447
1171,2342.0,12.7475234359772,MASP2_Helo_CM,447
1172,2344.0,15.25512850237234,MASP2_Helo_CM,447
1173,2346.0,14.509706565155462,MASP2_Helo_CM,447
1174,2348.0,13.93582970383558,MASP2_Helo_CM,447
1175,2350.0,12.65352470426349,MASP2_Helo_CM,447
1176,2352.0,14.01689748803192,MASP2_Helo_CM,447
1177,2354.0,13.188935340919548,MASP2_Helo_CM,447
1178,2356.0,13.851438327251977,MASP2_Helo_CM,447
1179,2358.0,13.276454279182571,MASP2_Helo_CM,447
1180,2360.0,13.248949622709501,MASP2_Helo_CM,447
1181,2362.0,15.428724062831419,MASP2_Helo_CM,447
1182,2364.0,18.276693724931846,MASP2_Helo_CM,447
1183,2366.0,18.05229938212563,MASP2_Helo_CM,447
1184,2368.0,16.501359767429676,MASP2_Helo_CM,447
1185,2370.0,19.603994265486055,MASP2_Helo_CM,447
1186,2372.0,18.11709024618466,MASP2_Helo_CM,447
1187,2374.0,18.326610151966026,MASP2_Helo_CM,447
1188,2376.0,18.694406426182194,MASP2_Helo_CM,447
1189,2378.0,20.35871383179066,MASP2_Helo_CM,447
1190,2380.0,16.400298961004424,MASP2_Helo_CM,447
1191,2382.0,16.27806863657246,MASP2_Helo_CM,447
1192,2384.0,15.059638637470275,MASP2_Helo_CM,447
1193,2386.0,15.605941309133073,MASP2_Helo_CM,447
1194,2388.0,12.546209482048802,MASP2_Helo_CM,447
1195,2390.0,12.903569699094756,MASP2_Helo_CM,447
1196,2392.0,12.24182826268315,MASP2_Helo_CM,447
1197,2394.0,14.338822138811839,MASP2_Helo_CM,447
1198,2396.0,14.933732029969672,MASP2_Helo_CM,447
1199,2398.0,15.133372316713466,MASP2_Helo_CM,447
1200,2400.0,15.449726993983477,MASP2_Helo_CM,447
1201,2402.0,15.382363503541338,MASP2_Helo_CM,447
1202,2404.0,15.034970106609931,MASP2_Helo_CM,447
1203,2406.0,19.065454617106546,MASP2_Helo_CM,447
1204,2408.0,16.229387175643648,MASP2_Helo_CM,447
1205,2410.0,17.758164207197726,MASP2_Helo_CM,447
1206,2412.0,17.217535853098173,MASP2_Helo_CM,447
1207,2414.0,15.455964745754846,MASP2_Helo_CM,447
1208,2416.0,14.075983009475438,MASP2_Helo_CM,447
1209,2418.0,12.343311613692176,MASP2_Helo_CM,447
1210,2420.0,10.64904265864165,MASP2_Helo_CM,447
1211,2422.0,10.339185113604543,MASP2_Helo_CM,447
1212,2424.0,10.73698708016928,MASP2_Helo_CM,447
1213,2426.0,11.023424221462166,MASP2_Helo_CM,447
1214,2428.0,12.075929337460865,MASP2_Helo_CM,447
1215,2430.0,11.307905974638773,MASP2_Helo_CM,447
1216,2432.0,11.32921202630571,MASP2_Helo_CM,447
1217,2434.0,11.410720568842116,MASP2_Helo_CM,447
1218,2436.0,11.680538293787855,MASP2_Helo_CM,447
1219,2438.0,13.129860673110871,MASP2_Helo_CM,447
1220,2440.0,12.191874535240744,MASP2_Helo_CM,447
1221,2442.0,12.680953072524654,MASP2_Helo_CM,447
1222,2444.0,12.339531981579393,MASP2_Helo_CM,447
1223,2446.0,15.530901209094042,MASP2_Helo_CM,447
1224,2448.0,16.486743114441946,MASP2_Helo_CM,447
1225,2450.0,16.044490013725962,MASP2_Helo_CM,447
1226,2452.0,14.339482857854696,MASP2_Helo_CM,447
1227,2454.0,15.608681064631194,MASP2_Helo_CM,447
1228,2456.0,14.873498898876823,MASP2_Helo_CM,447
1229,2458.0,14.142852347405292,MASP2_Helo_CM,447
1230,2460.0,11.73468934245197,MASP2_Helo_CM,447
1231,2462.0,11.902432535637363,MASP2_Helo_CM,447
1232,2464.0,11.915252818049849,MASP2_Helo_CM,447
1233,2466.0,13.23056321495952,MASP2_Helo_CM,447
1234,2468.0,15.000819197945633,MASP2_Helo_CM,447
1235,2470.0,15.460844908765944,MASP2_Helo_CM,447
1236,2472.0,15.794617995232665,MASP2_Helo_CM,447
1237,2474.0,15.527469325028699,MASP2_Helo_CM,447
1238,2476.0,13.911063329222296,MASP2_Helo_CM,447
1239,2478.0,17.099490612556036,MASP2_Helo_CM,447
1240,2480.0,14.612130709924779,MASP2_Helo_CM,447
1241,2482.0,14.566396721788568,MASP2_Helo_CM,447
1242,2484.0,16.084317198992455,MASP2_Helo_CM,447
1243,2486.0,15.994734023003653,MASP2_Helo_CM,447
1244,2488.0,15.4922685459379,MASP2_Helo_CM,447
1245,2490.0,14.741917340484411,MASP2_Helo_CM,447
1246,2492.0,15.887688229247056,MASP2_Helo_CM,447
1247,2494.0,17.02694711426747,MASP2_Helo_CM,447
1248,2496.0,18.117884602273076,MASP2_Helo_CM,447
1249,2498.0,17.51186110143363,MASP2_Helo_CM,447
1250,2500.0,17.673591395120347,MASP2_Helo_CM,447
1251,2502.0,16.960940376224727,MASP2_Helo_CM,447
1252,2504.0,18.232980954696163,MASP2_Helo_CM,447
1253,2506.0,16.813069672784156,MASP2_Helo_CM,447
1254,2508.0,17.468181191630276,MASP2_Helo_CM,447
1255,2510.0,17.636157928768068,MASP2_Helo_CM,447
1256,2512.0,17.889298039276895,MASP2_Helo_CM,447
1257,2514.0,18.376358678220047,MASP2_Helo_CM,447
1258,2516.0,15.926493321911199,MASP2_Helo_CM,447
1259,2518.0,18.278716915554973,MASP2_Helo_CM,447
1260,2520.0,17.850705940572812,MASP2_Helo_CM,447
1261,2522.0,18.48858710561093,MASP2_Helo_CM,447
1262,2524.0,17.496598534602104,MASP2_Helo_CM,447
1263,2526.0,19.0277414234247,MASP2_Helo_CM,447
1264,2528.0,16.907579644745805,MASP2_Helo_CM,447
1265,2530.0,17.90628309239513,MASP2_Helo_CM,447
1266,2532.0,17.158638936578306,MASP2_Helo_CM,447
1267,2534.0,18.419775798150667,MASP2_Helo_CM,447
1268,2536.0,17.810279733001686,MASP2_Helo_CM,447
1269,2538.0,18.254735010463325,MASP2_Helo_CM,447
1270,2540.0,18.156717531148363,MASP2_Helo_CM,447
1271,2542.0,17.268919022612078,MASP2_Helo_CM,447
1272,2544.0,17.26848586980463,MASP2_Helo_CM,447
1273,2546.0,18.972315828155487,MASP2_Helo_CM,447
1274,2548.0,18.522997773822542,MASP2_Helo_CM,447
1275,2550.0,17.038867518778282,MASP2_Helo_CM,447
1276,2552.0,16.284533580682687,MASP2_Helo_CM,447
1277,2554.0,17.075274925080883,MASP2_Helo_CM,447
1278,2556.0,18.67721436517581,MASP2_Helo_CM,447
1279,2558.0,18.217747133703945,MASP2_Helo_CM,447
1280,2560.0,17.63265322609307,MASP2_Helo_CM,447
1281,2562.0,16.297137061185133,MASP2_Helo_CM,447
1282,2564.0,15.592445524395263,MASP2_Helo_CM,447
1283,2566.0,17.53744933135081,MASP2_Helo_CM,447
1284,2568.0,18.340179222805695,MASP2_Helo_CM,447
1285,2570.0,18.697755678670287,MASP2_Helo_CM,447
1286,2572.0,19.470596269416788,MASP2_Helo_CM,447
1287,2574.0,20.060075746283662,MASP2_Helo_CM,447
1288,2576.0,18.398616551680462,MASP2_Helo_CM,447
1289,2578.0,18.177723940855273,MASP2_Helo_CM,447
1290,2580.0,17.863297691529187,MASP2_Helo_CM,447
1291,2582.0,17.680528114187183,MASP2_Helo_CM,447
1292,2584.0,18.68748753034883,MASP2_Helo_CM,447
1293,2586.0,18.622730629554095,MASP2_Helo_CM,447
1294,2588.0,18.66960177253884,MASP2_Helo_CM,447
1295,2590.0,18.53055267964431,MASP2_Helo_CM,447
1296,2592.0,19.697994609836684,MASP2_Helo_CM,447
1297,2594.0,18.420552672754017,MASP2_Helo_CM,447
1298,2596.0,19.075127793075517,MASP2_Helo_CM,447
1299,2598.0,18.398695426089496,MASP2_Helo_CM,447
1300,2600.0,18.392495297901156,MASP2_Helo_CM,447
1301,2602.0,18.55810604956876,MASP2_Helo_CM,447
1302,2604.0,18.5416722026524,MASP2_Helo_CM,447
1303,2606.0,18.820286131301494,MASP2_Helo_CM,447
1304,2608.0,18.547008208546455,MASP2_Helo_CM,447
1305,2610.0,18.537230439198115,MASP2_Helo_CM,447
1306,2612.0,18.454597771964025,MASP2_Helo_CM,447
1307,2614.0,19.017926409368638,MASP2_Helo_CM,447
1308,2616.0,18.23867912313985,MASP2_Helo_CM,447
1309,2618.0,16.391091091959197,MASP2_Helo_CM,447
1310,2620.0,17.886550355696357,MASP2_Helo_CM,447
1311,2622.0,19.48104361341137,MASP2_Helo_CM,447
1312,2624.0,19.079566784257388,MASP2_Helo_CM,447
1313,2626.0,18.411060506786153,MASP2_Helo_CM,447
1314,2628.0,17.933607318117044,MASP2_Helo_CM,447
1315,2630.0,18.593383872246864,MASP2_Helo_CM,447
1316,2632.0,17.476704680890943,MASP2_Helo_CM,447
1317,2634.0,18.453381793943766,MASP2_Helo_CM,447
1318,2636.0,17.289001127715892,MASP2_Helo_CM,447
1319,2638.0,16.89004233988307,MASP2_Helo_CM,447
1320,2640.0,18.63743648426225,MASP2_Helo_CM,447
1321,2642.0,16.6894155306822,MASP2_Helo_CM,447
1322,2644.0,16.072919683218004,MASP2_Helo_CM,447
1323,2646.0,18.797491615848365,MASP2_Helo_CM,447
1324,2648.0,16.107091222081856,MASP2_Helo_CM,447
1325,2650.0,17.63938452118127,MASP2_Helo_CM,447
1326,2652.0,15.464699812312935,MASP2_Helo_CM,447
1327,2654.0,12.479637774240786,MASP2_Helo_CM,447
1328,2656.0,13.720087847148568,MASP2_Helo_CM,447
1329,2658.0,13.44987524762075,MASP2_Helo_CM,447
1330,2660.0,13.845400904749972,MASP2_Helo_CM,447
1331,2662.0,13.784026892024443,MASP2_Helo_CM,447
1332,2664.0,12.948489026656178,MASP2_Helo_CM,447
1333,2666.0,14.44450493072279,MASP2_Helo_CM,447
1334,2668.0,13.415835034484193,MASP2_Helo_CM,447
1335,2670.0,12.798428398550968,MASP2_Helo_CM,447
1336,2672.0,14.009253932065358,MASP2_Helo_CM,447
1337,2674.0,13.141186271530954,MASP2_Helo_CM,447
1338,2676.0,14.270614858349758,MASP2_Helo_CM,447
1339,2678.0,12.721662944770637,MASP2_Helo_CM,447
1340,2680.0,13.105064500082399,MASP2_Helo_CM,447
1341,2682.0,15.481940998622884,MASP2_Helo_CM,447
1342,2684.0,16.09501823213168,MASP2_Helo_CM,447
1343,2686.0,14.58558115856863,MASP2_Helo_CM,447
1344,2688.0,14.317397483453844,MASP2_Helo_CM,447
1345,2690.0,14.10223196766447,MASP2_Helo_CM,447
1346,2692.0,13.690015192405,MASP2_Helo_CM,447
1347,2694.0,17.015503032887118,MASP2_Helo_CM,447
1348,2696.0,14.796329077411453,MASP2_Helo_CM,447
1349,2698.0,14.755123751743824,MASP2_Helo_CM,447
1350,2700.0,14.020716686539568,MASP2_Helo_CM,447
1351,2702.0,17.365386378301128,MASP2_Helo_CM,447
1352,2704.0,16.214314484743927,MASP2_Helo_CM,447
1353,2706.0,16.90221379359489,MASP2_Helo_CM,447
1354,2708.0,16.344506673578724,MASP2_Helo_CM,447
1355,2710.0,16.76002078762617,MASP2_Helo_CM,447
1356,2712.0,15.923939623005689,MASP2_Helo_CM,447
1357,2714.0,15.082125403949481,MASP2_Helo_CM,447
1358,2716.0,15.616256563544022,MASP2_Helo_CM,447
1359,2718.0,15.63977041242524,MASP2_Helo_CM,447
1360,2720.0,14.819458099819395,MASP2_Helo_CM,447
1361,2722.0,15.184691008060328,MASP2_Helo_CM,447
1362,2724.0,15.811065187377075,MASP2_Helo_CM,447
1363,2726.0,16.259346178084655,MASP2_Helo_CM,447
1364,2728.0,15.751776592470428,MASP2_Helo_CM,447
1365,2730.0,17.921516636319616,MASP2_Helo_CM,447
1366,2732.0,15.773169570351067,MASP2_Helo_CM,447
1367,2734.0,16.881106293580576,MASP2_Helo_CM,447
1368,2736.0,16.69360710165235,MASP2_Helo_CM,447
1369,2738.0,15.823946000570174,MASP2_Helo_CM,447
1370,2740.0,15.393538954939274,MASP2_Helo_CM,447
1371,2742.0,16.429499377159225,MASP2_Helo_CM,447
1372,2744.0,15.340200362276935,MASP2_Helo_CM,447
1373,2746.0,15.254620367351853,MASP2_Helo_CM,447
1374,2748.0,15.850145540468942,MASP2_Helo_CM,447
1375,2750.0,14.273546938481896,MASP2_Helo_CM,447
1376,2752.0,13.942480677439288,MASP2_Helo_CM,447
1377,2754.0,12.993487527112054,MASP2_Helo_CM,447
1378,2756.0,14.296037255175673,MASP2_Helo_CM,447
1379,2758.0,14.575772449584084,MASP2_Helo_CM,447
1380,2760.0,14.373188008022767,MASP2_Helo_CM,447
1381,2762.0,16.47476089429776,MASP2_Helo_CM,447
1382,2764.0,15.28150653912079,MASP2_Helo_CM,447
1383,2766.0,14.51315306015477,MASP2_Helo_CM,447
1384,2768.0,13.992237340993185,MASP2_Helo_CM,447
1385,2770.0,15.11476421988161,MASP2_Helo_CM,447
1386,2772.0,15.567268738038742,MASP2_Helo_CM,447
1387,2774.0,16.01686284253455,MASP2_Helo_CM,447
1388,2776.0,15.774401216957926,MASP2_Helo_CM,447
1389,2778.0,15.739118241635238,MASP2_Helo_CM,447
1390,2780.0,17.622651916083637,MASP2_Helo_CM,447
1391,2782.0,18.906670901321373,MASP2_Helo_CM,447
1392,2784.0,18.638208820398013,MASP2_Helo_CM,447
1393,2786.0,17.516556757858524,MASP2_Helo_CM,447
1394,2788.0,15.6417386324692,MASP2_Helo_CM,447
1395,2790.0,15.925088298082192,MASP2_Helo_CM,447
1396,2792.0,16.05307951680502,MASP2_Helo_CM,447
1397,2794.0,17.714617643825456,MASP2_Helo_CM,447
1398,2796.0,17.782446185811374,MASP2_Helo_CM,447
1399,2798.0,17.170706545656756,MASP2_Helo_CM,447
1400,2800.0,18.621688838691124,MASP2_Helo_CM,447
1401,2802.0,18.048215039656732,MASP2_Helo_CM,447
1402,2804.0,16.740001374125203,MASP2_Helo_CM,447
1403,2806.0,17.055087504846583,MASP2_Helo_CM,447
1404,2808.0,16.267658705425852,MASP2_Helo_CM,447
1405,2810.0,14.725644594954847,MASP2_Helo_CM,447
1406,2812.0,14.143640434390768,MASP2_Helo_CM,447
1407,2814.0,13.924276545499454,MASP2_Helo_CM,447
1408,2816.0,13.840831372414996,MASP2_Helo_CM,447
1409,2818.0,14.58547675025794,MASP2_Helo_CM,447
1410,2820.0,14.477756071307448,MASP2_Helo_CM,447
1411,2822.0,12.33455210487035,MASP2_Helo_CM,447
1412,2824.0,12.833062993405651,MASP2_Helo_CM,447
1413,2826.0,13.169217826272334,MASP2_Helo_CM,447
1414,2828.0,12.318645119012608,MASP2_Helo_CM,447
1415,2830.0,11.94917583814549,MASP2_Helo_CM,447
1416,2832.0,12.678921768400302,MASP2_Helo_CM,447
1417,2834.0,12.338992259113034,MASP2_Helo_CM,447
1418,2836.0,12.728620512433961,MASP2_Helo_CM,447
1419,2838.0,13.860813029576628,MASP2_Helo_CM,447
1420,2840.0,11.32766929241511,MASP2_Helo_CM,447
1421,2842.0,12.383441686976218,MASP2_Helo_CM,447
1422,2844.0,11.910475178864084,MASP2_Helo_CM,447
1423,2846.0,11.32376084950113,MASP2_Helo_CM,447
1424,2848.0,13.515521234130851,MASP2_Helo_CM,447
1425,2850.0,11.994797071898244,MASP2_Helo_CM,447
1426,2852.0,11.191554293043747,MASP2_Helo_CM,447
1427,2854.0,11.460887488411933,MASP2_Helo_CM,447
1428,2856.0,11.73706250937806,MASP2_Helo_CM,447
1429,2858.0,11.49901672242992,MASP2_Helo_CM,447
1430,2860.0,12.285937395638879,MASP2_Helo_CM,447
1431,2862.0,12.41374957547692,MASP2_Helo_CM,447
1432,2864.0,13.077084819638175,MASP2_Helo_CM,447
1433,2866.0,12.588720315740941,MASP2_Helo_CM,447
1434,2868.0,12.528617767123418,MASP2_Helo_CM,447
1435,2870.0,12.682239252897816,MASP2_Helo_CM,447
1436,2872.0,12.461776104201805,MASP2_Helo_CM,447
1437,2874.0,12.116638439601774,MASP2_Helo_CM,447
1438,2876.0,12.402141121887835,MASP2_Helo_CM,447
1439,2878.0,12.755529836766408,MASP2_Helo_CM,447
1440,2880.0,12.8484500774466,MASP2_Helo_CM,447
1441,2882.0,13.520321013600107,MASP2_Helo_CM,447
1442,2884.0,15.272835500826751,MASP2_Helo_CM,447
1443,2886.0,14.049230568328547,MASP2_Helo_CM,447
1444,2888.0,12.351026813016967,MASP2_Helo_CM,447
1445,2890.0,12.127267442689247,MASP2_Helo_CM,447
1446,2892.0,13.377640450855973,MASP2_Helo_CM,447
1447,2894.0,13.363535719937397,MASP2_Helo_CM,447
1448,2896.0,12.610428661465535,MASP2_Helo_CM,447
1449,2898.0,12.373517589667124,MASP2_Helo_CM,447
1450,2900.0,12.954159536087731,MASP2_Helo_CM,447
1451,2902.0,14.316481465966787,MASP2_Helo_CM,447
1452,2904.0,13.30164940046515,MASP2_Helo_CM,447
1453,2906.0,14.0777060580489,MASP2_Helo_CM,447
1454,2908.0,14.935340501247568,MASP2_Helo_CM,447
1455,2910.0,15.596217264508867,MASP2_Helo_CM,447
1456,2912.0,13.82651273259918,MASP2_Helo_CM,447
1457,2914.0,13.0050816778052,MASP2_Helo_CM,447
1458,2916.0,15.897372406596553,MASP2_Helo_CM,447
1459,2918.0,15.259520679257028,MASP2_Helo_CM,447
1460,2920.0,16.145347892775405,MASP2_Helo_CM,447
1461,2922.0,16.075281082640632,MASP2_Helo_CM,447
1462,2924.0,16.72630191049885,MASP2_Helo_CM,447
1463,2926.0,16.87642965789647,MASP2_Helo_CM,447
1464,2928.0,16.589526860044042,MASP2_Helo_CM,447
1465,2930.0,14.649750522797095,MASP2_Helo_CM,447
1466,2932.0,13.75012138894773,MASP2_Helo_CM,447
1467,2934.0,14.227907370935794,MASP2_Helo_CM,447
1468,2936.0,14.525191922840893,MASP2_Helo_CM,447
1469,2938.0,15.080673808953506,MASP2_Helo_CM,447
1470,2940.0,14.874769503450086,MASP2_Helo_CM,447
1471,2942.0,16.165565240820907,MASP2_Helo_CM,447
1472,2944.0,16.49615817165899,MASP2_Helo_CM,447
1473,2946.0,16.184589669534997,MASP2_Helo_CM,447
1474,2948.0,16.577356726619517,MASP2_Helo_CM,447
1475,2950.0,15.775574419787032,MASP2_Helo_CM,447
1476,2952.0,15.077828957111786,MASP2_Helo_CM,447
1477,2954.0,15.858196787788701,MASP2_Helo_CM,447
1478,2956.0,14.601663565317502,MASP2_Helo_CM,447
1479,2958.0,17.05392544823778,MASP2_Helo_CM,447
1480,2960.0,16.58681105237079,MASP2_Helo_CM,447
1481,2962.0,16.02132249832074,MASP2_Helo_CM,447
1482,2964.0,15.936444623999,MASP2_Helo_CM,447
1483,2966.0,16.393353485609556,MASP2_Helo_CM,447
1484,2968.0,18.604930883581392,MASP2_Helo_CM,447
1485,2970.0,17.498785120519095,MASP2_Helo_CM,447
1486,2972.0,18.317734723409007,MASP2_Helo_CM,447
1487,2974.0,16.79695521003813,MASP2_Helo_CM,447
1488,2976.0,17.190809572961722,MASP2_Helo_CM,447
1489,2978.0,16.361731919830948,MASP2_Helo_CM,447
1490,2980.0,17.25637959823019,MASP2_Helo_CM,447
1491,2982.0,18.928979970025495,MASP2_Helo_CM,447
1492,2984.0,19.75533446509385,MASP2_Helo_CM,447
1493,2986.0,20.142495043600434,MASP2_Helo_CM,447
1494,2988.0,19.510162479483046,MASP2_Helo_CM,447
1495,2990.0,20.809001322613003,MASP2_Helo_CM,447
1496,2992.0,20.476700247811287,MASP2_Helo_CM,447
1497,2994.0,19.232458659817226,MASP2_Helo_CM,447
1498,2996.0,18.172579828537902,MASP2_Helo_CM,447
1499,2998.0,19.724125004483724,MASP2_Helo_CM,447
1500,3000.0,19.08042682048395,MASP2_Helo_CM,447
1501,3002.0,20.018300056256166,MASP2_Helo_CM,447
1502,3004.0,19.09306417904812,MASP2_Helo_CM,447
1503,3006.0,21.021202906560855,MASP2_Helo_CM,447
1504,3008.0,20.052422449177147,MASP2_Helo_CM,447
1505,3010.0,19.223665968245946,MASP2_Helo_CM,447
1506,3012.0,18.44374469737692,MASP2_Helo_CM,447
1507,3014.0,17.89949964613008,MASP2_Helo_CM,447
1508,3016.0,19.45984591187367,MASP2_Helo_CM,447
1509,3018.0,17.00122961317948,MASP2_Helo_CM,447
1510,3020.0,16.42310365100508,MASP2_Helo_CM,447
1511,3022.0,15.220185181651845,MASP2_Helo_CM,447
1512,3024.0,16.159022923155803,MASP2_Helo_CM,447
1513,3026.0,16.1882923495434,MASP2_Helo_CM,447
1514,3028.0,15.457211273011987,MASP2_Helo_CM,447
1515,3030.0,14.213102974515477,MASP2_Helo_CM,447
1516,3032.0,15.263775590682183,MASP2_Helo_CM,447
1517,3034.0,14.65998807325364,MASP2_Helo_CM,447
1518,3036.0,14.832476935555643,MASP2_Helo_CM,447
1519,3038.0,14.538662643165818,MASP2_Helo_CM,447
1520,3040.0,14.540392004987643,MASP2_Helo_CM,447
1521,3042.0,13.784986048830184,MASP2_Helo_CM,447
1522,3044.0,14.581653651098627,MASP2_Helo_CM,447
1523,3046.0,14.653345338956441,MASP2_Helo_CM,447
1524,3048.0,15.785472807650203,MASP2_Helo_CM,447
1525,3050.0,15.757790200165985,MASP2_Helo_CM,447
1526,3052.0,15.540258485991023,MASP2_Helo_CM,447
1527,3054.0,15.900825886114179,MASP2_Helo_CM,447
1528,3056.0,15.330129107331741,MASP2_Helo_CM,447
1529,3058.0,16.2252311880333,MASP2_Helo_CM,447
1530,3060.0,16.47475663530469,MASP2_Helo_CM,447
1531,3062.0,15.257740095357821,MASP2_Helo_CM,447
1532,3064.0,14.250336612651367,MASP2_Helo_CM,447
1533,3066.0,12.782305363249018,MASP2_Helo_CM,447
1534,3068.0,12.140844936349007,MASP2_Helo_CM,447
1535,3070.0,14.55438865400303,MASP2_Helo_CM,447
1536,3072.0,15.485305375402925,MASP2_Helo_CM,447
1537,3074.0,14.33547819855632,MASP2_Helo_CM,447
1538,3076.0,15.304385206646549,MASP2_Helo_CM,447
1539,3078.0,13.875322807350496,MASP2_Helo_CM,447
1540,3080.0,14.960360996441528,MASP2_Helo_CM,447
1541,3082.0,14.270168769345336,MASP2_Helo_CM,447
1542,3084.0,14.14174016381914,MASP2_Helo_CM,447
1543,3086.0,14.281690403429899,MASP2_Helo_CM,447
1544,3088.0,14.171764492552807,MASP2_Helo_CM,447
1545,3090.0,13.947773622929008,MASP2_Helo_CM,447
1546,3092.0,14.03132494213131,MASP2_Helo_CM,447
1547,3094.0,14.821712850841513,MASP2_Helo_CM,447
1548,3096.0,14.012205329148022,MASP2_Helo_CM,447
1549,3098.0,13.63140865180963,MASP2_Helo_CM,447
1550,3100.0,13.607240533755286,MASP2_Helo_CM,447
1551,3102.0,12.875504954616419,MASP2_Helo_CM,447
1552,3104.0,13.808499523921032,MASP2_Helo_CM,447
1553,3106.0,13.94606457656983,MASP2_Helo_CM,447
1554,3108.0,13.329133370183845,MASP2_Helo_CM,447
1555,3110.0,13.039223116870808,MASP2_Helo_CM,447
1556,3112.0,14.017530825102678,MASP2_Helo_CM,447
1557,3114.0,13.312022090267842,MASP2_Helo_CM,447
1558,3116.0,14.257640052046606,MASP2_Helo_CM,447
1559,3118.0,13.71698496938192,MASP2_Helo_CM,447
1560,3120.0,13.393607338509533,MASP2_Helo_CM,447
1561,3122.0,14.104143996058626,MASP2_Helo_CM,447
1562,3124.0,13.596631378108203,MASP2_Helo_CM,447
1563,3126.0,13.682067310987609,MASP2_Helo_CM,447
1564,3128.0,14.111291097110485,MASP2_Helo_CM,447
1565,3130.0,14.914465575200653,MASP2_Helo_CM,447
1566,3132.0,14.103916169084126,MASP2_Helo_CM,447
1567,3134.0,13.654878313793866,MASP2_Helo_CM,447
1568,3136.0,14.238339451289576,MASP2_Helo_CM,447
1569,3138.0,13.23035465784218,MASP2_Helo_CM,447
1570,3140.0,12.869531488446508,MASP2_Helo_CM,447
1571,3142.0,14.481948276230305,MASP2_Helo_CM,447
1572,3144.0,14.446666370888698,MASP2_Helo_CM,447
1573,3146.0,12.986779403290594,MASP2_Helo_CM,447
1574,3148.0,13.103853895660642,MASP2_Helo_CM,447
1575,3150.0,13.296719637933268,MASP2_Helo_CM,447
1576,3152.0,13.129524396947302,MASP2_Helo_CM,447
1577,3154.0,12.846124076372876,MASP2_Helo_CM,447
1578,3156.0,13.439195451963617,MASP2_Helo_CM,447
1579,3158.0,12.914544968098014,MASP2_Helo_CM,447
1580,3160.0,14.340780006206733,MASP2_Helo_CM,447
1581,3162.0,14.755996364557335,MASP2_Helo_CM,447
1582,3164.0,14.285326805790916,MASP2_Helo_CM,447
1583,3166.0,13.87253388349579,MASP2_Helo_CM,447
1584,3168.0,13.98174484763527,MASP2_Helo_CM,447
1585,3170.0,11.309689908281095,MASP2_Helo_CM,447
1586,3172.0,11.703556543979342,MASP2_Helo_CM,447
1587,3174.0,11.623818584180714,MASP2_Helo_CM,447
1588,3176.0,13.183149098163483,MASP2_Helo_CM,447
1589,3178.0,14.672138890899076,MASP2_Helo_CM,447
1590,3180.0,12.822438449292777,MASP2_Helo_CM,447
1591,3182.0,12.016579545568533,MASP2_Helo_CM,447
1592,3184.0,13.602561735104688,MASP2_Helo_CM,447
1593,3186.0,13.506765989087345,MASP2_Helo_CM,447
1594,3188.0,14.192693830571608,MASP2_Helo_CM,447
1595,3190.0,15.88731020858001,MASP2_Helo_CM,447
1596,3192.0,13.498093166390657,MASP2_Helo_CM,447
1597,3194.0,14.46165355036834,MASP2_Helo_CM,447
1598,3196.0,12.769486728382416,MASP2_Helo_CM,447
1599,3198.0,13.230490831204309,MASP2_Helo_CM,447
1600,3200.0,13.503346996587716,MASP2_Helo_CM,447
1601,3202.0,13.381428058899218,MASP2_Helo_CM,447
1602,3204.0,16.17493978152399,MASP2_Helo_CM,447
1603,3206.0,14.710758864237132,MASP2_Helo_CM,447
1604,3208.0,14.945759682589669,MASP2_Helo_CM,447
1605,3210.0,14.141106936218348,MASP2_Helo_CM,447
1606,3212.0,15.131681105008015,MASP2_Helo_CM,447
1607,3214.0,13.712367555022748,MASP2_Helo_CM,447
1608,3216.0,15.669745498462579,MASP2_Helo_CM,447
1609,3218.0,14.520865951240275,MASP2_Helo_CM,447
1610,3220.0,13.434502843103974,MASP2_Helo_CM,447
1611,3222.0,12.791961178019394,MASP2_Helo_CM,447
1612,3224.0,13.217737307806567,MASP2_Helo_CM,447
1613,3226.0,12.603414299226268,MASP2_Helo_CM,447
1614,3228.0,12.622368318327311,MASP2_Helo_CM,447
1615,3230.0,12.86851385563249,MASP2_Helo_CM,447
1616,3232.0,13.568077319551863,MASP2_Helo_CM,447
1617,3234.0,12.337631802740548,MASP2_Helo_CM,447
1618,3236.0,12.36236535858169,MASP2_Helo_CM,447
1619,3238.0,12.719877011618104,MASP2_Helo_CM,447
1620,3240.0,12.783155564822206,MASP2_Helo_CM,447
1621,3242.0,13.465914603469784,MASP2_Helo_CM,447
1622,3244.0,12.541008102559037,MASP2_Helo_CM,447
1623,3246.0,12.312582253967118,MASP2_Helo_CM,447
1624,3248.0,12.159666162199008,MASP2_Helo_CM,447
1625,3250.0,12.610806222023628,MASP2_Helo_CM,447
1626,3252.0,12.143118145856668,MASP2_Helo_CM,447
1627,3254.0,11.442387740373924,MASP2_Helo_CM,447
1628,3256.0,12.840848494897246,MASP2_Helo_CM,447
1629,3258.0,13.249633047948066,MASP2_Helo_CM,447
1630,3260.0,13.832022166107906,MASP2_Helo_CM,447
1631,3262.0,14.50792936869904,MASP2_Helo_CM,447
1632,3264.0,13.951458264505396,MASP2_Helo_CM,447
1633,3266.0,15.177409661634426,MASP2_Helo_CM,447
1634,3268.0,13.475652358512805,MASP2_Helo_CM,447
1635,3270.0,15.184443832120493,MASP2_Helo_CM,447
1636,3272.0,13.379776395978455,MASP2_Helo_CM,447
1637,3274.0,15.125782154771068,MASP2_Helo_CM,447
1638,3276.0,13.878862989288084,MASP2_Helo_CM,447
1639,3278.0,13.798324722842231,MASP2_Helo_CM,447
1640,3280.0,16.325341446918053,MASP2_Helo_CM,447
1641,3282.0,16.38083328331468,MASP2_Helo_CM,447
1642,3284.0,16.07450892235453,MASP2_Helo_CM,447
1643,3286.0,16.69467475937977,MASP2_Helo_CM,447
1644,3288.0,13.313588277641996,MASP2_Helo_CM,447
1645,3290.0,13.646617212059477,MASP2_Helo_CM,447
1646,3292.0,14.453663290902615,MASP2_Helo_CM,447
1647,3294.0,13.62806046588299,MASP2_Helo_CM,447
1648,3296.0,14.851513749883589,MASP2_Helo_CM,447
1649,3298.0,16.41509365428979,MASP2_Helo_CM,447
1650,3300.0,15.673288972974017,MASP2_Helo_CM,447
1651,3302.0,16.31786969520516,MASP2_Helo_CM,447
1652,3304.0,13.628230606387469,MASP2_Helo_CM,447
1653,3306.0,13.732257813145726,MASP2_Helo_CM,447
1654,3308.0,13.216014354140816,MASP2_Helo_CM,447
1655,3310.0,13.301327409246698,MASP2_Helo_CM,447
1656,3312.0,13.62110591654631,MASP2_Helo_CM,447
1657,3314.0,14.515529690027321,MASP2_Helo_CM,447
1658,3316.0,15.22310494492314,MASP2_Helo_CM,447
1659,3318.0,13.995722992263678,MASP2_Helo_CM,447
1660,3320.0,16.10945417147577,MASP2_Helo_CM,447
1661,3322.0,14.640197108826467,MASP2_Helo_CM,447
1662,3324.0,14.68432433455163,MASP2_Helo_CM,447
1663,3326.0,13.9127194286629,MASP2_Helo_CM,447
1664,3328.0,14.011972337158324,MASP2_Helo_CM,447
1665,3330.0,13.646166601427371,MASP2_Helo_CM,447
1666,3332.0,14.58339626346871,MASP2_Helo_CM,447
1667,3334.0,14.29228438601378,MASP2_Helo_CM,447
1668,3336.0,12.402972585545522,MASP2_Helo_CM,447
1669,3338.0,14.250078035452619,MASP2_Helo_CM,447
1670,3340.0,14.540241606519745,MASP2_Helo_CM,447
1671,3342.0,14.217715460169028,MASP2_Helo_CM,447
1672,3344.0,13.478759480668947,MASP2_Helo_CM,447
1673,3346.0,14.70784287171093,MASP2_Helo_CM,447
1674,3348.0,15.88882044422239,MASP2_Helo_CM,447
1675,3350.0,12.462319018866316,MASP2_Helo_CM,447
1676,3352.0,12.16757377019021,MASP2_Helo_CM,447
1677,3354.0,13.995462627875355,MASP2_Helo_CM,447
1678,3356.0,13.207638202194557,MASP2_Helo_CM,447
1679,3358.0,13.940774608688967,MASP2_Helo_CM,447
1680,3360.0,14.460905099977909,MASP2_Helo_CM,447
1681,3362.0,12.968578962691943,MASP2_Helo_CM,447
1682,3364.0,17.533268109001384,MASP2_Helo_CM,447
1683,3366.0,17.948070654827244,MASP2_Helo_CM,447
1684,3368.0,18.235046368121992,MASP2_Helo_CM,447
1685,3370.0,13.742663353778086,MASP2_Helo_CM,447
1686,3372.0,14.460295690159512,MASP2_Helo_CM,447
1687,3374.0,15.832730414033541,MASP2_Helo_CM,447
1688,3376.0,16.34197940881772,MASP2_Helo_CM,447
1689,3378.0,14.797006173729566,MASP2_Helo_CM,447
1690,3380.0,13.140969854527953,MASP2_Helo_CM,447
1691,3382.0,13.094862299837319,MASP2_Helo_CM,447
1692,3384.0,14.448493938702878,MASP2_Helo_CM,447
1693,3386.0,14.862636216079324,MASP2_Helo_CM,447
1694,3388.0,13.362910745138194,MASP2_Helo_CM,447
1695,3390.0,12.893859151352503,MASP2_Helo_CM,447
1696,3392.0,11.82080699745364,MASP2_Helo_CM,447
1697,3394.0,14.455965536721564,MASP2_Helo_CM,447
1698,3396.0,14.275989678208727,MASP2_Helo_CM,447
1699,3398.0,14.396914007497411,MASP2_Helo_CM,447
1700,3400.0,13.811106711472535,MASP2_Helo_CM,447
1701,3402.0,14.624680427119861,MASP2_Helo_CM,447
1702,3404.0,12.320826070119569,MASP2_Helo_CM,447
1703,3406.0,13.300189945140994,MASP2_Helo_CM,447
1704,3408.0,13.288519924543541,MASP2_Helo_CM,447
1705,3410.0,12.37766221586515,MASP2_Helo_CM,447
1706,3412.0,12.300151145295011,MASP2_Helo_CM,447
1707,3414.0,11.031646720519264,MASP2_Helo_CM,447
1708,3416.0,11.8958677789683,MASP2_Helo_CM,447
1709,3418.0,11.295071514698906,MASP2_Helo_CM,447
1710,3420.0,11.693454890693408,MASP2_Helo_CM,447
1711,3422.0,11.747141558440598,MASP2_Helo_CM,447
1712,3424.0,12.248715674858424,MASP2_Helo_CM,447
1713,3426.0,12.69894847547217,MASP2_Helo_CM,447
1714,3428.0,10.654095430589932,MASP2_Helo_CM,447
1715,3430.0,11.284151674240105,MASP2_Helo_CM,447
1716,3432.0,10.731375632239157,MASP2_Helo_CM,447
1717,3434.0,10.402004381618298,MASP2_Helo_CM,447
1718,3436.0,10.84572703337836,MASP2_Helo_CM,447
1719,3438.0,10.601668562969515,MASP2_Helo_CM,447
1720,3440.0,11.09007998891081,MASP2_Helo_CM,447
1721,3442.0,11.049646608374443,MASP2_Helo_CM,447
1722,3444.0,11.328945146551844,MASP2_Helo_CM,447
1723,3446.0,10.478420067102745,MASP2_Helo_CM,447
1724,3448.0,10.30194571685555,MASP2_Helo_CM,447
1725,3450.0,12.130627374643414,MASP2_Helo_CM,447
1726,3452.0,12.333221840962628,MASP2_Helo_CM,447
1727,3454.0,12.44040476917024,MASP2_Helo_CM,447
1728,3456.0,13.541280675956052,MASP2_Helo_CM,447
1729,3458.0,12.530221346921895,MASP2_Helo_CM,447
1730,3460.0,12.066908811917854,MASP2_Helo_CM,447
1731,3462.0,12.403732638581749,MASP2_Helo_CM,447
1732,3464.0,13.494647578028522,MASP2_Helo_CM,447
1733,3466.0,15.804933435191783,MASP2_Helo_CM,447
1734,3468.0,15.242714974253955,MASP2_Helo_CM,447
1735,3470.0,15.486745415871178,MASP2_Helo_CM,447
1736,3472.0,17.565849211606206,MASP2_Helo_CM,447
1737,3474.0,17.4691872381692,MASP2_Helo_CM,447
1738,3476.0,16.65756911430038,MASP2_Helo_CM,447
1739,3478.0,19.297023993195843,MASP2_Helo_CM,447
1740,3480.0,15.600133608830745,MASP2_Helo_CM,447
1741,3482.0,14.55059640993928,MASP2_Helo_CM,447
1742,3484.0,16.033604982364686,MASP2_Helo_CM,447
1743,3486.0,16.745232661268204,MASP2_Helo_CM,447
1744,3488.0,14.831184484019271,MASP2_Helo_CM,447
1745,3490.0,16.281964361811596,MASP2_Helo_CM,447
1746,3492.0,15.001656852654921,MASP2_Helo_CM,447
1747,3494.0,15.562733671987463,MASP2_Helo_CM,447
1748,3496.0,14.207305989326397,MASP2_Helo_CM,447
1749,3498.0,14.33968368255909,MASP2_Helo_CM,447
1750,3500.0,16.666111962761793,MASP2_Helo_CM,447
1751,3502.0,12.089389814918652,MASP2_Helo_CM,447
1752,3504.0,12.270427370510065,MASP2_Helo_CM,447
1753,3506.0,12.204512531478768,MASP2_Helo_CM,447
1754,3508.0,12.220152246858818,MASP2_Helo_CM,447
1755,3510.0,11.490426102203955,MASP2_Helo_CM,447
1756,3512.0,12.071201288000722,MASP2_Helo_CM,447
1757,3514.0,11.475897096710147,MASP2_Helo_CM,447
1758,3516.0,11.220426232186673,MASP2_Helo_CM,447
1759,3518.0,11.655866268468541,MASP2_Helo_CM,447
1760,3520.0,11.38340171061488,MASP2_Helo_CM,447
1761,3522.0,11.804907486611715,MASP2_Helo_CM,447
1762,3524.0,13.410625554624039,MASP2_Helo_CM,447
1763,3526.0,13.22619653303076,MASP2_Helo_CM,447
1764,3528.0,14.634431558170524,MASP2_Helo_CM,447
1765,3530.0,14.314552550248354,MASP2_Helo_CM,447
1766,3532.0,14.379810763759531,MASP2_Helo_CM,447
1767,3534.0,13.512740974001755,MASP2_Helo_CM,447
1768,3536.0,13.584708265347247,MASP2_Helo_CM,447
1769,3538.0,13.562527063441346,MASP2_Helo_CM,447
1770,3540.0,13.391727050548392,MASP2_Helo_CM,447
1771,3542.0,12.714500954354273,MASP2_Helo_CM,447
1772,3544.0,13.443328337298395,MASP2_Helo_CM,447
1773,3546.0,12.908106636658866,MASP2_Helo_CM,447
1774,3548.0,13.141616083843177,MASP2_Helo_CM,447
1775,3550.0,13.290438354305886,MASP2_Helo_CM,447
1776,3552.0,14.082762735801577,MASP2_Helo_CM,447
1777,3554.0,12.870104738904645,MASP2_Helo_CM,447
1778,3556.0,12.82455125123626,MASP2_Helo_CM,447
1779,3558.0,13.10059050669997,MASP2_Helo_CM,447
1780,3560.0,13.594141831991228,MASP2_Helo_CM,447
1781,3562.0,10.694346604892171,MASP2_Helo_CM,447
1782,3564.0,11.570686773002834,MASP2_Helo_CM,447
1783,3566.0,9.981728640829294,MASP2_Helo_CM,447
1784,3568.0,11.154868576944617,MASP2_Helo_CM,447
1785,3570.0,11.63492150298592,MASP2_Helo_CM,447
1786,3572.0,10.830183698376597,MASP2_Helo_CM,447
1787,3574.0,11.85432631172462,MASP2_Helo_CM,447
1788,3576.0,11.138005295329306,MASP2_Helo_CM,447
1789,3578.0,11.439448080328823,MASP2_Helo_CM,447
1790,3580.0,11.154137414170314,MASP2_Helo_CM,447
1791,3582.0,10.618248493802833,MASP2_Helo_CM,447
1792,3584.0,10.802865326198228,MASP2_Helo_CM,447
1793,3586.0,11.644952238731328,MASP2_Helo_CM,447
1794,3588.0,11.586352979907142,MASP2_Helo_CM,447
1795,3590.0,11.503704555023182,MASP2_Helo_CM,447
1796,3592.0,12.171141078076497,MASP2_Helo_CM,447
1797,3594.0,11.710979330845419,MASP2_Helo_CM,447
1798,3596.0,11.235142539705182,MASP2_Helo_CM,447
1799,3598.0,11.669889308044405,MASP2_Helo_CM,447
1800,3600.0,11.20953282577312,MASP2_Helo_CM,447
1801,3602.0,11.234786767747826,MASP2_Helo_CM,447
1802,3604.0,11.76707087476449,MASP2_Helo_CM,447
1803,3606.0,11.293929809991683,MASP2_Helo_CM,447
1804,3608.0,11.759965015777226,MASP2_Helo_CM,447
1805,3610.0,12.007705326904558,MASP2_Helo_CM,447
1806,3612.0,12.379296702610059,MASP2_Helo_CM,447
1807,3614.0,11.923978938857651,MASP2_Helo_CM,447
1808,3616.0,12.291429926575454,MASP2_Helo_CM,447
1809,3618.0,11.013669963471314,MASP2_Helo_CM,447
1810,3620.0,9.784813530261308,MASP2_Helo_CM,447
1811,3622.0,11.37813084979785,MASP2_Helo_CM,447
1812,3624.0,11.799938352579824,MASP2_Helo_CM,447
1813,3626.0,11.399843290711349,MASP2_Helo_CM,447
1814,3628.0,11.403852093201703,MASP2_Helo_CM,447
1815,3630.0,11.994395309628013,MASP2_Helo_CM,447
1816,3632.0,11.700826998127887,MASP2_Helo_CM,447
1817,3634.0,11.434614270031599,MASP2_Helo_CM,447
1818,3636.0,12.77473823950332,MASP2_Helo_CM,447
1819,3638.0,11.8593552485949,MASP2_Helo_CM,447
1820,3640.0,11.254810658598018,MASP2_Helo_CM,447
1821,3642.0,11.472105491124104,MASP2_Helo_CM,447
1822,3644.0,11.348346473629661,MASP2_Helo_CM,447
1823,3646.0,11.335758689270213,MASP2_Helo_CM,447
1824,3648.0,11.62579402506735,MASP2_Helo_CM,447
1825,3650.0,11.728508619788295,MASP2_Helo_CM,447
1826,3652.0,11.435261135308254,MASP2_Helo_CM,447
1827,3654.0,11.525998606521147,MASP2_Helo_CM,447
1828,3656.0,11.1789165130544,MASP2_Helo_CM,447
1829,3658.0,12.23790347736429,MASP2_Helo_CM,447
1830,3660.0,11.183502071191173,MASP2_Helo_CM,447
1831,3662.0,11.71588618254387,MASP2_Helo_CM,447
1832,3664.0,11.329691598499483,MASP2_Helo_CM,447
1833,3666.0,11.85623994202993,MASP2_Helo_CM,447
1834,3668.0,12.310138353558017,MASP2_Helo_CM,447
1835,3670.0,11.443752507743865,MASP2_Helo_CM,447
1836,3672.0,12.249863111640993,MASP2_Helo_CM,447
1837,3674.0,12.659037969801757,MASP2_Helo_CM,447
1838,3676.0,12.292634049095948,MASP2_Helo_CM,447
1839,3678.0,11.782631550238325,MASP2_Helo_CM,447
1840,3680.0,11.714311571117019,MASP2_Helo_CM,447
1841,3682.0,11.051866040914113,MASP2_Helo_CM,447
1842,3684.0,11.917578244283956,MASP2_Helo_CM,447
1843,3686.0,11.514513216861168,MASP2_Helo_CM,447
1844,3688.0,11.737131724740545,MASP2_Helo_CM,447
1845,3690.0,11.899087010526477,MASP2_Helo_CM,447
1846,3692.0,11.544369590432883,MASP2_Helo_CM,447
1847,3694.0,11.422468593946247,MASP2_Helo_CM,447
1848,3696.0,11.809525025225968,MASP2_Helo_CM,447
1849,3698.0,12.136514755495062,MASP2_Helo_CM,447
1850,3700.0,11.6065031502892,MASP2_Helo_CM,447
1851,3702.0,11.746880287790386,MASP2_Helo_CM,447
1852,3704.0,11.388745369298183,MASP2_Helo_CM,447
1853,3706.0,11.071734716048265,MASP2_Helo_CM,447
1854,3708.0,11.703151933753043,MASP2_Helo_CM,447
1855,3710.0,11.290551576545246,MASP2_Helo_CM,447
1856,3712.0,11.689917623870889,MASP2_Helo_CM,447
1857,3714.0,11.550820923350745,MASP2_Helo_CM,447
1858,3716.0,12.056608928516788,MASP2_Helo_CM,447
1859,3718.0,11.58664555933755,MASP2_Helo_CM,447
1860,3720.0,12.130278401326924,MASP2_Helo_CM,447
1861,3722.0,11.7402284669752,MASP2_Helo_CM,447
1862,3724.0,11.372595927778319,MASP2_Helo_CM,447
1863,3726.0,11.183356138940905,MASP2_Helo_CM,447
1864,3728.0,11.583585960733,MASP2_Helo_CM,447
1865,3730.0,11.189416137181802,MASP2_Helo_CM,447
1866,3732.0,12.18357774767657,MASP2_Helo_CM,447
1867,3734.0,11.491606302047122,MASP2_Helo_CM,447
1868,3736.0,11.83474624343135,MASP2_Helo_CM,447
1869,3738.0,11.14024338353825,MASP2_Helo_CM,447
1870,3740.0,11.476016733799531,MASP2_Helo_CM,447
1871,3742.0,11.653169364991802,MASP2_Helo_CM,447
1872,3744.0,12.750686829730407,MASP2_Helo_CM,447
1873,3746.0,11.163386751023973,MASP2_Helo_CM,447
1874,3748.0,11.255505519564203,MASP2_Helo_CM,447
1875,3750.0,11.4187214487171,MASP2_Helo_CM,447
1876,3752.0,11.436851830086475,MASP2_Helo_CM,447
1877,3754.0,11.560199314854852,MASP2_Helo_CM,447
1878,3756.0,11.808982170029822,MASP2_Helo_CM,447
1879,3758.0,11.204699825753574,MASP2_Helo_CM,447
1880,3760.0,11.512765557339833,MASP2_Helo_CM,447
1881,3762.0,11.194466859774646,MASP2_Helo_CM,447
1882,3764.0,11.549399076126365,MASP2_Helo_CM,447
1883,3766.0,11.27960874991218,MASP2_Helo_CM,447
1884,3768.0,10.83553013436251,MASP2_Helo_CM,447
1885,3770.0,11.612930044053135,MASP2_Helo_CM,447
1886,3772.0,11.50355230561711,MASP2_Helo_CM,447
1887,3774.0,11.289622752899817,MASP2_Helo_CM,447
1888,3776.0,11.263557189009838,MASP2_Helo_CM,447
1889,3778.0,11.71551194392899,MASP2_Helo_CM,447
1890,3780.0,11.27685382649505,MASP2_Helo_CM,447
1891,3782.0,12.021014558177978,MASP2_Helo_CM,447
1892,3784.0,11.20971726041802,MASP2_Helo_CM,447
1893,3786.0,11.92778292161424,MASP2_Helo_CM,447
1894,3788.0,11.914127420720137,MASP2_Helo_CM,447
1895,3790.0,12.746488781539345,MASP2_Helo_CM,447
1896,3792.0,12.975942896788276,MASP2_Helo_CM,447
1897,3794.0,12.569739648592442,MASP2_Helo_CM,447
1898,3796.0,11.488861777484797,MASP2_Helo_CM,447
1899,3798.0,11.900140923806978,MASP2_Helo_CM,447
1900,3800.0,12.328900456323078,MASP2_Helo_CM,447
1901,3802.0,11.149614111207002,MASP2_Helo_CM,447
1902,3804.0,11.836423717692687,MASP2_Helo_CM,447
1903,3806.0,11.753770538282703,MASP2_Helo_CM,447
1904,3808.0,12.85683864095691,MASP2_Helo_CM,447
1905,3810.0,14.018109908202696,MASP2_Helo_CM,447
1906,3812.0,13.731597759242693,MASP2_Helo_CM,447
1907,3814.0,12.358062359537465,MASP2_Helo_CM,447
1908,3816.0,11.728477326063999,MASP2_Helo_CM,447
1909,3818.0,13.200281461711807,MASP2_Helo_CM,447
1910,3820.0,11.631695055639115,MASP2_Helo_CM,447
1911,3822.0,11.761806547000337,MASP2_Helo_CM,447
1912,3824.0,12.182110472291809,MASP2_Helo_CM,447
1913,3826.0,11.187200128327227,MASP2_Helo_CM,447
1914,3828.0,11.209747986298943,MASP2_Helo_CM,447
1915,3830.0,11.437504976963774,MASP2_Helo_CM,447
1916,3832.0,11.574983237129375,MASP2_Helo_CM,447
1917,3834.0,11.560337865606504,MASP2_Helo_CM,447
1918,3836.0,11.048189869069693,MASP2_Helo_CM,447
1919,3838.0,10.836968547569166,MASP2_Helo_CM,447
1920,3840.0,11.276411040023346,MASP2_Helo_CM,447
1921,3842.0,11.192833112777258,MASP2_Helo_CM,447
1922,3844.0,11.568731985400245,MASP2_Helo_CM,447
1923,3846.0,11.554215694662593,MASP2_Helo_CM,447
1924,3848.0,11.267840567052659,MASP2_Helo_CM,447
1925,3850.0,11.49307549614698,MASP2_Helo_CM,447
1926,3852.0,12.689887310250803,MASP2_Helo_CM,447
1927,3854.0,11.15500883637558,MASP2_Helo_CM,447
1928,3856.0,12.220131669294862,MASP2_Helo_CM,447
1929,3858.0,11.273817066563863,MASP2_Helo_CM,447
1930,3860.0,11.92439144397995,MASP2_Helo_CM,447
1931,3862.0,11.031702737601982,MASP2_Helo_CM,447
1932,3864.0,10.862345689001668,MASP2_Helo_CM,447
1933,3866.0,11.246930509303203,MASP2_Helo_CM,447
1934,3868.0,12.376966141489998,MASP2_Helo_CM,447
1935,3870.0,11.654408253733795,MASP2_Helo_CM,447
1936,3872.0,11.622639466188021,MASP2_Helo_CM,447
1937,3874.0,11.22295362349895,MASP2_Helo_CM,447
1938,3876.0,11.70439005694722,MASP2_Helo_CM,447
1939,3878.0,10.993020105939443,MASP2_Helo_CM,447
1940,3880.0,13.43096121500432,MASP2_Helo_CM,447
1941,3882.0,14.343155997814979,MASP2_Helo_CM,447
1942,3884.0,14.109955538919465,MASP2_Helo_CM,447
1943,3886.0,11.99908878739422,MASP2_Helo_CM,447
1944,3888.0,13.208270798352329,MASP2_Helo_CM,447
1945,3890.0,12.252380233463203,MASP2_Helo_CM,447
1946,3892.0,13.306652210928211,MASP2_Helo_CM,447
1947,3894.0,12.813321219629136,MASP2_Helo_CM,447
1948,3896.0,13.12482696180831,MASP2_Helo_CM,447
1949,3898.0,11.705244174434021,MASP2_Helo_CM,447
1950,3900.0,12.485081713931399,MASP2_Helo_CM,447
1951,3902.0,13.752237016972025,MASP2_Helo_CM,447
1952,3904.0,13.537322537563242,MASP2_Helo_CM,447
1953,3906.0,13.49609294823958,MASP2_Helo_CM,447
1954,3908.0,13.901087091625412,MASP2_Helo_CM,447
1955,3910.0,13.513117447465229,MASP2_Helo_CM,447
1956,3912.0,12.929420632616191,MASP2_Helo_CM,447
1957,3914.0,13.161977604111685,MASP2_Helo_CM,447
1958,3916.0,14.354717091038173,MASP2_Helo_CM,447
1959,3918.0,15.65409014413808,MASP2_Helo_CM,447
1960,3920.0,14.211567257298915,MASP2_Helo_CM,447
1961,3922.0,13.695657521479877,MASP2_Helo_CM,447
1962,3924.0,13.461837020620598,MASP2_Helo_CM,447
1963,3926.0,11.205908678873005,MASP2_Helo_CM,447
1964,3928.0,10.979623633728675,MASP2_Helo_CM,447
1965,3930.0,11.115810045656401,MASP2_Helo_CM,447
1966,3932.0,11.740650290450263,MASP2_Helo_CM,447
1967,3934.0,11.722332611657952,MASP2_Helo_CM,447
1968,3936.0,10.973017560631973,MASP2_Helo_CM,447
1969,3938.0,11.013167030457902,MASP2_Helo_CM,447
1970,3940.0,10.773542242406247,MASP2_Helo_CM,447
1971,3942.0,11.38765076486507,MASP2_Helo_CM,447
1972,3944.0,11.675605277090627,MASP2_Helo_CM,447
1973,3946.0,11.211094636419913,MASP2_Helo_CM,447
1974,3948.0,11.458478605269958,MASP2_Helo_CM,447
1975,3950.0,11.553315605646729,MASP2_Helo_CM,447
1976,3952.0,10.408825553625105,MASP2_Helo_CM,447
1977,3954.0,10.462312609814456,MASP2_Helo_CM,447
1978,3956.0,10.18887843606947,MASP2_Helo_CM,447
1979,3958.0,10.809714757356407,MASP2_Helo_CM,447
1980,3960.0,10.963389948226135,MASP2_Helo_CM,447
1981,3962.0,11.702091435917229,MASP2_Helo_CM,447
1982,3964.0,12.01307914437277,MASP2_Helo_CM,447
1983,3966.0,11.927900137228766,MASP2_Helo_CM,447
1984,3968.0,11.614684766416435,MASP2_Helo_CM,447
1985,3970.0,11.17427326334875,MASP2_Helo_CM,447
1986,3972.0,11.669208472966364,MASP2_Helo_CM,447
1987,3974.0,11.310709090352267,MASP2_Helo_CM,447
1988,3976.0,10.058038629304734,MASP2_Helo_CM,447
1989,3978.0,11.180564561067435,MASP2_Helo_CM,447
1990,3980.0,10.247142071788293,MASP2_Helo_CM,447
1991,3982.0,10.232543750923027,MASP2_Helo_CM,447
1992,3984.0,10.810487465624576,MASP2_Helo_CM,447
1993,3986.0,10.330892382733195,MASP2_Helo_CM,447
1994,3988.0,11.04596078171323,MASP2_Helo_CM,447
1995,3990.0,10.415207485699124,MASP2_Helo_CM,447
1996,3992.0,10.324265933770002,MASP2_Helo_CM,447
1997,3994.0,11.949586184455155,MASP2_Helo_CM,447
1998,3996.0,11.813174017195053,MASP2_Helo_CM,447
1999,3998.0,12.017441198629312,MASP2_Helo_CM,447
2000,4000.0,11.518848335747768,MASP2_Helo_CM,447
2001,4002.0,11.517210519353078,MASP2_Helo_CM,447
2002,4004.0,10.805570661973873,MASP2_Helo_CM,447
2003,4006.0,11.579946171452699,MASP2_Helo_CM,447
2004,4008.0,11.613067363951444,MASP2_Helo_CM,447
2005,4010.0,11.411528340843784,MASP2_Helo_CM,447
2006,4012.0,11.038334757712393,MASP2_Helo_CM,447
2007,4014.0,11.4676870273826,MASP2_Helo_CM,447
2008,4016.0,10.735105623782799,MASP2_Helo_CM,447
2009,4018.0,11.135683048302129,MASP2_Helo_CM,447
2010,4020.0,11.838026092636907,MASP2_Helo_CM,447
2011,4022.0,11.409432005842682,MASP2_Helo_CM,447
2012,4024.0,11.327234037462413,MASP2_Helo_CM,447
2013,4026.0,11.553037056683959,MASP2_Helo_CM,447
2014,4028.0,11.85936534287624,MASP2_Helo_CM,447
2015,4030.0,10.90231407474814,MASP2_Helo_CM,447
2016,4032.0,10.707926012263412,MASP2_Helo_CM,447
2017,4034.0,11.54599220006142,MASP2_Helo_CM,447
2018,4036.0,11.59622529219542,MASP2_Helo_CM,447
2019,4038.0,11.604817628845783,MASP2_Helo_CM,447
2020,4040.0,11.036245398828818,MASP2_Helo_CM,447
2021,4042.0,11.867008654600648,MASP2_Helo_CM,447
2022,4044.0,11.951472477517473,MASP2_Helo_CM,447
2023,4046.0,11.738344528183731,MASP2_Helo_CM,447
2024,4048.0,12.149161545578663,MASP2_Helo_CM,447
2025,4050.0,11.192846648387057,MASP2_Helo_CM,447
2026,4052.0,11.628754717069377,MASP2_Helo_CM,447
2027,4054.0,10.935368595550154,MASP2_Helo_CM,447
2028,4056.0,10.986093196572888,MASP2_Helo_CM,447
2029,4058.0,10.738018921599355,MASP2_Helo_CM,447
2030,4060.0,10.598305152203567,MASP2_Helo_CM,447
2031,4062.0,11.391163861384927,MASP2_Helo_CM,447
2032,4064.0,10.51642009495872,MASP2_Helo_CM,447
2033,4066.0,11.634245540807687,MASP2_Helo_CM,447
2034,4068.0,10.745634464637208,MASP2_Helo_CM,447
2035,4070.0,11.897280332926922,MASP2_Helo_CM,447
2036,4072.0,11.838221276823901,MASP2_Helo_CM,447
2037,4074.0,11.373578914993445,MASP2_Helo_CM,447
2038,4076.0,11.34054882783488,MASP2_Helo_CM,447
2039,4078.0,11.152495924836161,MASP2_Helo_CM,447
2040,4080.0,11.469350667824196,MASP2_Helo_CM,447
2041,4082.0,12.568919718672268,MASP2_Helo_CM,447
2042,4084.0,11.55181133547016,MASP2_Helo_CM,447
2043,4086.0,11.574060974467374,MASP2_Helo_CM,447
2044,4088.0,11.911566372631318,MASP2_Helo_CM,447
2045,4090.0,12.07853930660806,MASP2_Helo_CM,447
2046,4092.0,11.850850636263534,MASP2_Helo_CM,447
2047,4094.0,11.671535601767859,MASP2_Helo_CM,447
2048,4096.0,11.353635757801463,MASP2_Helo_CM,447
2049,4098.0,11.39223499533916,MASP2_Helo_CM,447
2050,4100.0,12.162070634316969,MASP2_Helo_CM,447
2051,4102.0,13.288120102800987,MASP2_Helo_CM,447
2052,4104.0,12.731561067833734,MASP2_Helo_CM,447
2053,4106.0,11.812441140874983,MASP2_Helo_CM,447
2054,4108.0,11.83296240260648,MASP2_Helo_CM,447
2055,4110.0,11.934567096764253,MASP2_Helo_CM,447
2056,4112.0,11.96981365377529,MASP2_Helo_CM,447
2057,4114.0,11.834252932496094,MASP2_Helo_CM,447
2058,4116.0,11.40988786862476,MASP2_Helo_CM,447
2059,4118.0,11.323151063869991,MASP2_Helo_CM,447
2060,4120.0,12.934736876095243,MASP2_Helo_CM,447
2061,4122.0,11.860119669621852,MASP2_Helo_CM,447
2062,4124.0,11.690930048670698,MASP2_Helo_CM,447
2063,4126.0,12.833869557153713,MASP2_Helo_CM,447
2064,4128.0,12.990682949530013,MASP2_Helo_CM,447
2065,4130.0,12.635798045703774,MASP2_Helo_CM,447
2066,4132.0,12.024209789318375,MASP2_Helo_CM,447
2067,4134.0,12.068627908577767,MASP2_Helo_CM,447
2068,4136.0,11.924488084405759,MASP2_Helo_CM,447
2069,4138.0,11.944350103191391,MASP2_Helo_CM,447
2070,4140.0,11.642575021533597,MASP2_Helo_CM,447
2071,4142.0,10.967855699392382,MASP2_Helo_CM,447
2072,4144.0,11.268204492669529,MASP2_Helo_CM,447
2073,4146.0,11.353051639683986,MASP2_Helo_CM,447
2074,4148.0,11.230360674266183,MASP2_Helo_CM,447
2075,4150.0,10.359466819174152,MASP2_Helo_CM,447
2076,4152.0,10.742011116670152,MASP2_Helo_CM,447
2077,4154.0,11.094381932332114,MASP2_Helo_CM,447
2078,4156.0,11.235302537508607,MASP2_Helo_CM,447
2079,4158.0,11.277419040101801,MASP2_Helo_CM,447
2080,4160.0,10.75984336511224,MASP2_Helo_CM,447
2081,4162.0,11.639710161916,MASP2_Helo_CM,447
2082,4164.0,11.458333827155453,MASP2_Helo_CM,447
2083,4166.0,11.658954423240788,MASP2_Helo_CM,447
2084,4168.0,12.312890593782717,MASP2_Helo_CM,447
2085,4170.0,11.030674837818747,MASP2_Helo_CM,447
2086,4172.0,10.747184906832034,MASP2_Helo_CM,447
2087,4174.0,10.97831836692195,MASP2_Helo_CM,447
2088,4176.0,10.592164930997164,MASP2_Helo_CM,447
2089,4178.0,11.239351030420393,MASP2_Helo_CM,447
2090,4180.0,11.491716250293083,MASP2_Helo_CM,447
2091,4182.0,11.114018971529509,MASP2_Helo_CM,447
2092,4184.0,11.899738782044508,MASP2_Helo_CM,447
2093,4186.0,11.340350241665826,MASP2_Helo_CM,447
2094,4188.0,11.564179649176573,MASP2_Helo_CM,447
2095,4190.0,12.057365232933282,MASP2_Helo_CM,447
2096,4192.0,10.823803295998953,MASP2_Helo_CM,447
2097,4194.0,10.854874503556745,MASP2_Helo_CM,447
2098,4196.0,11.4509489622769,MASP2_Helo_CM,447
2099,4198.0,10.63831410647079,MASP2_Helo_CM,447
2100,4200.0,11.77223735715674,MASP2_Helo_CM,447
2101,4202.0,11.293336908821363,MASP2_Helo_CM,447
2102,4204.0,11.027209237105016,MASP2_Helo_CM,447
2103,4206.0,10.770014240123775,MASP2_Helo_CM,447
2104,4208.0,10.960984362932694,MASP2_Helo_CM,447
2105,4210.0,11.037538725116612,MASP2_Helo_CM,447
2106,4212.0,11.315177446474024,MASP2_Helo_CM,447
2107,4214.0,11.1124230700659,MASP2_Helo_CM,447
2108,4216.0,11.4925188908242,MASP2_Helo_CM,447
2109,4218.0,11.620439340894022,MASP2_Helo_CM,447
2110,4220.0,10.865201643791847,MASP2_Helo_CM,447
2111,4222.0,10.626114812042466,MASP2_Helo_CM,447
2112,4224.0,12.392374928006978,MASP2_Helo_CM,447
2113,4226.0,10.774730575230285,MASP2_Helo_CM,447
2114,4228.0,10.97205918223764,MASP2_Helo_CM,447
2115,4230.0,11.124929028980496,MASP2_Helo_CM,447
2116,4232.0,10.745837703632299,MASP2_Helo_CM,447
2117,4234.0,11.355229280724851,MASP2_Helo_CM,447
2118,4236.0,11.506291352338277,MASP2_Helo_CM,447
2119,4238.0,10.574537116397435,MASP2_Helo_CM,447
2120,4240.0,11.01884969588934,MASP2_Helo_CM,447
2121,4242.0,10.89635417824142,MASP2_Helo_CM,447
2122,4244.0,11.272559673369264,MASP2_Helo_CM,447
2123,4246.0,10.4489793417658,MASP2_Helo_CM,447
2124,4248.0,10.58567188067921,MASP2_Helo_CM,447
2125,4250.0,11.048671282581166,MASP2_Helo_CM,447
2126,4252.0,11.644410993446398,MASP2_Helo_CM,447
2127,4254.0,11.279418812595033,MASP2_Helo_CM,447
2128,4256.0,11.87778612249548,MASP2_Helo_CM,447
2129,4258.0,11.511398640618367,MASP2_Helo_CM,447
2130,4260.0,11.233310013685848,MASP2_Helo_CM,447
2131,4262.0,11.162300690125361,MASP2_Helo_CM,447
2132,4264.0,10.831197451314504,MASP2_Helo_CM,447
2133,4266.0,11.07712656308757,MASP2_Helo_CM,447
2134,4268.0,10.289991955215724,MASP2_Helo_CM,447
2135,4270.0,11.564716293988633,MASP2_Helo_CM,447
2136,4272.0,11.705617852747938,MASP2_Helo_CM,447
2137,4274.0,11.075997810365722,MASP2_Helo_CM,447
2138,4276.0,10.738732934147324,MASP2_Helo_CM,447
2139,4278.0,10.670361367756652,MASP2_Helo_CM,447
2140,4280.0,10.70001430979107,MASP2_Helo_CM,447
2141,4282.0,10.696074409187366,MASP2_Helo_CM,447
2142,4284.0,11.097471220603705,MASP2_Helo_CM,447
2143,4286.0,11.291046601682385,MASP2_Helo_CM,447
2144,4288.0,11.784261303513354,MASP2_Helo_CM,447
2145,4290.0,11.056078357548868,MASP2_Helo_CM,447
2146,4292.0,11.672953205763891,MASP2_Helo_CM,447
2147,4294.0,11.6043375052755,MASP2_Helo_CM,447
2148,4296.0,11.352862340833338,MASP2_Helo_CM,447
2149,4298.0,11.427346141985163,MASP2_Helo_CM,447
2150,4300.0,11.617585995081754,MASP2_Helo_CM,447
2151,4302.0,11.428361967287497,MASP2_Helo_CM,447
2152,4304.0,11.572813857383856,MASP2_Helo_CM,447
2153,4306.0,11.753189198825941,MASP2_Helo_CM,447
2154,4308.0,11.423627955205548,MASP2_Helo_CM,447
2155,4310.0,11.440982180793497,MASP2_Helo_CM,447
2156,4312.0,11.270246293193994,MASP2_Helo_CM,447
2157,4314.0,11.886317696188364,MASP2_Helo_CM,447
2158,4316.0,11.792003492257892,MASP2_Helo_CM,447
2159,4318.0,11.51330994143664,MASP2_Helo_CM,447
2160,4320.0,11.602881370343981,MASP2_Helo_CM,447
2161,4322.0,11.688779353566856,MASP2_Helo_CM,447
2162,4324.0,13.443286939319588,MASP2_Helo_CM,447
2163,4326.0,13.119700102109455,MASP2_Helo_CM,447
2164,4328.0,13.231680538788966,MASP2_Helo_CM,447
2165,4330.0,12.842099619803662,MASP2_Helo_CM,447
2166,4332.0,14.910080063185124,MASP2_Helo_CM,447
2167,4334.0,14.570189619781637,MASP2_Helo_CM,447
2168,4336.0,11.947892441911028,MASP2_Helo_CM,447
2169,4338.0,11.961926639241607,MASP2_Helo_CM,447
2170,4340.0,12.015791042507091,MASP2_Helo_CM,447
2171,4342.0,12.090399259810315,MASP2_Helo_CM,447
2172,4344.0,11.415242558647423,MASP2_Helo_CM,447
2173,4346.0,11.278164144178017,MASP2_Helo_CM,447
2174,4348.0,12.25995658169042,MASP2_Helo_CM,447
2175,4350.0,11.099978730982924,MASP2_Helo_CM,447
2176,4352.0,11.388870477741639,MASP2_Helo_CM,447
2177,4354.0,10.553403356522118,MASP2_Helo_CM,447
2178,4356.0,10.68630843772749,MASP2_Helo_CM,447
2179,4358.0,11.789370009983163,MASP2_Helo_CM,447
2180,4360.0,11.771036882771906,MASP2_Helo_CM,447
2181,4362.0,11.877883104530795,MASP2_Helo_CM,447
2182,4364.0,12.499352066649436,MASP2_Helo_CM,447
2183,4366.0,11.40308535454092,MASP2_Helo_CM,447
2184,4368.0,10.422832656156396,MASP2_Helo_CM,447
2185,4370.0,10.95645503165868,MASP2_Helo_CM,447
2186,4372.0,11.681505398282937,MASP2_Helo_CM,447
2187,4374.0,11.586959771133696,MASP2_Helo_CM,447
2188,4376.0,11.20518545670677,MASP2_Helo_CM,447
2189,4378.0,11.632784820942005,MASP2_Helo_CM,447
2190,4380.0,11.880150319178377,MASP2_Helo_CM,447
2191,4382.0,11.01268169259634,MASP2_Helo_CM,447
2192,4384.0,11.564481846818753,MASP2_Helo_CM,447
2193,4386.0,11.123929283368833,MASP2_Helo_CM,447
2194,4388.0,11.653164905541617,MASP2_Helo_CM,447
2195,4390.0,11.873562664954534,MASP2_Helo_CM,447
2196,4392.0,12.111116939137695,MASP2_Helo_CM,447
2197,4394.0,10.501395015267164,MASP2_Helo_CM,447
2198,4396.0,11.711997326010906,MASP2_Helo_CM,447
2199,4398.0,11.882643300218653,MASP2_Helo_CM,447
2200,4400.0,11.888058271725358,MASP2_Helo_CM,447
2201,4402.0,11.304056333745347,MASP2_Helo_CM,447
2202,4404.0,11.490902538228601,MASP2_Helo_CM,447
2203,4406.0,11.050090566532035,MASP2_Helo_CM,447
2204,4408.0,11.423272908782465,MASP2_Helo_CM,447
2205,4410.0,11.759080608151143,MASP2_Helo_CM,447
2206,4412.0,11.51335148501883,MASP2_Helo_CM,447
2207,4414.0,11.144208794489861,MASP2_Helo_CM,447
2208,4416.0,11.646958788830558,MASP2_Helo_CM,447
2209,4418.0,11.689346954192535,MASP2_Helo_CM,447
2210,4420.0,10.118221934754521,MASP2_Helo_CM,447
2211,4422.0,10.16706053438098,MASP2_Helo_CM,447
2212,4424.0,10.113416585515557,MASP2_Helo_CM,447
2213,4426.0,11.48934574834656,MASP2_Helo_CM,447
2214,4428.0,11.109975762141088,MASP2_Helo_CM,447
2215,4430.0,11.290019935106265,MASP2_Helo_CM,447
2216,4432.0,10.911482041816386,MASP2_Helo_CM,447
2217,4434.0,11.003562399646864,MASP2_Helo_CM,447
2218,4436.0,11.395063465738426,MASP2_Helo_CM,447
2219,4438.0,12.328940109514468,MASP2_Helo_CM,447
2220,4440.0,12.371871848543865,MASP2_Helo_CM,447
2221,4442.0,10.791003281736309,MASP2_Helo_CM,447
2222,4444.0,11.576676741448436,MASP2_Helo_CM,447
2223,4446.0,12.046791186831994,MASP2_Helo_CM,447
2224,4448.0,11.60972075358268,MASP2_Helo_CM,447
2225,4450.0,11.870880367857731,MASP2_Helo_CM,447
2226,4452.0,11.912994234347186,MASP2_Helo_CM,447
2227,4454.0,11.487763862123643,MASP2_Helo_CM,447
2228,4456.0,11.143316894226015,MASP2_Helo_CM,447
2229,4458.0,11.845508071362573,MASP2_Helo_CM,447
2230,4460.0,11.634630040543444,MASP2_Helo_CM,447
2231,4462.0,11.047873750878793,MASP2_Helo_CM,447
2232,4464.0,10.902415270544582,MASP2_Helo_CM,447
2233,4466.0,11.087025864052116,MASP2_Helo_CM,447
2234,4468.0,10.793051440761555,MASP2_Helo_CM,447
2235,4470.0,11.20304843229846,MASP2_Helo_CM,447
2236,4472.0,10.943641587141157,MASP2_Helo_CM,447
2237,4474.0,10.823621987705893,MASP2_Helo_CM,447
2238,4476.0,11.427971818767539,MASP2_Helo_CM,447
2239,4478.0,11.539256621489674,MASP2_Helo_CM,447
2240,4480.0,11.24155842952956,MASP2_Helo_CM,447
2241,4482.0,10.98334495150505,MASP2_Helo_CM,447
2242,4484.0,11.007730601257924,MASP2_Helo_CM,447
2243,4486.0,11.777289707711267,MASP2_Helo_CM,447
2244,4488.0,10.40065009562863,MASP2_Helo_CM,447
2245,4490.0,10.94075371574178,MASP2_Helo_CM,447
2246,4492.0,12.602103184061384,MASP2_Helo_CM,447
2247,4494.0,13.882334509054344,MASP2_Helo_CM,447
2248,4496.0,14.005696199141465,MASP2_Helo_CM,447
2249,4498.0,13.329397400374313,MASP2_Helo_CM,447
2250,4500.0,13.326424543243736,MASP2_Helo_CM,447
2251,4502.0,11.958177190124916,MASP2_Helo_CM,447
2252,4504.0,13.128680108991103,MASP2_Helo_CM,447
2253,4506.0,13.816574652765933,MASP2_Helo_CM,447
2254,4508.0,13.656219534147478,MASP2_Helo_CM,447
2255,4510.0,13.371873425095316,MASP2_Helo_CM,447
2256,4512.0,13.856071433175847,MASP2_Helo_CM,447
2257,4514.0,14.508316619042196,MASP2_Helo_CM,447
2258,4516.0,13.30425005940908,MASP2_Helo_CM,447
2259,4518.0,13.467004356009971,MASP2_Helo_CM,447
2260,4520.0,12.73255832059201,MASP2_Helo_CM,447
2261,4522.0,12.867724169816686,MASP2_Helo_CM,447
2262,4524.0,14.047112019071221,MASP2_Helo_CM,447
2263,4526.0,13.09132398848048,MASP2_Helo_CM,447
2264,4528.0,13.167442428856493,MASP2_Helo_CM,447
2265,4530.0,12.1402199613391,MASP2_Helo_CM,447
2266,4532.0,11.530310059061328,MASP2_Helo_CM,447
2267,4534.0,11.804020799461224,MASP2_Helo_CM,447
2268,4536.0,12.912295947491145,MASP2_Helo_CM,447
2269,4538.0,14.20500425679497,MASP2_Helo_CM,447
2270,4540.0,13.416250435500283,MASP2_Helo_CM,447
2271,4542.0,14.156753868787408,MASP2_Helo_CM,447
2272,4544.0,14.427125017290386,MASP2_Helo_CM,447
2273,4546.0,15.308436360759137,MASP2_Helo_CM,447
2274,4548.0,13.842566288052286,MASP2_Helo_CM,447
2275,4550.0,13.682605342327852,MASP2_Helo_CM,447
2276,4552.0,14.342523506135487,MASP2_Helo_CM,447
2277,4554.0,13.858905295065023,MASP2_Helo_CM,447
2278,4556.0,14.00743407516815,MASP2_Helo_CM,447
2279,4558.0,14.267400272275859,MASP2_Helo_CM,447
2280,4560.0,14.709910108458486,MASP2_Helo_CM,447
2281,4562.0,13.705027812827574,MASP2_Helo_CM,447
2282,4564.0,13.679649710344597,MASP2_Helo_CM,447
2283,4566.0,14.104244710033546,MASP2_Helo_CM,447
2284,4568.0,13.914943824775555,MASP2_Helo_CM,447
2285,4570.0,13.804725053685896,MASP2_Helo_CM,447
2286,4572.0,14.260775069532038,MASP2_Helo_CM,447
2287,4574.0,13.83102984592135,MASP2_Helo_CM,447
2288,4576.0,13.701468139708304,MASP2_Helo_CM,447
2289,4578.0,13.829305069171937,MASP2_Helo_CM,447
2290,4580.0,13.440727997931349,MASP2_Helo_CM,447
2291,4582.0,14.1121614055537,MASP2_Helo_CM,447
2292,4584.0,13.889181046232114,MASP2_Helo_CM,447
2293,4586.0,13.421175223836496,MASP2_Helo_CM,447
2294,4588.0,14.129824934494938,MASP2_Helo_CM,447
2295,4590.0,14.601441625138488,MASP2_Helo_CM,447
2296,4592.0,13.931576239891283,MASP2_Helo_CM,447
2297,4594.0,14.458883453797085,MASP2_Helo_CM,447
2298,4596.0,13.935035251177153,MASP2_Helo_CM,447
2299,4598.0,14.000572551118571,MASP2_Helo_CM,447
2300,4600.0,14.425949266001119,MASP2_Helo_CM,447
2301,4602.0,14.678911134237891,MASP2_Helo_CM,447
2302,4604.0,14.321638220255542,MASP2_Helo_CM,447
2303,4606.0,13.337286748739972,MASP2_Helo_CM,447
2304,4608.0,14.13834802984448,MASP2_Helo_CM,447
2305,4610.0,13.704335571206931,MASP2_Helo_CM,447
2306,4612.0,14.279461307358204,MASP2_Helo_CM,447
2307,4614.0,13.453051820129913,MASP2_Helo_CM,447
2308,4616.0,14.222006973336747,MASP2_Helo_CM,447
2309,4618.0,13.975688125506394,MASP2_Helo_CM,447
2310,4620.0,13.824538531936515,MASP2_Helo_CM,447
2311,4622.0,14.812574771808872,MASP2_Helo_CM,447
2312,4624.0,13.601684874272907,MASP2_Helo_CM,447
2313,4626.0,13.592685757906038,MASP2_Helo_CM,447
2314,4628.0,14.129816193774488,MASP2_Helo_CM,447
2315,4630.0,14.040028438298187,MASP2_Helo_CM,447
2316,4632.0,14.023444050777675,MASP2_Helo_CM,447
2317,4634.0,13.45286467308816,MASP2_Helo_CM,447
2318,4636.0,14.765406710923239,MASP2_Helo_CM,447
2319,4638.0,14.087410336705616,MASP2_Helo_CM,447
2320,4640.0,12.546770067174563,MASP2_Helo_CM,447
2321,4642.0,13.63480967568567,MASP2_Helo_CM,447
2322,4644.0,13.698978249235612,MASP2_Helo_CM,447
2323,4646.0,13.92299548530548,MASP2_Helo_CM,447
2324,4648.0,13.649520657166288,MASP2_Helo_CM,447
2325,4650.0,13.806480816939208,MASP2_Helo_CM,447
2326,4652.0,13.792733050626191,MASP2_Helo_CM,447
2327,4654.0,14.234694686496763,MASP2_Helo_CM,447
2328,4656.0,14.556065105296701,MASP2_Helo_CM,447
2329,4658.0,14.753066036611873,MASP2_Helo_CM,447
2330,4660.0,14.70683694660277,MASP2_Helo_CM,447
2331,4662.0,14.259960526360027,MASP2_Helo_CM,447
2332,4664.0,13.692862006032707,MASP2_Helo_CM,447
2333,4666.0,13.242412972189957,MASP2_Helo_CM,447
2334,4668.0,12.823625624919835,MASP2_Helo_CM,447
2335,4670.0,13.52511343460845,MASP2_Helo_CM,447
2336,4672.0,13.28970841209918,MASP2_Helo_CM,447
2337,4674.0,14.025037911439846,MASP2_Helo_CM,447
2338,4676.0,14.072262729357329,MASP2_Helo_CM,447
2339,4678.0,14.038063494930753,MASP2_Helo_CM,447
2340,4680.0,13.96085394364475,MASP2_Helo_CM,447
2341,4682.0,13.113825452459423,MASP2_Helo_CM,447
2342,4684.0,13.4938328010404,MASP2_Helo_CM,447
2343,4686.0,14.49361540854266,MASP2_Helo_CM,447
2344,4688.0,14.039361132066327,MASP2_Helo_CM,447
2345,4690.0,14.11970582938192,MASP2_Helo_CM,447
2346,4692.0,14.204346132926357,MASP2_Helo_CM,447
2347,4694.0,14.041967139902518,MASP2_Helo_CM,447
2348,4696.0,13.498691009395156,MASP2_Helo_CM,447
2349,4698.0,13.051662854807505,MASP2_Helo_CM,447
2350,4700.0,14.45046692194414,MASP2_Helo_CM,447
2351,4702.0,13.13062936693502,MASP2_Helo_CM,447
2352,4704.0,13.415753338699126,MASP2_Helo_CM,447
2353,4706.0,13.553084629863523,MASP2_Helo_CM,447
2354,4708.0,13.728186474783886,MASP2_Helo_CM,447
2355,4710.0,13.42301350339268,MASP2_Helo_CM,447
2356,4712.0,13.57274536125994,MASP2_Helo_CM,447
2357,4714.0,13.722018487406325,MASP2_Helo_CM,447
2358,4716.0,13.808905417185246,MASP2_Helo_CM,447
2359,4718.0,13.52101414645706,MASP2_Helo_CM,447
2360,4720.0,12.456910056221153,MASP2_Helo_CM,447
2361,4722.0,11.658624398560363,MASP2_Helo_CM,447
2362,4724.0,12.75058014983458,MASP2_Helo_CM,447
2363,4726.0,11.50184262532291,MASP2_Helo_CM,447
2364,4728.0,12.009838481080486,MASP2_Helo_CM,447
2365,4730.0,12.611287125790737,MASP2_Helo_CM,447
2366,4732.0,11.671057034783503,MASP2_Helo_CM,447
2367,4734.0,11.78931558726263,MASP2_Helo_CM,447
2368,4736.0,11.680348964319128,MASP2_Helo_CM,447
2369,4738.0,11.773732081918492,MASP2_Helo_CM,447
2370,4740.0,11.201055664782277,MASP2_Helo_CM,447
2371,4742.0,11.573137077898217,MASP2_Helo_CM,447
2372,4744.0,11.430027612695163,MASP2_Helo_CM,447
2373,4746.0,11.132468234618186,MASP2_Helo_CM,447
2374,4748.0,10.96186418889799,MASP2_Helo_CM,447
2375,4750.0,11.179380753460745,MASP2_Helo_CM,447
2376,4752.0,11.606270410425438,MASP2_Helo_CM,447
2377,4754.0,11.179536388915395,MASP2_Helo_CM,447
2378,4756.0,11.590283172577502,MASP2_Helo_CM,447
2379,4758.0,11.351851896571272,MASP2_Helo_CM,447
2380,4760.0,11.283796201812528,MASP2_Helo_CM,447
2381,4762.0,11.692929853543081,MASP2_Helo_CM,447
2382,4764.0,11.857833837402092,MASP2_Helo_CM,447
2383,4766.0,11.963460166694306,MASP2_Helo_CM,447
2384,4768.0,11.405025968213156,MASP2_Helo_CM,447
2385,4770.0,11.535290340151226,MASP2_Helo_CM,447
2386,4772.0,11.822953677097786,MASP2_Helo_CM,447
2387,4774.0,11.363413754645464,MASP2_Helo_CM,447
2388,4776.0,11.393448671437511,MASP2_Helo_CM,447
2389,4778.0,11.556998339625652,MASP2_Helo_CM,447
2390,4780.0,11.304093419441955,MASP2_Helo_CM,447
2391,4782.0,11.828931541277429,MASP2_Helo_CM,447
2392,4784.0,11.719986193910623,MASP2_Helo_CM,447
2393,4786.0,12.099004819487288,MASP2_Helo_CM,447
2394,4788.0,11.685326801146424,MASP2_Helo_CM,447
2395,4790.0,11.545682416729932,MASP2_Helo_CM,447
2396,4792.0,11.141062092677766,MASP2_Helo_CM,447
2397,4794.0,11.495711598693754,MASP2_Helo_CM,447
2398,4796.0,11.114574863052397,MASP2_Helo_CM,447
2399,4798.0,11.05492047482202,MASP2_Helo_CM,447
2400,4800.0,11.502411078926619,MASP2_Helo_CM,447
2401,4802.0,11.170634009933227,MASP2_Helo_CM,447
2402,4804.0,12.189366796952696,MASP2_Helo_CM,447
2403,4806.0,11.527633909114387,MASP2_Helo_CM,447
2404,4808.0,10.701729721464714,MASP2_Helo_CM,447
2405,4810.0,11.605982610082563,MASP2_Helo_CM,447
2406,4812.0,12.345126638313912,MASP2_Helo_CM,447
2407,4814.0,11.850106374586497,MASP2_Helo_CM,447
2408,4816.0,11.627842209366884,MASP2_Helo_CM,447
2409,4818.0,11.211991811580676,MASP2_Helo_CM,447
2410,4820.0,11.314765234602215,MASP2_Helo_CM,447
2411,4822.0,11.191503691803467,MASP2_Helo_CM,447
2412,4824.0,11.074664794641109,MASP2_Helo_CM,447
2413,4826.0,11.670058234661038,MASP2_Helo_CM,447
2414,4828.0,11.174062154122065,MASP2_Helo_CM,447
2415,4830.0,10.907897412218615,MASP2_Helo_CM,447
2416,4832.0,11.444362388859336,MASP2_Helo_CM,447
2417,4834.0,10.895533590689077,MASP2_Helo_CM,447
2418,4836.0,11.507036460987548,MASP2_Helo_CM,447
2419,4838.0,11.34803307984229,MASP2_Helo_CM,447
2420,4840.0,12.101897326149423,MASP2_Helo_CM,447
2421,4842.0,11.941313453047684,MASP2_Helo_CM,447
2422,4844.0,11.786856916998296,MASP2_Helo_CM,447
2423,4846.0,11.921448070379634,MASP2_Helo_CM,447
2424,4848.0,11.324994113322726,MASP2_Helo_CM,447
2425,4850.0,12.080539487744351,MASP2_Helo_CM,447
2426,4852.0,12.201841595483954,MASP2_Helo_CM,447
2427,4854.0,11.340214345530564,MASP2_Helo_CM,447
2428,4856.0,11.419930888926569,MASP2_Helo_CM,447
2429,4858.0,11.153648895319508,MASP2_Helo_CM,447
2430,4860.0,11.727888161963648,MASP2_Helo_CM,447
2431,4862.0,11.213737899313852,MASP2_Helo_CM,447
2432,4864.0,11.708085825392528,MASP2_Helo_CM,447
2433,4866.0,11.06974033140695,MASP2_Helo_CM,447
2434,4868.0,11.621072720455027,MASP2_Helo_CM,447
2435,4870.0,10.822424024127697,MASP2_Helo_CM,447
2436,4872.0,11.188240392019718,MASP2_Helo_CM,447
2437,4874.0,10.719882653591425,MASP2_Helo_CM,447
2438,4876.0,11.576251045445765,MASP2_Helo_CM,447
2439,4878.0,10.885654888681326,MASP2_Helo_CM,447
2440,4880.0,11.224468447800866,MASP2_Helo_CM,447
2441,4882.0,11.723358669766517,MASP2_Helo_CM,447
2442,4884.0,11.607658820141957,MASP2_Helo_CM,447
2443,4886.0,11.788440634993721,MASP2_Helo_CM,447
2444,4888.0,11.599521512253194,MASP2_Helo_CM,447
2445,4890.0,11.145442801216047,MASP2_Helo_CM,447
2446,4892.0,11.54282020886611,MASP2_Helo_CM,447
2447,4894.0,11.834839490733646,MASP2_Helo_CM,447
2448,4896.0,11.041130407080859,MASP2_Helo_CM,447
2449,4898.0,10.999762253541807,MASP2_Helo_CM,447
2450,4900.0,10.956438647835407,MASP2_Helo_CM,447
2451,4902.0,11.725392089038198,MASP2_Helo_CM,447
2452,4904.0,11.779670458478778,MASP2_Helo_CM,447
2453,4906.0,10.908888070361014,MASP2_Helo_CM,447
2454,4908.0,11.954904547421986,MASP2_Helo_CM,447
2455,4910.0,10.998848967291977,MASP2_Helo_CM,447
2456,4912.0,10.854066319052441,MASP2_Helo_CM,447
2457,4914.0,11.19899361411622,MASP2_Helo_CM,447
2458,4916.0,11.748961875536986,MASP2_Helo_CM,447
2459,4918.0,10.962526955791882,MASP2_Helo_CM,447
2460,4920.0,11.517266244556694,MASP2_Helo_CM,447
2461,4922.0,11.09628341914488,MASP2_Helo_CM,447
2462,4924.0,11.15475042325098,MASP2_Helo_CM,447
2463,4926.0,10.67934988645906,MASP2_Helo_CM,447
2464,4928.0,11.350659087205695,MASP2_Helo_CM,447
2465,4930.0,11.303590111349257,MASP2_Helo_CM,447
2466,4932.0,11.513794360009417,MASP2_Helo_CM,447
2467,4934.0,12.28911446425592,MASP2_Helo_CM,447
2468,4936.0,11.155329350390119,MASP2_Helo_CM,447
2469,4938.0,11.340415215855087,MASP2_Helo_CM,447
2470,4940.0,11.027256352684129,MASP2_Helo_CM,447
2471,4942.0,12.29850747832923,MASP2_Helo_CM,447
2472,4944.0,11.67486069681194,MASP2_Helo_CM,447
2473,4946.0,12.162251409359719,MASP2_Helo_CM,447
2474,4948.0,12.086409090294861,MASP2_Helo_CM,447
2475,4950.0,11.731449051565347,MASP2_Helo_CM,447
2476,4952.0,12.235496151759401,MASP2_Helo_CM,447
2477,4954.0,12.054830540157818,MASP2_Helo_CM,447
2478,4956.0,11.421571317586201,MASP2_Helo_CM,447
2479,4958.0,11.938547187726977,MASP2_Helo_CM,447
2480,4960.0,11.762905982221822,MASP2_Helo_CM,447
2481,4962.0,11.21669752303684,MASP2_Helo_CM,447
2482,4964.0,11.486493833543665,MASP2_Helo_CM,447
2483,4966.0,11.641039573913543,MASP2_Helo_CM,447
2484,4968.0,11.726081354676474,MASP2_Helo_CM,447
2485,4970.0,11.850249900036841,MASP2_Helo_CM,447
2486,4972.0,11.495980315439274,MASP2_Helo_CM,447
2487,4974.0,12.25182991409301,MASP2_Helo_CM,447
2488,4976.0,11.794286337580479,MASP2_Helo_CM,447
2489,4978.0,10.956427786252286,MASP2_Helo_CM,447
2490,4980.0,11.808670957482812,MASP2_Helo_CM,447
2491,4982.0,11.58927056143809,MASP2_Helo_CM,447
2492,4984.0,11.84306060031308,MASP2_Helo_CM,447
2493,4986.0,11.878961566971393,MASP2_Helo_CM,447
2494,4988.0,11.4652155359427,MASP2_Helo_CM,447
2495,4990.0,11.413392896142936,MASP2_Helo_CM,447
2496,4992.0,11.583336820513855,MASP2_Helo_CM,447
2497,4994.0,12.082254350614573,MASP2_Helo_CM,447
2498,4996.0,11.391779619605542,MASP2_Helo_CM,447
2499,4998.0,11.99377040623533,MASP2_Helo_CM,447
0,0.0,44.902195242363355,MASP2_Helo_CM,140
1,2.0,44.71819823188491,MASP2_Helo_CM,140
2,4.0,41.92746063484016,MASP2_Helo_CM,140
3,6.0,41.76821088647605,MASP2_Helo_CM,140
4,8.0,40.83301695057881,MASP2_Helo_CM,140
5,10.0,40.52063622458793,MASP2_Helo_CM,140
6,12.0,41.28142198335602,MASP2_Helo_CM,140
7,14.0,37.21404984045772,MASP2_Helo_CM,140
8,16.0,36.322609997706984,MASP2_Helo_CM,140
9,18.0,36.32489523974828,MASP2_Helo_CM,140
10,20.0,37.93192370840797,MASP2_Helo_CM,140
11,22.0,36.022377188943395,MASP2_Helo_CM,140
12,24.0,33.32971980531647,MASP2_Helo_CM,140
13,26.0,33.67199132986889,MASP2_Helo_CM,140
14,28.0,36.58118297424016,MASP2_Helo_CM,140
15,30.0,34.00414074183576,MASP2_Helo_CM,140
16,32.0,32.90983399320117,MASP2_Helo_CM,140
17,34.0,32.027712135420586,MASP2_Helo_CM,140
18,36.0,34.25325525998297,MASP2_Helo_CM,140
19,38.0,34.08942193962647,MASP2_Helo_CM,140
20,40.0,31.292425240137792,MASP2_Helo_CM,140
21,42.0,33.31475380351535,MASP2_Helo_CM,140
22,44.0,30.17675049494244,MASP2_Helo_CM,140
23,46.0,29.952267941688202,MASP2_Helo_CM,140
24,48.0,31.498527656441517,MASP2_Helo_CM,140
25,50.0,29.83815213551305,MASP2_Helo_CM,140
26,52.0,29.254913678291175,MASP2_Helo_CM,140
27,54.0,31.15649463781421,MASP2_Helo_CM,140
28,56.0,33.79912504913887,MASP2_Helo_CM,140
29,58.0,34.98090344343519,MASP2_Helo_CM,140
30,60.0,37.490129347074685,MASP2_Helo_CM,140
31,62.0,37.953122999685064,MASP2_Helo_CM,140
32,64.0,33.800398913173666,MASP2_Helo_CM,140
33,66.0,34.69508393165634,MASP2_Helo_CM,140
34,68.0,33.96524334273282,MASP2_Helo_CM,140
35,70.0,31.879950344490204,MASP2_Helo_CM,140
36,72.0,33.935339143798274,MASP2_Helo_CM,140
37,74.0,35.9958106080214,MASP2_Helo_CM,140
38,76.0,36.21422993923032,MASP2_Helo_CM,140
39,78.0,34.352140225283364,MASP2_Helo_CM,140
40,80.0,34.02028784914967,MASP2_Helo_CM,140
41,82.0,37.2735997405357,MASP2_Helo_CM,140
42,84.0,40.99171397020262,MASP2_Helo_CM,140
43,86.0,41.08571052030853,MASP2_Helo_CM,140
44,88.0,40.50804132846227,MASP2_Helo_CM,140
45,90.0,43.72269865734529,MASP2_Helo_CM,140
46,92.0,43.21541325165147,MASP2_Helo_CM,140
47,94.0,40.722100638126484,MASP2_Helo_CM,140
48,96.0,39.64751973865418,MASP2_Helo_CM,140
49,98.0,37.32931732215018,MASP2_Helo_CM,140
50,100.0,40.390862846322676,MASP2_Helo_CM,140
51,102.0,41.095329195926986,MASP2_Helo_CM,140
52,104.0,36.429587103734214,MASP2_Helo_CM,140
53,106.0,39.29704473402237,MASP2_Helo_CM,140
54,108.0,39.72340347524584,MASP2_Helo_CM,140
55,110.0,40.16060727925899,MASP2_Helo_CM,140
56,112.0,41.5414129193399,MASP2_Helo_CM,140
57,114.0,39.32060944223768,MASP2_Helo_CM,140
58,116.0,39.92346968251082,MASP2_Helo_CM,140
59,118.0,39.737248954021716,MASP2_Helo_CM,140
60,120.0,39.95202720921985,MASP2_Helo_CM,140
61,122.0,41.42540227481166,MASP2_Helo_CM,140
62,124.0,42.025708889024436,MASP2_Helo_CM,140
63,126.0,41.99611783565116,MASP2_Helo_CM,140
64,128.0,40.44509490687754,MASP2_Helo_CM,140
65,130.0,42.81335538233988,MASP2_Helo_CM,140
66,132.0,40.18907547172434,MASP2_Helo_CM,140
67,134.0,39.564312502411944,MASP2_Helo_CM,140
68,136.0,38.312202702565095,MASP2_Helo_CM,140
69,138.0,38.87924885448994,MASP2_Helo_CM,140
70,140.0,38.67428630727531,MASP2_Helo_CM,140
71,142.0,44.756674005317414,MASP2_Helo_CM,140
72,144.0,46.09973650180972,MASP2_Helo_CM,140
73,146.0,47.72983465495714,MASP2_Helo_CM,140
74,148.0,47.11008042061566,MASP2_Helo_CM,140
75,150.0,46.70715643814354,MASP2_Helo_CM,140
76,152.0,44.782095265192865,MASP2_Helo_CM,140
77,154.0,45.91510326962812,MASP2_Helo_CM,140
78,156.0,42.21831342463052,MASP2_Helo_CM,140
79,158.0,43.70119462916324,MASP2_Helo_CM,140
80,160.0,46.98092626532987,MASP2_Helo_CM,140
81,162.0,42.5884467684551,MASP2_Helo_CM,140
82,164.0,42.09699582661307,MASP2_Helo_CM,140
83,166.0,42.770609622043146,MASP2_Helo_CM,140
84,168.0,41.036661878045514,MASP2_Helo_CM,140
85,170.0,40.69099556599355,MASP2_Helo_CM,140
86,172.0,42.93059976897734,MASP2_Helo_CM,140
87,174.0,41.27662229834987,MASP2_Helo_CM,140
88,176.0,42.96296360326685,MASP2_Helo_CM,140
89,178.0,43.593937374107966,MASP2_Helo_CM,140
90,180.0,43.96256840118724,MASP2_Helo_CM,140
91,182.0,46.894863985491064,MASP2_Helo_CM,140
92,184.0,45.80067753339126,MASP2_Helo_CM,140
93,186.0,43.037491478077435,MASP2_Helo_CM,140
94,188.0,41.13564973595036,MASP2_Helo_CM,140
95,190.0,42.83198443441302,MASP2_Helo_CM,140
96,192.0,44.7959083489023,MASP2_Helo_CM,140
97,194.0,45.68393964720615,MASP2_Helo_CM,140
98,196.0,47.86782534256268,MASP2_Helo_CM,140
99,198.0,45.739927495211944,MASP2_Helo_CM,140
100,200.0,44.11950589907057,MASP2_Helo_CM,140
101,202.0,45.96314589944419,MASP2_Helo_CM,140
102,204.0,42.54752958027837,MASP2_Helo_CM,140
103,206.0,41.14119321927749,MASP2_Helo_CM,140
104,208.0,41.7317534939322,MASP2_Helo_CM,140
105,210.0,41.80456682192458,MASP2_Helo_CM,140
106,212.0,39.844299697847546,MASP2_Helo_CM,140
107,214.0,41.23953125351771,MASP2_Helo_CM,140
108,216.0,36.49120733261723,MASP2_Helo_CM,140
109,218.0,36.71003082892047,MASP2_Helo_CM,140
110,220.0,35.18831179922107,MASP2_Helo_CM,140
111,222.0,38.06240449706632,MASP2_Helo_CM,140
112,224.0,37.40156910646524,MASP2_Helo_CM,140
113,226.0,34.364097581442046,MASP2_Helo_CM,140
114,228.0,35.886574367566666,MASP2_Helo_CM,140
115,230.0,37.82780363832704,MASP2_Helo_CM,140
116,232.0,36.9238031810563,MASP2_Helo_CM,140
117,234.0,35.85161973019517,MASP2_Helo_CM,140
118,236.0,39.682980133638026,MASP2_Helo_CM,140
119,238.0,38.235060472601326,MASP2_Helo_CM,140
120,240.0,36.67953565347773,MASP2_Helo_CM,140
121,242.0,35.50515587732848,MASP2_Helo_CM,140
122,244.0,36.609866842545166,MASP2_Helo_CM,140
123,246.0,42.393373505411475,MASP2_Helo_CM,140
124,248.0,41.4936814437035,MASP2_Helo_CM,140
125,250.0,43.26942589129018,MASP2_Helo_CM,140
126,252.0,38.82186146077069,MASP2_Helo_CM,140
127,254.0,39.84699392669572,MASP2_Helo_CM,140
128,256.0,37.581127898365686,MASP2_Helo_CM,140
129,258.0,38.52925167933002,MASP2_Helo_CM,140
130,260.0,39.57558973461163,MASP2_Helo_CM,140
131,262.0,41.58540243014606,MASP2_Helo_CM,140
132,264.0,40.82292570218775,MASP2_Helo_CM,140
133,266.0,39.622124989950066,MASP2_Helo_CM,140
134,268.0,40.10381778917106,MASP2_Helo_CM,140
135,270.0,42.211876530504064,MASP2_Helo_CM,140
136,272.0,40.329466388929674,MASP2_Helo_CM,140
137,274.0,41.57153993041843,MASP2_Helo_CM,140
138,276.0,38.90908654927876,MASP2_Helo_CM,140
139,278.0,40.196835682076525,MASP2_Helo_CM,140
140,280.0,39.73979640536585,MASP2_Helo_CM,140
141,282.0,39.597851960408434,MASP2_Helo_CM,140
142,284.0,41.545402422217556,MASP2_Helo_CM,140
143,286.0,42.00600200228017,MASP2_Helo_CM,140
144,288.0,37.52908240109483,MASP2_Helo_CM,140
145,290.0,43.80205041916754,MASP2_Helo_CM,140
146,292.0,41.30782600278675,MASP2_Helo_CM,140
147,294.0,42.0281600077718,MASP2_Helo_CM,140
148,296.0,43.147240857233214,MASP2_Helo_CM,140
149,298.0,41.36960314116593,MASP2_Helo_CM,140
150,300.0,43.5241766565976,MASP2_Helo_CM,140
151,302.0,44.69425984456235,MASP2_Helo_CM,140
152,304.0,41.78321151598284,MASP2_Helo_CM,140
153,306.0,44.543079492363425,MASP2_Helo_CM,140
154,308.0,44.75571356477166,MASP2_Helo_CM,140
155,310.0,42.00155032094916,MASP2_Helo_CM,140
156,312.0,43.73587756033625,MASP2_Helo_CM,140
157,314.0,43.48255906518761,MASP2_Helo_CM,140
158,316.0,42.45761215604289,MASP2_Helo_CM,140
159,318.0,44.521984233514935,MASP2_Helo_CM,140
160,320.0,42.501722137342576,MASP2_Helo_CM,140
161,322.0,43.30530161805708,MASP2_Helo_CM,140
162,324.0,43.97917099277366,MASP2_Helo_CM,140
163,326.0,42.49446204179046,MASP2_Helo_CM,140
164,328.0,46.8512053401555,MASP2_Helo_CM,140
165,330.0,45.400786452409065,MASP2_Helo_CM,140
166,332.0,45.71699418221682,MASP2_Helo_CM,140
167,334.0,50.791167143279544,MASP2_Helo_CM,140
168,336.0,47.195635804399195,MASP2_Helo_CM,140
169,338.0,45.68617839058618,MASP2_Helo_CM,140
170,340.0,46.1294428754521,MASP2_Helo_CM,140
171,342.0,44.54153014549664,MASP2_Helo_CM,140
172,344.0,47.20994226632209,MASP2_Helo_CM,140
173,346.0,47.29976115287716,MASP2_Helo_CM,140
174,348.0,47.97315655675318,MASP2_Helo_CM,140
175,350.0,51.733050193303825,MASP2_Helo_CM,140
176,352.0,50.49863078741031,MASP2_Helo_CM,140
177,354.0,50.028003223159935,MASP2_Helo_CM,140
178,356.0,51.72057652093896,MASP2_Helo_CM,140
179,358.0,49.43006357903064,MASP2_Helo_CM,140
180,360.0,50.16637417697472,MASP2_Helo_CM,140
181,362.0,48.99630326488027,MASP2_Helo_CM,140
182,364.0,50.744583829821565,MASP2_Helo_CM,140
183,366.0,46.5580308460805,MASP2_Helo_CM,140
184,368.0,49.81904215478149,MASP2_Helo_CM,140
185,370.0,48.186468722037105,MASP2_Helo_CM,140
186,372.0,50.55128720349327,MASP2_Helo_CM,140
187,374.0,49.3332371110399,MASP2_Helo_CM,140
188,376.0,46.705045477609794,MASP2_Helo_CM,140
189,378.0,48.17841423152945,MASP2_Helo_CM,140
190,380.0,49.89838658683484,MASP2_Helo_CM,140
191,382.0,47.39494695000658,MASP2_Helo_CM,140
192,384.0,44.30811609016519,MASP2_Helo_CM,140
193,386.0,43.67486666957569,MASP2_Helo_CM,140
194,388.0,43.49163864125279,MASP2_Helo_CM,140
195,390.0,45.33047893482707,MASP2_Helo_CM,140
196,392.0,45.09309708637806,MASP2_Helo_CM,140
197,394.0,47.4129269748427,MASP2_Helo_CM,140
198,396.0,49.5106162540531,MASP2_Helo_CM,140
199,398.0,42.714277651386986,MASP2_Helo_CM,140
200,400.0,43.94456193218779,MASP2_Helo_CM,140
201,402.0,45.04302240553325,MASP2_Helo_CM,140
202,404.0,44.1434557238457,MASP2_Helo_CM,140
203,406.0,49.28914369844353,MASP2_Helo_CM,140
204,408.0,49.678580233728454,MASP2_Helo_CM,140
205,410.0,48.56759674093335,MASP2_Helo_CM,140
206,412.0,47.49805022448234,MASP2_Helo_CM,140
207,414.0,48.78326312570097,MASP2_Helo_CM,140
208,416.0,49.01578948300102,MASP2_Helo_CM,140
209,418.0,50.36328897506086,MASP2_Helo_CM,140
210,420.0,49.36607678673169,MASP2_Helo_CM,140
211,422.0,49.759070068099554,MASP2_Helo_CM,140
212,424.0,46.04246085371452,MASP2_Helo_CM,140
213,426.0,44.853163383589404,MASP2_Helo_CM,140
214,428.0,47.80161102610539,MASP2_Helo_CM,140
215,430.0,46.21040434483205,MASP2_Helo_CM,140
216,432.0,44.273932223015166,MASP2_Helo_CM,140
217,434.0,46.756001247581736,MASP2_Helo_CM,140
218,436.0,51.02599489248949,MASP2_Helo_CM,140
219,438.0,46.25110567141989,MASP2_Helo_CM,140
220,440.0,46.200952912628374,MASP2_Helo_CM,140
221,442.0,49.82843105589139,MASP2_Helo_CM,140
222,444.0,50.17106409005841,MASP2_Helo_CM,140
223,446.0,52.60608846487858,MASP2_Helo_CM,140
224,448.0,51.78234821289717,MASP2_Helo_CM,140
225,450.0,50.50772679118738,MASP2_Helo_CM,140
226,452.0,47.610388486228736,MASP2_Helo_CM,140
227,454.0,45.73983723116933,MASP2_Helo_CM,140
228,456.0,45.26078852799588,MASP2_Helo_CM,140
229,458.0,45.90952461764408,MASP2_Helo_CM,140
230,460.0,49.15969427070248,MASP2_Helo_CM,140
231,462.0,47.00548173420604,MASP2_Helo_CM,140
232,464.0,47.771275372005995,MASP2_Helo_CM,140
233,466.0,47.349087811825015,MASP2_Helo_CM,140
234,468.0,43.33207400569096,MASP2_Helo_CM,140
235,470.0,46.265871840924326,MASP2_Helo_CM,140
236,472.0,47.15320657163469,MASP2_Helo_CM,140
237,474.0,47.57033282825743,MASP2_Helo_CM,140
238,476.0,48.69962363650277,MASP2_Helo_CM,140
239,478.0,47.49732367199358,MASP2_Helo_CM,140
240,480.0,44.51424313057021,MASP2_Helo_CM,140
241,482.0,47.95062907974874,MASP2_Helo_CM,140
242,484.0,46.39764570038784,MASP2_Helo_CM,140
243,486.0,45.184784391429936,MASP2_Helo_CM,140
244,488.0,44.007755337626094,MASP2_Helo_CM,140
245,490.0,44.08855434299682,MASP2_Helo_CM,140
246,492.0,45.93251948910395,MASP2_Helo_CM,140
247,494.0,41.402795688292386,MASP2_Helo_CM,140
248,496.0,44.26620826612204,MASP2_Helo_CM,140
249,498.0,41.47011322980335,MASP2_Helo_CM,140
250,500.0,40.57302121745014,MASP2_Helo_CM,140
251,502.0,42.37687377416422,MASP2_Helo_CM,140
252,504.0,39.30823862832961,MASP2_Helo_CM,140
253,506.0,38.594738994903686,MASP2_Helo_CM,140
254,508.0,37.711324082304564,MASP2_Helo_CM,140
255,510.0,39.3202516021472,MASP2_Helo_CM,140
256,512.0,39.11424168059868,MASP2_Helo_CM,140
257,514.0,40.91534306900581,MASP2_Helo_CM,140
258,516.0,41.04071527704447,MASP2_Helo_CM,140
259,518.0,39.89276301552247,MASP2_Helo_CM,140
260,520.0,38.12300501568951,MASP2_Helo_CM,140
261,522.0,39.097229433021525,MASP2_Helo_CM,140
262,524.0,37.754640230182176,MASP2_Helo_CM,140
263,526.0,34.53622972444275,MASP2_Helo_CM,140
264,528.0,36.233366570054166,MASP2_Helo_CM,140
265,530.0,35.75515505453323,MASP2_Helo_CM,140
266,532.0,32.807006608148,MASP2_Helo_CM,140
267,534.0,30.024658333696085,MASP2_Helo_CM,140
268,536.0,31.593096115297868,MASP2_Helo_CM,140
269,538.0,33.372036180428346,MASP2_Helo_CM,140
270,540.0,31.0197577090535,MASP2_Helo_CM,140
271,542.0,32.686691045026784,MASP2_Helo_CM,140
272,544.0,32.97213358119024,MASP2_Helo_CM,140
273,546.0,31.94638325880548,MASP2_Helo_CM,140
274,548.0,34.988582857153546,MASP2_Helo_CM,140
275,550.0,34.438808219685704,MASP2_Helo_CM,140
276,552.0,35.56918849584884,MASP2_Helo_CM,140
277,554.0,38.175922515535525,MASP2_Helo_CM,140
278,556.0,33.87962613240039,MASP2_Helo_CM,140
279,558.0,33.25440896808955,MASP2_Helo_CM,140
280,560.0,32.147586296490466,MASP2_Helo_CM,140
281,562.0,34.541174966924004,MASP2_Helo_CM,140
282,564.0,32.2455538059903,MASP2_Helo_CM,140
283,566.0,30.403105778915304,MASP2_Helo_CM,140
284,568.0,33.33256991340193,MASP2_Helo_CM,140
285,570.0,34.61095452086448,MASP2_Helo_CM,140
286,572.0,32.51642111436256,MASP2_Helo_CM,140
287,574.0,34.55589089188104,MASP2_Helo_CM,140
288,576.0,36.28245740465208,MASP2_Helo_CM,140
289,578.0,39.96760950221855,MASP2_Helo_CM,140
290,580.0,39.5211795263808,MASP2_Helo_CM,140
291,582.0,38.99345588811171,MASP2_Helo_CM,140
292,584.0,37.68658222052475,MASP2_Helo_CM,140
293,586.0,39.07446689956498,MASP2_Helo_CM,140
294,588.0,40.59647999799547,MASP2_Helo_CM,140
295,590.0,41.29010208957127,MASP2_Helo_CM,140
296,592.0,44.06457375188758,MASP2_Helo_CM,140
297,594.0,42.44099481601082,MASP2_Helo_CM,140
298,596.0,46.03102298278162,MASP2_Helo_CM,140
299,598.0,46.772013203712554,MASP2_Helo_CM,140
300,600.0,47.118134663915136,MASP2_Helo_CM,140
301,602.0,48.14819708108633,MASP2_Helo_CM,140
302,604.0,48.78613755247535,MASP2_Helo_CM,140
303,606.0,47.64195854752211,MASP2_Helo_CM,140
304,608.0,49.204590376822,MASP2_Helo_CM,140
305,610.0,44.36339067066155,MASP2_Helo_CM,140
306,612.0,42.8459898969912,MASP2_Helo_CM,140
307,614.0,39.953689510481944,MASP2_Helo_CM,140
308,616.0,43.106827600758244,MASP2_Helo_CM,140
309,618.0,44.456785010834444,MASP2_Helo_CM,140
310,620.0,44.91291325710791,MASP2_Helo_CM,140
311,622.0,42.28659762552393,MASP2_Helo_CM,140
312,624.0,43.71218875761171,MASP2_Helo_CM,140
313,626.0,42.77102629170703,MASP2_Helo_CM,140
314,628.0,42.409505947762916,MASP2_Helo_CM,140
315,630.0,43.36577998407214,MASP2_Helo_CM,140
316,632.0,43.4367817150375,MASP2_Helo_CM,140
317,634.0,41.98776585354304,MASP2_Helo_CM,140
318,636.0,42.14461481763651,MASP2_Helo_CM,140
319,638.0,42.21856518451593,MASP2_Helo_CM,140
320,640.0,41.91323905602836,MASP2_Helo_CM,140
321,642.0,37.31827830674712,MASP2_Helo_CM,140
322,644.0,39.20562287388197,MASP2_Helo_CM,140
323,646.0,44.26990531493818,MASP2_Helo_CM,140
324,648.0,42.426424930029086,MASP2_Helo_CM,140
325,650.0,39.35771102778853,MASP2_Helo_CM,140
326,652.0,40.81593784176141,MASP2_Helo_CM,140
327,654.0,38.90558764224738,MASP2_Helo_CM,140
328,656.0,38.74217909956932,MASP2_Helo_CM,140
329,658.0,37.493691053735304,MASP2_Helo_CM,140
330,660.0,40.839340153789244,MASP2_Helo_CM,140
331,662.0,37.82406607460172,MASP2_Helo_CM,140
332,664.0,38.32596523762289,MASP2_Helo_CM,140
333,666.0,39.85646572782596,MASP2_Helo_CM,140
334,668.0,38.10250351993711,MASP2_Helo_CM,140
335,670.0,39.4363133783679,MASP2_Helo_CM,140
336,672.0,40.17082445262334,MASP2_Helo_CM,140
337,674.0,37.71392224888055,MASP2_Helo_CM,140
338,676.0,39.9394494299173,MASP2_Helo_CM,140
339,678.0,38.768045005183055,MASP2_Helo_CM,140
340,680.0,41.42724608504812,MASP2_Helo_CM,140
341,682.0,41.33031990611965,MASP2_Helo_CM,140
342,684.0,44.86219316128142,MASP2_Helo_CM,140
343,686.0,42.228853771632195,MASP2_Helo_CM,140
344,688.0,42.49696498408475,MASP2_Helo_CM,140
345,690.0,42.11513813610922,MASP2_Helo_CM,140
346,692.0,38.82534575143151,MASP2_Helo_CM,140
347,694.0,42.03887831964731,MASP2_Helo_CM,140
348,696.0,42.8869211545769,MASP2_Helo_CM,140
349,698.0,43.150623338827806,MASP2_Helo_CM,140
350,700.0,44.67675956431566,MASP2_Helo_CM,140
351,702.0,44.79812843634017,MASP2_Helo_CM,140
352,704.0,43.35513248033473,MASP2_Helo_CM,140
353,706.0,43.76593102106945,MASP2_Helo_CM,140
354,708.0,44.12569200355096,MASP2_Helo_CM,140
355,710.0,41.43466319501531,MASP2_Helo_CM,140
356,712.0,44.076306129658626,MASP2_Helo_CM,140
357,714.0,45.99494848123447,MASP2_Helo_CM,140
358,716.0,45.73413814217474,MASP2_Helo_CM,140
359,718.0,42.47786807298301,MASP2_Helo_CM,140
360,720.0,40.21524667746009,MASP2_Helo_CM,140
361,722.0,41.852361382598524,MASP2_Helo_CM,140
362,724.0,40.80531068719984,MASP2_Helo_CM,140
363,726.0,40.95312167420043,MASP2_Helo_CM,140
364,728.0,42.533850099510964,MASP2_Helo_CM,140
365,730.0,41.52609698741585,MASP2_Helo_CM,140
366,732.0,40.7128570912966,MASP2_Helo_CM,140
367,734.0,40.745233345972615,MASP2_Helo_CM,140
368,736.0,41.522101023271055,MASP2_Helo_CM,140
369,738.0,40.8615186461118,MASP2_Helo_CM,140
370,740.0,43.6902545894882,MASP2_Helo_CM,140
371,742.0,42.28709616968905,MASP2_Helo_CM,140
372,744.0,42.60677076457556,MASP2_Helo_CM,140
373,746.0,40.54942753565776,MASP2_Helo_CM,140
374,748.0,41.005386230771734,MASP2_Helo_CM,140
375,750.0,41.848036442725096,MASP2_Helo_CM,140
376,752.0,42.473312809228815,MASP2_Helo_CM,140
377,754.0,43.223118782052914,MASP2_Helo_CM,140
378,756.0,42.24914162437819,MASP2_Helo_CM,140
379,758.0,44.85125810144326,MASP2_Helo_CM,140
380,760.0,46.93903806583845,MASP2_Helo_CM,140
381,762.0,46.06434857936281,MASP2_Helo_CM,140
382,764.0,43.52745869848368,MASP2_Helo_CM,140
383,766.0,43.428841853322446,MASP2_Helo_CM,140
384,768.0,42.189283667741954,MASP2_Helo_CM,140
385,770.0,41.58471490438481,MASP2_Helo_CM,140
386,772.0,42.40508270324221,MASP2_Helo_CM,140
387,774.0,42.580570763714015,MASP2_Helo_CM,140
388,776.0,42.41409442460414,MASP2_Helo_CM,140
389,778.0,41.210038230117625,MASP2_Helo_CM,140
390,780.0,41.14448294343362,MASP2_Helo_CM,140
391,782.0,41.91041809267681,MASP2_Helo_CM,140
392,784.0,41.27918107480774,MASP2_Helo_CM,140
393,786.0,44.15994932975862,MASP2_Helo_CM,140
394,788.0,45.163639611027484,MASP2_Helo_CM,140
395,790.0,45.866570306957925,MASP2_Helo_CM,140
396,792.0,47.294958444293876,MASP2_Helo_CM,140
397,794.0,46.727472947194386,MASP2_Helo_CM,140
398,796.0,44.60954191984282,MASP2_Helo_CM,140
399,798.0,43.51711915466069,MASP2_Helo_CM,140
400,800.0,43.98980896194785,MASP2_Helo_CM,140
401,802.0,43.690782865852476,MASP2_Helo_CM,140
402,804.0,44.54814295816465,MASP2_Helo_CM,140
403,806.0,43.12995391373993,MASP2_Helo_CM,140
404,808.0,42.063933588146824,MASP2_Helo_CM,140
405,810.0,44.47158865084431,MASP2_Helo_CM,140
406,812.0,39.25390697793134,MASP2_Helo_CM,140
407,814.0,42.07036840050577,MASP2_Helo_CM,140
408,816.0,43.23525775692736,MASP2_Helo_CM,140
409,818.0,44.12497683269047,MASP2_Helo_CM,140
410,820.0,42.18748622795556,MASP2_Helo_CM,140
411,822.0,42.451555381425166,MASP2_Helo_CM,140
412,824.0,43.842850161759976,MASP2_Helo_CM,140
413,826.0,41.23165017018468,MASP2_Helo_CM,140
414,828.0,39.50315938619271,MASP2_Helo_CM,140
415,830.0,36.02719057107323,MASP2_Helo_CM,140
416,832.0,37.62262270091879,MASP2_Helo_CM,140
417,834.0,39.533672372219165,MASP2_Helo_CM,140
418,836.0,39.57616262894188,MASP2_Helo_CM,140
419,838.0,37.63085867407965,MASP2_Helo_CM,140
420,840.0,38.22002213077951,MASP2_Helo_CM,140
421,842.0,39.53420268047385,MASP2_Helo_CM,140
422,844.0,42.057829465494756,MASP2_Helo_CM,140
423,846.0,45.46072928041996,MASP2_Helo_CM,140
424,848.0,46.494390829174804,MASP2_Helo_CM,140
425,850.0,44.53857389538552,MASP2_Helo_CM,140
426,852.0,42.70390271955695,MASP2_Helo_CM,140
427,854.0,41.79352176438306,MASP2_Helo_CM,140
428,856.0,40.285367060596336,MASP2_Helo_CM,140
429,858.0,40.377180186300095,MASP2_Helo_CM,140
430,860.0,39.5379164286385,MASP2_Helo_CM,140
431,862.0,37.14412312617834,MASP2_Helo_CM,140
432,864.0,37.4603437953373,MASP2_Helo_CM,140
433,866.0,34.81559260291993,MASP2_Helo_CM,140
434,868.0,33.834728412965404,MASP2_Helo_CM,140
435,870.0,34.05535226951972,MASP2_Helo_CM,140
436,872.0,32.39896030391049,MASP2_Helo_CM,140
437,874.0,35.10336593975896,MASP2_Helo_CM,140
438,876.0,35.5778570210338,MASP2_Helo_CM,140
439,878.0,36.78253694827401,MASP2_Helo_CM,140
440,880.0,38.01541794030453,MASP2_Helo_CM,140
441,882.0,36.39943274089272,MASP2_Helo_CM,140
442,884.0,38.437291174156506,MASP2_Helo_CM,140
443,886.0,40.682439095151146,MASP2_Helo_CM,140
444,888.0,38.00908958664139,MASP2_Helo_CM,140
445,890.0,37.73577223852796,MASP2_Helo_CM,140
446,892.0,37.5331163276531,MASP2_Helo_CM,140
447,894.0,38.72081663664867,MASP2_Helo_CM,140
448,896.0,39.379753811195194,MASP2_Helo_CM,140
449,898.0,38.076843495792765,MASP2_Helo_CM,140
450,900.0,37.401846839172535,MASP2_Helo_CM,140
451,902.0,37.90491364584384,MASP2_Helo_CM,140
452,904.0,41.492162014221314,MASP2_Helo_CM,140
453,906.0,45.01702123488065,MASP2_Helo_CM,140
454,908.0,40.97306266774434,MASP2_Helo_CM,140
455,910.0,41.347852974879125,MASP2_Helo_CM,140
456,912.0,43.36812936800776,MASP2_Helo_CM,140
457,914.0,41.619980761086275,MASP2_Helo_CM,140
458,916.0,42.0406346420369,MASP2_Helo_CM,140
459,918.0,39.66563128412217,MASP2_Helo_CM,140
460,920.0,37.32153527309932,MASP2_Helo_CM,140
461,922.0,35.37386294702021,MASP2_Helo_CM,140
462,924.0,32.62709878645451,MASP2_Helo_CM,140
463,926.0,34.10051226923179,MASP2_Helo_CM,140
464,928.0,31.911927090281885,MASP2_Helo_CM,140
465,930.0,34.835767143906665,MASP2_Helo_CM,140
466,932.0,32.982894534342726,MASP2_Helo_CM,140
467,934.0,27.997440412339575,MASP2_Helo_CM,140
468,936.0,27.490394353659532,MASP2_Helo_CM,140
469,938.0,28.193445718291727,MASP2_Helo_CM,140
470,940.0,32.01294239068513,MASP2_Helo_CM,140
471,942.0,28.63355093013565,MASP2_Helo_CM,140
472,944.0,28.880730044293628,MASP2_Helo_CM,140
473,946.0,29.433662120563735,MASP2_Helo_CM,140
474,948.0,32.26619089120609,MASP2_Helo_CM,140
475,950.0,32.20240738119888,MASP2_Helo_CM,140
476,952.0,31.021672933668953,MASP2_Helo_CM,140
477,954.0,29.373349066392898,MASP2_Helo_CM,140
478,956.0,29.16435635426762,MASP2_Helo_CM,140
479,958.0,30.171998631733683,MASP2_Helo_CM,140
480,960.0,33.12910338160317,MASP2_Helo_CM,140
481,962.0,29.89792108075705,MASP2_Helo_CM,140
482,964.0,29.601854510365936,MASP2_Helo_CM,140
483,966.0,26.743780361136402,MASP2_Helo_CM,140
484,968.0,27.304142073739612,MASP2_Helo_CM,140
485,970.0,26.524201205717056,MASP2_Helo_CM,140
486,972.0,25.454959137363133,MASP2_Helo_CM,140
487,974.0,23.968836976406514,MASP2_Helo_CM,140
488,976.0,23.81993645890146,MASP2_Helo_CM,140
489,978.0,23.953542052906574,MASP2_Helo_CM,140
490,980.0,25.0700539324099,MASP2_Helo_CM,140
491,982.0,26.705266336048723,MASP2_Helo_CM,140
492,984.0,27.25985362768602,MASP2_Helo_CM,140
493,986.0,26.55807871050744,MASP2_Helo_CM,140
494,988.0,27.59766424790423,MASP2_Helo_CM,140
495,990.0,29.11522475567548,MASP2_Helo_CM,140
496,992.0,28.78945760865662,MASP2_Helo_CM,140
497,994.0,31.149636975462872,MASP2_Helo_CM,140
498,996.0,30.978900087453983,MASP2_Helo_CM,140
499,998.0,33.69472122968359,MASP2_Helo_CM,140
500,1000.0,31.259161180750144,MASP2_Helo_CM,140
501,1002.0,32.80469482524368,MASP2_Helo_CM,140
502,1004.0,31.352042286472237,MASP2_Helo_CM,140
503,1006.0,33.140615318983805,MASP2_Helo_CM,140
504,1008.0,34.263648083078394,MASP2_Helo_CM,140
505,1010.0,34.61919658568865,MASP2_Helo_CM,140
506,1012.0,35.33328634103064,MASP2_Helo_CM,140
507,1014.0,36.35125812522172,MASP2_Helo_CM,140
508,1016.0,36.78895394159924,MASP2_Helo_CM,140
509,1018.0,34.99339747201213,MASP2_Helo_CM,140
510,1020.0,36.03941689277307,MASP2_Helo_CM,140
511,1022.0,34.561154283181196,MASP2_Helo_CM,140
512,1024.0,35.782630484174746,MASP2_Helo_CM,140
513,1026.0,34.95827839871745,MASP2_Helo_CM,140
514,1028.0,34.120647128109205,MASP2_Helo_CM,140
515,1030.0,33.43388313766591,MASP2_Helo_CM,140
516,1032.0,35.87380565724712,MASP2_Helo_CM,140
517,1034.0,36.65899325395482,MASP2_Helo_CM,140
518,1036.0,35.6116695310798,MASP2_Helo_CM,140
519,1038.0,37.391129478554774,MASP2_Helo_CM,140
520,1040.0,37.38469832221912,MASP2_Helo_CM,140
521,1042.0,34.40072327028603,MASP2_Helo_CM,140
522,1044.0,38.14825711231688,MASP2_Helo_CM,140
523,1046.0,42.25552440986719,MASP2_Helo_CM,140
524,1048.0,41.35984094582346,MASP2_Helo_CM,140
525,1050.0,41.31548192765528,MASP2_Helo_CM,140
526,1052.0,42.48754861403161,MASP2_Helo_CM,140
527,1054.0,41.663084847918284,MASP2_Helo_CM,140
528,1056.0,40.23638047839283,MASP2_Helo_CM,140
529,1058.0,40.95372956034909,MASP2_Helo_CM,140
530,1060.0,40.16446349927461,MASP2_Helo_CM,140
531,1062.0,37.618480334440534,MASP2_Helo_CM,140
532,1064.0,40.0330248497422,MASP2_Helo_CM,140
533,1066.0,36.96054583487163,MASP2_Helo_CM,140
534,1068.0,37.221371058747565,MASP2_Helo_CM,140
535,1070.0,33.73032412666766,MASP2_Helo_CM,140
536,1072.0,35.818391487432834,MASP2_Helo_CM,140
537,1074.0,31.53274678768867,MASP2_Helo_CM,140
538,1076.0,32.01225028153691,MASP2_Helo_CM,140
539,1078.0,32.39680416405685,MASP2_Helo_CM,140
540,1080.0,28.818150730896303,MASP2_Helo_CM,140
541,1082.0,27.697625391395842,MASP2_Helo_CM,140
542,1084.0,26.43997278219859,MASP2_Helo_CM,140
543,1086.0,23.61147970427011,MASP2_Helo_CM,140
544,1088.0,22.336093207451352,MASP2_Helo_CM,140
545,1090.0,22.091287019735997,MASP2_Helo_CM,140
546,1092.0,20.095895449302535,MASP2_Helo_CM,140
547,1094.0,20.756450721003755,MASP2_Helo_CM,140
548,1096.0,19.53221117654259,MASP2_Helo_CM,140
549,1098.0,24.93407497714217,MASP2_Helo_CM,140
550,1100.0,21.839750249994577,MASP2_Helo_CM,140
551,1102.0,20.51643883645052,MASP2_Helo_CM,140
552,1104.0,23.53571992816669,MASP2_Helo_CM,140
553,1106.0,21.30046834032995,MASP2_Helo_CM,140
554,1108.0,21.01391292275722,MASP2_Helo_CM,140
555,1110.0,20.678291768104565,MASP2_Helo_CM,140
556,1112.0,18.78388925464483,MASP2_Helo_CM,140
557,1114.0,14.870817450346946,MASP2_Helo_CM,140
558,1116.0,18.054929233234137,MASP2_Helo_CM,140
559,1118.0,15.383865130924063,MASP2_Helo_CM,140
560,1120.0,20.0502379392086,MASP2_Helo_CM,140
561,1122.0,18.512184910436076,MASP2_Helo_CM,140
562,1124.0,20.5486769166788,MASP2_Helo_CM,140
563,1126.0,17.18491044575056,MASP2_Helo_CM,140
564,1128.0,17.165317015917434,MASP2_Helo_CM,140
565,1130.0,21.62727027036971,MASP2_Helo_CM,140
566,1132.0,19.91017145479266,MASP2_Helo_CM,140
567,1134.0,19.841757499297834,MASP2_Helo_CM,140
568,1136.0,17.697665942505946,MASP2_Helo_CM,140
569,1138.0,20.766317114886178,MASP2_Helo_CM,140
570,1140.0,20.88910062596935,MASP2_Helo_CM,140
571,1142.0,19.91948305660269,MASP2_Helo_CM,140
572,1144.0,16.839055993867095,MASP2_Helo_CM,140
573,1146.0,15.142625332034507,MASP2_Helo_CM,140
574,1148.0,14.863572810860864,MASP2_Helo_CM,140
575,1150.0,12.084352626372196,MASP2_Helo_CM,140
576,1152.0,11.925282512426206,MASP2_Helo_CM,140
577,1154.0,12.640070277455463,MASP2_Helo_CM,140
578,1156.0,12.835571446633464,MASP2_Helo_CM,140
579,1158.0,14.48443524775413,MASP2_Helo_CM,140
580,1160.0,13.661558418838345,MASP2_Helo_CM,140
581,1162.0,17.554869197846838,MASP2_Helo_CM,140
582,1164.0,16.95485394367016,MASP2_Helo_CM,140
583,1166.0,16.84513087436264,MASP2_Helo_CM,140
584,1168.0,17.26937141290978,MASP2_Helo_CM,140
585,1170.0,17.71661824929177,MASP2_Helo_CM,140
586,1172.0,15.720649534200046,MASP2_Helo_CM,140
587,1174.0,15.16462972215841,MASP2_Helo_CM,140
588,1176.0,15.727902270693466,MASP2_Helo_CM,140
589,1178.0,15.758779810098762,MASP2_Helo_CM,140
590,1180.0,16.672823154173503,MASP2_Helo_CM,140
591,1182.0,15.131496215451802,MASP2_Helo_CM,140
592,1184.0,14.358953022082506,MASP2_Helo_CM,140
593,1186.0,13.76632406844968,MASP2_Helo_CM,140
594,1188.0,16.92975700566512,MASP2_Helo_CM,140
595,1190.0,18.63809523247012,MASP2_Helo_CM,140
596,1192.0,17.513956874455026,MASP2_Helo_CM,140
597,1194.0,15.945023504680652,MASP2_Helo_CM,140
598,1196.0,17.428889965716888,MASP2_Helo_CM,140
599,1198.0,17.381128469621537,MASP2_Helo_CM,140
600,1200.0,18.167864105383373,MASP2_Helo_CM,140
601,1202.0,18.77594275307205,MASP2_Helo_CM,140
602,1204.0,19.87483933797826,MASP2_Helo_CM,140
603,1206.0,19.443705956214696,MASP2_Helo_CM,140
604,1208.0,20.65833260375357,MASP2_Helo_CM,140
605,1210.0,18.542560538080213,MASP2_Helo_CM,140
606,1212.0,18.269365416299642,MASP2_Helo_CM,140
607,1214.0,17.510002399429816,MASP2_Helo_CM,140
608,1216.0,20.493263597757533,MASP2_Helo_CM,140
609,1218.0,18.887469784498645,MASP2_Helo_CM,140
610,1220.0,18.176911914290944,MASP2_Helo_CM,140
611,1222.0,17.643392793176453,MASP2_Helo_CM,140
612,1224.0,20.819749643347812,MASP2_Helo_CM,140
613,1226.0,20.82494202052139,MASP2_Helo_CM,140
614,1228.0,19.519944975924464,MASP2_Helo_CM,140
615,1230.0,18.611322685601223,MASP2_Helo_CM,140
616,1232.0,18.116953380046485,MASP2_Helo_CM,140
617,1234.0,16.267757329140867,MASP2_Helo_CM,140
618,1236.0,17.025198193573544,MASP2_Helo_CM,140
619,1238.0,19.414856817591186,MASP2_Helo_CM,140
620,1240.0,19.84188980678703,MASP2_Helo_CM,140
621,1242.0,20.377124817309756,MASP2_Helo_CM,140
622,1244.0,21.294387482593965,MASP2_Helo_CM,140
623,1246.0,21.148116641613303,MASP2_Helo_CM,140
624,1248.0,18.797224617010258,MASP2_Helo_CM,140
625,1250.0,16.04625075624645,MASP2_Helo_CM,140
626,1252.0,15.43252908784832,MASP2_Helo_CM,140
627,1254.0,14.779950938982818,MASP2_Helo_CM,140
628,1256.0,14.229493567545509,MASP2_Helo_CM,140
629,1258.0,14.363695417810687,MASP2_Helo_CM,140
630,1260.0,14.751642966553801,MASP2_Helo_CM,140
631,1262.0,11.041904496350053,MASP2_Helo_CM,140
632,1264.0,11.186455197759866,MASP2_Helo_CM,140
633,1266.0,11.431469638079712,MASP2_Helo_CM,140
634,1268.0,9.224929458504253,MASP2_Helo_CM,140
635,1270.0,10.08885971550521,MASP2_Helo_CM,140
636,1272.0,10.328523672284774,MASP2_Helo_CM,140
637,1274.0,9.359764963843244,MASP2_Helo_CM,140
638,1276.0,9.746214377558887,MASP2_Helo_CM,140
639,1278.0,11.50170473216479,MASP2_Helo_CM,140
640,1280.0,11.398750544637268,MASP2_Helo_CM,140
641,1282.0,11.909720286499075,MASP2_Helo_CM,140
642,1284.0,10.505751974055167,MASP2_Helo_CM,140
643,1286.0,10.094823994038583,MASP2_Helo_CM,140
644,1288.0,10.432141582323744,MASP2_Helo_CM,140
645,1290.0,12.77246801189067,MASP2_Helo_CM,140
646,1292.0,14.693231201933443,MASP2_Helo_CM,140
647,1294.0,14.641920202503004,MASP2_Helo_CM,140
648,1296.0,15.044452754478646,MASP2_Helo_CM,140
649,1298.0,15.134642871619434,MASP2_Helo_CM,140
650,1300.0,11.352007069357661,MASP2_Helo_CM,140
651,1302.0,12.833134939139194,MASP2_Helo_CM,140
652,1304.0,10.94696112509243,MASP2_Helo_CM,140
653,1306.0,13.965582073704773,MASP2_Helo_CM,140
654,1308.0,12.224004921882967,MASP2_Helo_CM,140
655,1310.0,10.042022086932088,MASP2_Helo_CM,140
656,1312.0,9.711847107453343,MASP2_Helo_CM,140
657,1314.0,9.591853056817703,MASP2_Helo_CM,140
658,1316.0,8.899505742929584,MASP2_Helo_CM,140
659,1318.0,8.247847973842482,MASP2_Helo_CM,140
660,1320.0,9.559544287468357,MASP2_Helo_CM,140
661,1322.0,8.484219841347029,MASP2_Helo_CM,140
662,1324.0,9.224733276716632,MASP2_Helo_CM,140
663,1326.0,7.8779679881795,MASP2_Helo_CM,140
664,1328.0,11.43359341050921,MASP2_Helo_CM,140
665,1330.0,9.850064871923262,MASP2_Helo_CM,140
666,1332.0,9.426836376416654,MASP2_Helo_CM,140
667,1334.0,8.102296112987082,MASP2_Helo_CM,140
668,1336.0,8.10652360539639,MASP2_Helo_CM,140
669,1338.0,9.208957247937418,MASP2_Helo_CM,140
670,1340.0,9.344163200654773,MASP2_Helo_CM,140
671,1342.0,7.616991038485449,MASP2_Helo_CM,140
672,1344.0,8.4858824921956,MASP2_Helo_CM,140
673,1346.0,8.317935810435824,MASP2_Helo_CM,140
674,1348.0,8.523786118104821,MASP2_Helo_CM,140
675,1350.0,9.028433754456962,MASP2_Helo_CM,140
676,1352.0,8.09820078541845,MASP2_Helo_CM,140
677,1354.0,9.360511085653165,MASP2_Helo_CM,140
678,1356.0,8.074669539155838,MASP2_Helo_CM,140
679,1358.0,7.2731313254073715,MASP2_Helo_CM,140
680,1360.0,11.328236563820244,MASP2_Helo_CM,140
681,1362.0,10.498786983626431,MASP2_Helo_CM,140
682,1364.0,9.84877621216731,MASP2_Helo_CM,140
683,1366.0,11.641351717960505,MASP2_Helo_CM,140
684,1368.0,8.532417130764054,MASP2_Helo_CM,140
685,1370.0,9.302958632247174,MASP2_Helo_CM,140
686,1372.0,8.776041617384646,MASP2_Helo_CM,140
687,1374.0,8.491360973600374,MASP2_Helo_CM,140
688,1376.0,9.78569954379523,MASP2_Helo_CM,140
689,1378.0,9.854742891345083,MASP2_Helo_CM,140
690,1380.0,11.281721583207618,MASP2_Helo_CM,140
691,1382.0,11.390082068908178,MASP2_Helo_CM,140
692,1384.0,10.34330999698998,MASP2_Helo_CM,140
693,1386.0,9.957858025072639,MASP2_Helo_CM,140
694,1388.0,9.909232670705945,MASP2_Helo_CM,140
695,1390.0,12.393468190247992,MASP2_Helo_CM,140
696,1392.0,12.367784262710158,MASP2_Helo_CM,140
697,1394.0,8.838398363012066,MASP2_Helo_CM,140
698,1396.0,12.213135506254835,MASP2_Helo_CM,140
699,1398.0,12.40537434467488,MASP2_Helo_CM,140
700,1400.0,12.380282844368871,MASP2_Helo_CM,140
701,1402.0,9.714697314131786,MASP2_Helo_CM,140
702,1404.0,11.056780978011114,MASP2_Helo_CM,140
703,1406.0,12.937858737240118,MASP2_Helo_CM,140
704,1408.0,14.122798937912197,MASP2_Helo_CM,140
705,1410.0,11.779330980156828,MASP2_Helo_CM,140
706,1412.0,11.186629590702385,MASP2_Helo_CM,140
707,1414.0,10.841591110115685,MASP2_Helo_CM,140
708,1416.0,12.411143247728184,MASP2_Helo_CM,140
709,1418.0,10.045896537605064,MASP2_Helo_CM,140
710,1420.0,9.44583560865735,MASP2_Helo_CM,140
711,1422.0,11.210842975992366,MASP2_Helo_CM,140
712,1424.0,11.132852662875647,MASP2_Helo_CM,140
713,1426.0,12.36816577872698,MASP2_Helo_CM,140
714,1428.0,13.782605734318757,MASP2_Helo_CM,140
715,1430.0,14.096465367016785,MASP2_Helo_CM,140
716,1432.0,14.576917513567915,MASP2_Helo_CM,140
717,1434.0,17.17748981737558,MASP2_Helo_CM,140
718,1436.0,13.88814925866004,MASP2_Helo_CM,140
719,1438.0,13.083252574278939,MASP2_Helo_CM,140
720,1440.0,12.456249136859226,MASP2_Helo_CM,140
721,1442.0,16.47557518898222,MASP2_Helo_CM,140
722,1444.0,16.219017298972652,MASP2_Helo_CM,140
723,1446.0,16.635610117513707,MASP2_Helo_CM,140
724,1448.0,16.559889393582043,MASP2_Helo_CM,140
725,1450.0,18.36787535389922,MASP2_Helo_CM,140
726,1452.0,15.484348407509215,MASP2_Helo_CM,140
727,1454.0,14.519059455699463,MASP2_Helo_CM,140
728,1456.0,15.624133822764673,MASP2_Helo_CM,140
729,1458.0,16.235122880612213,MASP2_Helo_CM,140
730,1460.0,17.2196425233438,MASP2_Helo_CM,140
731,1462.0,15.99998278922603,MASP2_Helo_CM,140
732,1464.0,16.102272156626622,MASP2_Helo_CM,140
733,1466.0,14.78900526255757,MASP2_Helo_CM,140
734,1468.0,16.124382241800813,MASP2_Helo_CM,140
735,1470.0,19.440884086202377,MASP2_Helo_CM,140
736,1472.0,19.521450785377844,MASP2_Helo_CM,140
737,1474.0,16.758602125345746,MASP2_Helo_CM,140
738,1476.0,16.404240202782535,MASP2_Helo_CM,140
739,1478.0,14.22365699576664,MASP2_Helo_CM,140
740,1480.0,15.844331185031674,MASP2_Helo_CM,140
741,1482.0,18.57996068956918,MASP2_Helo_CM,140
742,1484.0,15.276638953781129,MASP2_Helo_CM,140
743,1486.0,15.83637123096589,MASP2_Helo_CM,140
744,1488.0,16.556929501206298,MASP2_Helo_CM,140
745,1490.0,14.028536389677493,MASP2_Helo_CM,140
746,1492.0,16.630989923980508,MASP2_Helo_CM,140
747,1494.0,15.317109261770758,MASP2_Helo_CM,140
748,1496.0,16.312444026326425,MASP2_Helo_CM,140
749,1498.0,17.65115755156666,MASP2_Helo_CM,140
750,1500.0,18.633303901504785,MASP2_Helo_CM,140
751,1502.0,16.092713029710872,MASP2_Helo_CM,140
752,1504.0,17.689654712755445,MASP2_Helo_CM,140
753,1506.0,17.17280546057165,MASP2_Helo_CM,140
754,1508.0,15.026837497598786,MASP2_Helo_CM,140
755,1510.0,15.0099701012335,MASP2_Helo_CM,140
756,1512.0,16.343358524686305,MASP2_Helo_CM,140
757,1514.0,16.666623932312728,MASP2_Helo_CM,140
758,1516.0,17.10514756943022,MASP2_Helo_CM,140
759,1518.0,14.106346480700251,MASP2_Helo_CM,140
760,1520.0,12.914557778430282,MASP2_Helo_CM,140
761,1522.0,14.756383011423347,MASP2_Helo_CM,140
762,1524.0,17.748401302409878,MASP2_Helo_CM,140
763,1526.0,15.645599417618461,MASP2_Helo_CM,140
764,1528.0,15.680254672095762,MASP2_Helo_CM,140
765,1530.0,14.833649008477614,MASP2_Helo_CM,140
766,1532.0,16.803924424814106,MASP2_Helo_CM,140
767,1534.0,14.043416672069748,MASP2_Helo_CM,140
768,1536.0,14.365325169573474,MASP2_Helo_CM,140
769,1538.0,14.96257711071695,MASP2_Helo_CM,140
770,1540.0,15.449505776593993,MASP2_Helo_CM,140
771,1542.0,15.665733651004915,MASP2_Helo_CM,140
772,1544.0,15.225750383501595,MASP2_Helo_CM,140
773,1546.0,13.166574772400214,MASP2_Helo_CM,140
774,1548.0,13.557025162914927,MASP2_Helo_CM,140
775,1550.0,13.234701255202244,MASP2_Helo_CM,140
776,1552.0,14.618409599531626,MASP2_Helo_CM,140
777,1554.0,10.465842636338506,MASP2_Helo_CM,140
778,1556.0,11.853266881578053,MASP2_Helo_CM,140
779,1558.0,14.428179262973845,MASP2_Helo_CM,140
780,1560.0,14.388699472109925,MASP2_Helo_CM,140
781,1562.0,14.632561694229814,MASP2_Helo_CM,140
782,1564.0,11.171414623983928,MASP2_Helo_CM,140
783,1566.0,12.404757163102296,MASP2_Helo_CM,140
784,1568.0,12.512912827996333,MASP2_Helo_CM,140
785,1570.0,12.672377924616375,MASP2_Helo_CM,140
786,1572.0,12.598777328639212,MASP2_Helo_CM,140
787,1574.0,12.284301482091093,MASP2_Helo_CM,140
788,1576.0,10.518299212890525,MASP2_Helo_CM,140
789,1578.0,10.402368540693434,MASP2_Helo_CM,140
790,1580.0,11.557412876953334,MASP2_Helo_CM,140
791,1582.0,10.518423370187804,MASP2_Helo_CM,140
792,1584.0,10.669024673799582,MASP2_Helo_CM,140
793,1586.0,9.282436079134897,MASP2_Helo_CM,140
794,1588.0,10.929980553290365,MASP2_Helo_CM,140
795,1590.0,10.462832473582244,MASP2_Helo_CM,140
796,1592.0,9.996877780801324,MASP2_Helo_CM,140
797,1594.0,10.869206532386816,MASP2_Helo_CM,140
798,1596.0,12.082675919405611,MASP2_Helo_CM,140
799,1598.0,13.267797570905039,MASP2_Helo_CM,140
800,1600.0,13.980515226690375,MASP2_Helo_CM,140
801,1602.0,12.969470719691612,MASP2_Helo_CM,140
802,1604.0,13.703403347475668,MASP2_Helo_CM,140
803,1606.0,12.412539254572716,MASP2_Helo_CM,140
804,1608.0,14.1019988261004,MASP2_Helo_CM,140
805,1610.0,15.183747703362982,MASP2_Helo_CM,140
806,1612.0,14.872786574293471,MASP2_Helo_CM,140
807,1614.0,14.817794424369048,MASP2_Helo_CM,140
808,1616.0,14.630042848765612,MASP2_Helo_CM,140
809,1618.0,14.609341536638087,MASP2_Helo_CM,140
810,1620.0,14.19855360076794,MASP2_Helo_CM,140
811,1622.0,13.9566972194426,MASP2_Helo_CM,140
812,1624.0,13.818030954262609,MASP2_Helo_CM,140
813,1626.0,13.768151719870675,MASP2_Helo_CM,140
814,1628.0,12.463908070256343,MASP2_Helo_CM,140
815,1630.0,11.618847104497819,MASP2_Helo_CM,140
816,1632.0,14.482325056323878,MASP2_Helo_CM,140
817,1634.0,13.033695030332767,MASP2_Helo_CM,140
818,1636.0,10.23970661496768,MASP2_Helo_CM,140
819,1638.0,10.149562645004968,MASP2_Helo_CM,140
820,1640.0,12.322946273757571,MASP2_Helo_CM,140
821,1642.0,12.800662747641669,MASP2_Helo_CM,140
822,1644.0,12.745317174114088,MASP2_Helo_CM,140
823,1646.0,13.756954619046747,MASP2_Helo_CM,140
824,1648.0,15.566179006273563,MASP2_Helo_CM,140
825,1650.0,15.346866782951098,MASP2_Helo_CM,140
826,1652.0,13.198877313215592,MASP2_Helo_CM,140
827,1654.0,13.952101212146037,MASP2_Helo_CM,140
828,1656.0,13.049294283379107,MASP2_Helo_CM,140
829,1658.0,11.980866327366499,MASP2_Helo_CM,140
830,1660.0,12.620987472029045,MASP2_Helo_CM,140
831,1662.0,9.068904771495587,MASP2_Helo_CM,140
832,1664.0,11.63946825270155,MASP2_Helo_CM,140
833,1666.0,11.734822552078905,MASP2_Helo_CM,140
834,1668.0,12.264734944908652,MASP2_Helo_CM,140
835,1670.0,12.658223185246754,MASP2_Helo_CM,140
836,1672.0,11.776567635749114,MASP2_Helo_CM,140
837,1674.0,14.358567688562793,MASP2_Helo_CM,140
838,1676.0,11.220564103060406,MASP2_Helo_CM,140
839,1678.0,11.680591346238518,MASP2_Helo_CM,140
840,1680.0,14.511548799773673,MASP2_Helo_CM,140
841,1682.0,14.809677409375459,MASP2_Helo_CM,140
842,1684.0,12.873165473417792,MASP2_Helo_CM,140
843,1686.0,15.48625932816949,MASP2_Helo_CM,140
844,1688.0,11.522078903797205,MASP2_Helo_CM,140
845,1690.0,13.403572274590578,MASP2_Helo_CM,140
846,1692.0,11.523836066610306,MASP2_Helo_CM,140
847,1694.0,10.14379933616947,MASP2_Helo_CM,140
848,1696.0,10.720089322966837,MASP2_Helo_CM,140
849,1698.0,9.971586711064823,MASP2_Helo_CM,140
850,1700.0,12.014613218741836,MASP2_Helo_CM,140
851,1702.0,14.505177799235843,MASP2_Helo_CM,140
852,1704.0,14.117388089537348,MASP2_Helo_CM,140
853,1706.0,13.32077418347196,MASP2_Helo_CM,140
854,1708.0,13.648845002828818,MASP2_Helo_CM,140
855,1710.0,14.5302178569255,MASP2_Helo_CM,140
856,1712.0,16.357291991953335,MASP2_Helo_CM,140
857,1714.0,18.408961770260426,MASP2_Helo_CM,140
858,1716.0,13.02345179491417,MASP2_Helo_CM,140
859,1718.0,12.363262490557736,MASP2_Helo_CM,140
860,1720.0,13.690514748370532,MASP2_Helo_CM,140
861,1722.0,12.929789618381939,MASP2_Helo_CM,140
862,1724.0,16.328234236540585,MASP2_Helo_CM,140
863,1726.0,15.034983005863822,MASP2_Helo_CM,140
864,1728.0,12.55767752560673,MASP2_Helo_CM,140
865,1730.0,12.923539677691663,MASP2_Helo_CM,140
866,1732.0,13.104038260835493,MASP2_Helo_CM,140
867,1734.0,15.962181338444685,MASP2_Helo_CM,140
868,1736.0,15.319489396018698,MASP2_Helo_CM,140
869,1738.0,13.534068199753333,MASP2_Helo_CM,140
870,1740.0,13.850042823011483,MASP2_Helo_CM,140
871,1742.0,13.521307291439543,MASP2_Helo_CM,140
872,1744.0,12.87246941737994,MASP2_Helo_CM,140
873,1746.0,14.949381618997826,MASP2_Helo_CM,140
874,1748.0,13.936091697452623,MASP2_Helo_CM,140
875,1750.0,15.968068096895767,MASP2_Helo_CM,140
876,1752.0,13.574060966466783,MASP2_Helo_CM,140
877,1754.0,15.124040025375896,MASP2_Helo_CM,140
878,1756.0,15.303545236992745,MASP2_Helo_CM,140
879,1758.0,14.27484540640477,MASP2_Helo_CM,140
880,1760.0,13.347639462211934,MASP2_Helo_CM,140
881,1762.0,14.125481287539833,MASP2_Helo_CM,140
882,1764.0,12.622440313033167,MASP2_Helo_CM,140
883,1766.0,12.912797323092457,MASP2_Helo_CM,140
884,1768.0,12.604223533303875,MASP2_Helo_CM,140
885,1770.0,11.386087103773955,MASP2_Helo_CM,140
886,1772.0,14.176544183890451,MASP2_Helo_CM,140
887,1774.0,14.909933251910259,MASP2_Helo_CM,140
888,1776.0,11.156086509832768,MASP2_Helo_CM,140
889,1778.0,11.897319055703756,MASP2_Helo_CM,140
890,1780.0,14.503174816665977,MASP2_Helo_CM,140
891,1782.0,12.59828932506602,MASP2_Helo_CM,140
892,1784.0,10.80807019996127,MASP2_Helo_CM,140
893,1786.0,11.136169508299266,MASP2_Helo_CM,140
894,1788.0,11.454357785694556,MASP2_Helo_CM,140
895,1790.0,12.409549304421146,MASP2_Helo_CM,140
896,1792.0,13.633574484891572,MASP2_Helo_CM,140
897,1794.0,13.809076900195372,MASP2_Helo_CM,140
898,1796.0,15.635376504820291,MASP2_Helo_CM,140
899,1798.0,17.271104228119235,MASP2_Helo_CM,140
900,1800.0,15.181710804950713,MASP2_Helo_CM,140
901,1802.0,11.197401346585133,MASP2_Helo_CM,140
902,1804.0,11.24412247416362,MASP2_Helo_CM,140
903,1806.0,14.640084667571875,MASP2_Helo_CM,140
904,1808.0,14.901641944942421,MASP2_Helo_CM,140
905,1810.0,15.85269181684522,MASP2_Helo_CM,140
906,1812.0,13.38522124228272,MASP2_Helo_CM,140
907,1814.0,14.67835903972174,MASP2_Helo_CM,140
908,1816.0,14.957789045811372,MASP2_Helo_CM,140
909,1818.0,14.548062464439951,MASP2_Helo_CM,140
910,1820.0,14.477427022014789,MASP2_Helo_CM,140
911,1822.0,14.06743569921732,MASP2_Helo_CM,140
912,1824.0,14.355912907452511,MASP2_Helo_CM,140
913,1826.0,12.798731477562848,MASP2_Helo_CM,140
914,1828.0,12.69135063664847,MASP2_Helo_CM,140
915,1830.0,14.846392578076559,MASP2_Helo_CM,140
916,1832.0,10.713544759576514,MASP2_Helo_CM,140
917,1834.0,12.87404965712462,MASP2_Helo_CM,140
918,1836.0,11.263659195733668,MASP2_Helo_CM,140
919,1838.0,14.67611464855693,MASP2_Helo_CM,140
920,1840.0,13.153180838231972,MASP2_Helo_CM,140
921,1842.0,12.915933051021762,MASP2_Helo_CM,140
922,1844.0,16.009246706987476,MASP2_Helo_CM,140
923,1846.0,12.825556695380534,MASP2_Helo_CM,140
924,1848.0,12.02796516916152,MASP2_Helo_CM,140
925,1850.0,14.652321333854438,MASP2_Helo_CM,140
926,1852.0,15.64113039669637,MASP2_Helo_CM,140
927,1854.0,15.060278272862417,MASP2_Helo_CM,140
928,1856.0,14.532630428346733,MASP2_Helo_CM,140
929,1858.0,16.64736477370167,MASP2_Helo_CM,140
930,1860.0,14.630073405824435,MASP2_Helo_CM,140
931,1862.0,14.782480842857652,MASP2_Helo_CM,140
932,1864.0,15.2247741997347,MASP2_Helo_CM,140
933,1866.0,13.940027342803191,MASP2_Helo_CM,140
934,1868.0,14.6100850040367,MASP2_Helo_CM,140
935,1870.0,15.614734857750964,MASP2_Helo_CM,140
936,1872.0,16.38943187864046,MASP2_Helo_CM,140
937,1874.0,14.20091322036781,MASP2_Helo_CM,140
938,1876.0,14.411967189639908,MASP2_Helo_CM,140
939,1878.0,16.18793474672825,MASP2_Helo_CM,140
940,1880.0,14.58595010900939,MASP2_Helo_CM,140
941,1882.0,13.931854016850908,MASP2_Helo_CM,140
942,1884.0,12.679754733933693,MASP2_Helo_CM,140
943,1886.0,14.693988008824304,MASP2_Helo_CM,140
944,1888.0,14.865266499763736,MASP2_Helo_CM,140
945,1890.0,16.016695934450517,MASP2_Helo_CM,140
946,1892.0,14.069079282702114,MASP2_Helo_CM,140
947,1894.0,12.333470292441914,MASP2_Helo_CM,140
948,1896.0,12.109831152826073,MASP2_Helo_CM,140
949,1898.0,12.011704105865444,MASP2_Helo_CM,140
950,1900.0,13.72932629716486,MASP2_Helo_CM,140
951,1902.0,14.622763408213885,MASP2_Helo_CM,140
952,1904.0,14.117534429096203,MASP2_Helo_CM,140
953,1906.0,14.324166869356668,MASP2_Helo_CM,140
954,1908.0,13.950279055006225,MASP2_Helo_CM,140
955,1910.0,11.685038856869884,MASP2_Helo_CM,140
956,1912.0,11.99233859953797,MASP2_Helo_CM,140
957,1914.0,11.55289963353449,MASP2_Helo_CM,140
958,1916.0,13.623849351018636,MASP2_Helo_CM,140
959,1918.0,14.82788140648108,MASP2_Helo_CM,140
960,1920.0,13.090601368575978,MASP2_Helo_CM,140
961,1922.0,12.463292300475077,MASP2_Helo_CM,140
962,1924.0,11.647933060436415,MASP2_Helo_CM,140
963,1926.0,11.254659881174236,MASP2_Helo_CM,140
964,1928.0,10.774130015309156,MASP2_Helo_CM,140
965,1930.0,10.561102989017687,MASP2_Helo_CM,140
966,1932.0,8.596308589667723,MASP2_Helo_CM,140
967,1934.0,9.33340353930722,MASP2_Helo_CM,140
968,1936.0,9.366878487884076,MASP2_Helo_CM,140
969,1938.0,8.844725490255207,MASP2_Helo_CM,140
970,1940.0,8.894626690509595,MASP2_Helo_CM,140
971,1942.0,10.108472685470213,MASP2_Helo_CM,140
972,1944.0,11.734367661048248,MASP2_Helo_CM,140
973,1946.0,10.949955356420702,MASP2_Helo_CM,140
974,1948.0,11.771314771236671,MASP2_Helo_CM,140
975,1950.0,10.406244157518124,MASP2_Helo_CM,140
976,1952.0,11.827346961225187,MASP2_Helo_CM,140
977,1954.0,10.486220468656908,MASP2_Helo_CM,140
978,1956.0,12.023060976825962,MASP2_Helo_CM,140
979,1958.0,14.38008134233552,MASP2_Helo_CM,140
980,1960.0,15.14597523703014,MASP2_Helo_CM,140
981,1962.0,13.042705197513495,MASP2_Helo_CM,140
982,1964.0,17.302651488338956,MASP2_Helo_CM,140
983,1966.0,16.5792820436294,MASP2_Helo_CM,140
984,1968.0,13.636917142333674,MASP2_Helo_CM,140
985,1970.0,14.329433178949785,MASP2_Helo_CM,140
986,1972.0,14.0973312086675,MASP2_Helo_CM,140
987,1974.0,14.856225783685284,MASP2_Helo_CM,140
988,1976.0,15.178548426971632,MASP2_Helo_CM,140
989,1978.0,14.17190398720239,MASP2_Helo_CM,140
990,1980.0,12.942790042750511,MASP2_Helo_CM,140
991,1982.0,12.545305864757314,MASP2_Helo_CM,140
992,1984.0,12.939791079868131,MASP2_Helo_CM,140
993,1986.0,15.80247805368388,MASP2_Helo_CM,140
994,1988.0,17.697495403748803,MASP2_Helo_CM,140
995,1990.0,16.665371508088,MASP2_Helo_CM,140
996,1992.0,14.552819112642965,MASP2_Helo_CM,140
997,1994.0,15.157468023850015,MASP2_Helo_CM,140
998,1996.0,13.369959198718808,MASP2_Helo_CM,140
999,1998.0,14.051178086496918,MASP2_Helo_CM,140
1000,2000.0,15.761286253439227,MASP2_Helo_CM,140
1001,2002.0,16.749307722710977,MASP2_Helo_CM,140
1002,2004.0,17.85887682028653,MASP2_Helo_CM,140
1003,2006.0,16.228239357894285,MASP2_Helo_CM,140
1004,2008.0,17.790558156105647,MASP2_Helo_CM,140
1005,2010.0,15.325288891145505,MASP2_Helo_CM,140
1006,2012.0,15.692141337797695,MASP2_Helo_CM,140
1007,2014.0,14.087596317837102,MASP2_Helo_CM,140
1008,2016.0,13.167580715292567,MASP2_Helo_CM,140
1009,2018.0,14.506735867439545,MASP2_Helo_CM,140
1010,2020.0,12.9517046386128,MASP2_Helo_CM,140
1011,2022.0,13.391017516824398,MASP2_Helo_CM,140
1012,2024.0,13.215006588698053,MASP2_Helo_CM,140
1013,2026.0,11.866225154498284,MASP2_Helo_CM,140
1014,2028.0,12.215830232510589,MASP2_Helo_CM,140
1015,2030.0,10.778295064727214,MASP2_Helo_CM,140
1016,2032.0,10.451020759601777,MASP2_Helo_CM,140
1017,2034.0,11.153950601061325,MASP2_Helo_CM,140
1018,2036.0,11.854845587626079,MASP2_Helo_CM,140
1019,2038.0,12.87487963775579,MASP2_Helo_CM,140
1020,2040.0,11.664771769656936,MASP2_Helo_CM,140
1021,2042.0,12.775374107861008,MASP2_Helo_CM,140
1022,2044.0,12.581357939282263,MASP2_Helo_CM,140
1023,2046.0,14.42278211040704,MASP2_Helo_CM,140
1024,2048.0,12.982861237676486,MASP2_Helo_CM,140
1025,2050.0,11.794874302837018,MASP2_Helo_CM,140
1026,2052.0,13.083843438613805,MASP2_Helo_CM,140
1027,2054.0,14.653569944126504,MASP2_Helo_CM,140
1028,2056.0,12.476021037540045,MASP2_Helo_CM,140
1029,2058.0,11.537983350439669,MASP2_Helo_CM,140
1030,2060.0,11.2762759709295,MASP2_Helo_CM,140
1031,2062.0,9.041931158420764,MASP2_Helo_CM,140
1032,2064.0,9.366207412219886,MASP2_Helo_CM,140
1033,2066.0,9.570180569510761,MASP2_Helo_CM,140
1034,2068.0,10.413493486562203,MASP2_Helo_CM,140
1035,2070.0,9.62456302842207,MASP2_Helo_CM,140
1036,2072.0,13.241434413314405,MASP2_Helo_CM,140
1037,2074.0,13.699845562943489,MASP2_Helo_CM,140
1038,2076.0,12.61644555881409,MASP2_Helo_CM,140
1039,2078.0,12.213280543430441,MASP2_Helo_CM,140
1040,2080.0,15.235236206205498,MASP2_Helo_CM,140
1041,2082.0,14.856191687515166,MASP2_Helo_CM,140
1042,2084.0,15.244557168883476,MASP2_Helo_CM,140
1043,2086.0,14.430238090108023,MASP2_Helo_CM,140
1044,2088.0,12.254299927536513,MASP2_Helo_CM,140
1045,2090.0,13.65468861469044,MASP2_Helo_CM,140
1046,2092.0,14.269634593562836,MASP2_Helo_CM,140
1047,2094.0,17.16620172197193,MASP2_Helo_CM,140
1048,2096.0,19.419040841106867,MASP2_Helo_CM,140
1049,2098.0,14.266394890604829,MASP2_Helo_CM,140
1050,2100.0,14.001273101449137,MASP2_Helo_CM,140
1051,2102.0,13.83833217866777,MASP2_Helo_CM,140
1052,2104.0,13.558016404403556,MASP2_Helo_CM,140
1053,2106.0,12.612606891749122,MASP2_Helo_CM,140
1054,2108.0,14.05673725851959,MASP2_Helo_CM,140
1055,2110.0,14.806278211459134,MASP2_Helo_CM,140
1056,2112.0,15.484630046914159,MASP2_Helo_CM,140
1057,2114.0,13.07997235279382,MASP2_Helo_CM,140
1058,2116.0,13.438678597898598,MASP2_Helo_CM,140
1059,2118.0,13.386233278505266,MASP2_Helo_CM,140
1060,2120.0,15.3157820205026,MASP2_Helo_CM,140
1061,2122.0,15.457471266960855,MASP2_Helo_CM,140
1062,2124.0,13.283592661903501,MASP2_Helo_CM,140
1063,2126.0,15.128195801959544,MASP2_Helo_CM,140
1064,2128.0,14.927459191751236,MASP2_Helo_CM,140
1065,2130.0,14.395707775428715,MASP2_Helo_CM,140
1066,2132.0,13.378683533681743,MASP2_Helo_CM,140
1067,2134.0,13.210918213317425,MASP2_Helo_CM,140
1068,2136.0,15.541342649637192,MASP2_Helo_CM,140
1069,2138.0,13.828942528964713,MASP2_Helo_CM,140
1070,2140.0,13.518087290971845,MASP2_Helo_CM,140
1071,2142.0,16.214257391996096,MASP2_Helo_CM,140
1072,2144.0,14.495842200221006,MASP2_Helo_CM,140
1073,2146.0,15.016250561251432,MASP2_Helo_CM,140
1074,2148.0,15.523703159997234,MASP2_Helo_CM,140
1075,2150.0,14.109252790095608,MASP2_Helo_CM,140
1076,2152.0,12.97515446047627,MASP2_Helo_CM,140
1077,2154.0,12.708607088024218,MASP2_Helo_CM,140
1078,2156.0,13.10528265160361,MASP2_Helo_CM,140
1079,2158.0,13.445176557878753,MASP2_Helo_CM,140
1080,2160.0,11.981259381804264,MASP2_Helo_CM,140
1081,2162.0,14.645710962262772,MASP2_Helo_CM,140
1082,2164.0,14.233665381480211,MASP2_Helo_CM,140
1083,2166.0,15.264773974769167,MASP2_Helo_CM,140
1084,2168.0,15.420641190582023,MASP2_Helo_CM,140
1085,2170.0,15.144838077227211,MASP2_Helo_CM,140
1086,2172.0,13.49349723670725,MASP2_Helo_CM,140
1087,2174.0,12.607578916036347,MASP2_Helo_CM,140
1088,2176.0,13.88467847028634,MASP2_Helo_CM,140
1089,2178.0,15.22844227272021,MASP2_Helo_CM,140
1090,2180.0,15.39883004947076,MASP2_Helo_CM,140
1091,2182.0,14.672026891142634,MASP2_Helo_CM,140
1092,2184.0,12.465779775238063,MASP2_Helo_CM,140
1093,2186.0,14.145453775630557,MASP2_Helo_CM,140
1094,2188.0,16.36906639157816,MASP2_Helo_CM,140
1095,2190.0,13.475595762737267,MASP2_Helo_CM,140
1096,2192.0,12.43316787025941,MASP2_Helo_CM,140
1097,2194.0,13.670609858503648,MASP2_Helo_CM,140
1098,2196.0,13.496816209564523,MASP2_Helo_CM,140
1099,2198.0,17.583183146727137,MASP2_Helo_CM,140
1100,2200.0,14.79241723418772,MASP2_Helo_CM,140
1101,2202.0,14.74108952579882,MASP2_Helo_CM,140
1102,2204.0,14.239834644810017,MASP2_Helo_CM,140
1103,2206.0,13.46357314945661,MASP2_Helo_CM,140
1104,2208.0,10.535532916597868,MASP2_Helo_CM,140
1105,2210.0,12.807961910405966,MASP2_Helo_CM,140
1106,2212.0,11.522707031592084,MASP2_Helo_CM,140
1107,2214.0,13.082833799394379,MASP2_Helo_CM,140
1108,2216.0,13.807325532073518,MASP2_Helo_CM,140
1109,2218.0,10.518711145226336,MASP2_Helo_CM,140
1110,2220.0,13.334791100435805,MASP2_Helo_CM,140
1111,2222.0,13.84874381886551,MASP2_Helo_CM,140
1112,2224.0,11.918174573077485,MASP2_Helo_CM,140
1113,2226.0,14.564246917304008,MASP2_Helo_CM,140
1114,2228.0,14.497819084895006,MASP2_Helo_CM,140
1115,2230.0,12.913016876158139,MASP2_Helo_CM,140
1116,2232.0,13.611614236125282,MASP2_Helo_CM,140
1117,2234.0,12.826898343692404,MASP2_Helo_CM,140
1118,2236.0,11.564983333150222,MASP2_Helo_CM,140
1119,2238.0,11.215070005054192,MASP2_Helo_CM,140
1120,2240.0,11.100075533402771,MASP2_Helo_CM,140
1121,2242.0,10.157265405247891,MASP2_Helo_CM,140
1122,2244.0,11.101069355232923,MASP2_Helo_CM,140
1123,2246.0,10.221469609718893,MASP2_Helo_CM,140
1124,2248.0,10.706713005359637,MASP2_Helo_CM,140
1125,2250.0,9.881167697440755,MASP2_Helo_CM,140
1126,2252.0,10.419350849168898,MASP2_Helo_CM,140
1127,2254.0,9.59890895408288,MASP2_Helo_CM,140
1128,2256.0,10.1078649346595,MASP2_Helo_CM,140
1129,2258.0,9.805568243153136,MASP2_Helo_CM,140
1130,2260.0,10.225807029217252,MASP2_Helo_CM,140
1131,2262.0,10.905598781281848,MASP2_Helo_CM,140
1132,2264.0,9.68103546991825,MASP2_Helo_CM,140
1133,2266.0,10.4951214603996,MASP2_Helo_CM,140
1134,2268.0,9.893686875711616,MASP2_Helo_CM,140
1135,2270.0,9.502244161071447,MASP2_Helo_CM,140
1136,2272.0,10.230913649384338,MASP2_Helo_CM,140
1137,2274.0,10.721921881200801,MASP2_Helo_CM,140
1138,2276.0,10.533722504403446,MASP2_Helo_CM,140
1139,2278.0,10.56207566220517,MASP2_Helo_CM,140
1140,2280.0,10.695484724271834,MASP2_Helo_CM,140
1141,2282.0,10.530824197545206,MASP2_Helo_CM,140
1142,2284.0,10.259540483708028,MASP2_Helo_CM,140
1143,2286.0,10.689129989798506,MASP2_Helo_CM,140
1144,2288.0,11.168260984303314,MASP2_Helo_CM,140
1145,2290.0,9.980051704996015,MASP2_Helo_CM,140
1146,2292.0,10.48388189070875,MASP2_Helo_CM,140
1147,2294.0,10.329513637780783,MASP2_Helo_CM,140
1148,2296.0,10.07837799128907,MASP2_Helo_CM,140
1149,2298.0,9.904437406674457,MASP2_Helo_CM,140
1150,2300.0,9.8920938750204,MASP2_Helo_CM,140
1151,2302.0,10.204088455678736,MASP2_Helo_CM,140
1152,2304.0,10.793617911708509,MASP2_Helo_CM,140
1153,2306.0,10.385202997446836,MASP2_Helo_CM,140
1154,2308.0,10.815923326989655,MASP2_Helo_CM,140
1155,2310.0,8.827250459601943,MASP2_Helo_CM,140
1156,2312.0,9.616778188345128,MASP2_Helo_CM,140
1157,2314.0,10.653352979313574,MASP2_Helo_CM,140
1158,2316.0,10.12996345656871,MASP2_Helo_CM,140
1159,2318.0,9.454488937435364,MASP2_Helo_CM,140
1160,2320.0,10.650143822427287,MASP2_Helo_CM,140
1161,2322.0,10.068981234188676,MASP2_Helo_CM,140
1162,2324.0,9.35725460632748,MASP2_Helo_CM,140
1163,2326.0,10.083584154399576,MASP2_Helo_CM,140
1164,2328.0,10.002786813796034,MASP2_Helo_CM,140
1165,2330.0,10.445214881988653,MASP2_Helo_CM,140
1166,2332.0,11.252831325781267,MASP2_Helo_CM,140
1167,2334.0,11.240649423305666,MASP2_Helo_CM,140
1168,2336.0,9.819947863632828,MASP2_Helo_CM,140
1169,2338.0,10.66333795822983,MASP2_Helo_CM,140
1170,2340.0,11.14995108093141,MASP2_Helo_CM,140
1171,2342.0,11.894029668631843,MASP2_Helo_CM,140
1172,2344.0,11.774201473660462,MASP2_Helo_CM,140
1173,2346.0,12.356414067791901,MASP2_Helo_CM,140
1174,2348.0,10.650209019289267,MASP2_Helo_CM,140
1175,2350.0,12.66814685762474,MASP2_Helo_CM,140
1176,2352.0,11.060256872125752,MASP2_Helo_CM,140
1177,2354.0,11.121442571528195,MASP2_Helo_CM,140
1178,2356.0,11.016669359209052,MASP2_Helo_CM,140
1179,2358.0,13.167021153746932,MASP2_Helo_CM,140
1180,2360.0,11.494459606612365,MASP2_Helo_CM,140
1181,2362.0,13.738719613908195,MASP2_Helo_CM,140
1182,2364.0,16.721785911025844,MASP2_Helo_CM,140
1183,2366.0,17.908019245225,MASP2_Helo_CM,140
1184,2368.0,14.69273121275525,MASP2_Helo_CM,140
1185,2370.0,11.13187526737452,MASP2_Helo_CM,140
1186,2372.0,11.887816385059303,MASP2_Helo_CM,140
1187,2374.0,10.782295467004616,MASP2_Helo_CM,140
1188,2376.0,11.507113378017806,MASP2_Helo_CM,140
1189,2378.0,11.451567608186922,MASP2_Helo_CM,140
1190,2380.0,10.709547499894198,MASP2_Helo_CM,140
1191,2382.0,10.258477662382747,MASP2_Helo_CM,140
1192,2384.0,9.893988291132398,MASP2_Helo_CM,140
1193,2386.0,10.173522652704968,MASP2_Helo_CM,140
1194,2388.0,10.612602825610947,MASP2_Helo_CM,140
1195,2390.0,10.280684178772667,MASP2_Helo_CM,140
1196,2392.0,10.52558171266535,MASP2_Helo_CM,140
1197,2394.0,10.142689120442355,MASP2_Helo_CM,140
1198,2396.0,9.957543958208424,MASP2_Helo_CM,140
1199,2398.0,10.752828671946482,MASP2_Helo_CM,140
1200,2400.0,12.148864711382991,MASP2_Helo_CM,140
1201,2402.0,11.630757816145369,MASP2_Helo_CM,140
1202,2404.0,10.831382055218949,MASP2_Helo_CM,140
1203,2406.0,9.707824147157568,MASP2_Helo_CM,140
1204,2408.0,9.924983478402751,MASP2_Helo_CM,140
1205,2410.0,11.26999500082128,MASP2_Helo_CM,140
1206,2412.0,11.596100762345399,MASP2_Helo_CM,140
1207,2414.0,12.042916075970885,MASP2_Helo_CM,140
1208,2416.0,10.052882462476138,MASP2_Helo_CM,140
1209,2418.0,11.849747200629185,MASP2_Helo_CM,140
1210,2420.0,11.267971572131035,MASP2_Helo_CM,140
1211,2422.0,8.83708809807198,MASP2_Helo_CM,140
1212,2424.0,9.044972629086883,MASP2_Helo_CM,140
1213,2426.0,9.308790420780012,MASP2_Helo_CM,140
1214,2428.0,9.142658955718007,MASP2_Helo_CM,140
1215,2430.0,9.576396835397503,MASP2_Helo_CM,140
1216,2432.0,9.439398925114867,MASP2_Helo_CM,140
1217,2434.0,9.10204993896214,MASP2_Helo_CM,140
1218,2436.0,9.895907736004713,MASP2_Helo_CM,140
1219,2438.0,9.854197887354909,MASP2_Helo_CM,140
1220,2440.0,9.78989388704337,MASP2_Helo_CM,140
1221,2442.0,9.908991249230885,MASP2_Helo_CM,140
1222,2444.0,9.696778592611492,MASP2_Helo_CM,140
1223,2446.0,9.914586925942645,MASP2_Helo_CM,140
1224,2448.0,9.8334440591928,MASP2_Helo_CM,140
1225,2450.0,9.989261346019324,MASP2_Helo_CM,140
1226,2452.0,10.697347929575056,MASP2_Helo_CM,140
1227,2454.0,11.898504122880615,MASP2_Helo_CM,140
1228,2456.0,11.117870207788974,MASP2_Helo_CM,140
1229,2458.0,13.133121893173348,MASP2_Helo_CM,140
1230,2460.0,12.815660611708392,MASP2_Helo_CM,140
1231,2462.0,12.031842535121937,MASP2_Helo_CM,140
1232,2464.0,13.78639968167857,MASP2_Helo_CM,140
1233,2466.0,14.659587466083838,MASP2_Helo_CM,140
1234,2468.0,14.234201777533539,MASP2_Helo_CM,140
1235,2470.0,14.218704198572457,MASP2_Helo_CM,140
1236,2472.0,14.272090111322571,MASP2_Helo_CM,140
1237,2474.0,15.814830390060566,MASP2_Helo_CM,140
1238,2476.0,14.398325786408927,MASP2_Helo_CM,140
1239,2478.0,12.157506518972516,MASP2_Helo_CM,140
1240,2480.0,11.132869006724496,MASP2_Helo_CM,140
1241,2482.0,11.335763259183116,MASP2_Helo_CM,140
1242,2484.0,13.209969410745057,MASP2_Helo_CM,140
1243,2486.0,15.910058463199668,MASP2_Helo_CM,140
1244,2488.0,15.792293827513658,MASP2_Helo_CM,140
1245,2490.0,14.58513147625759,MASP2_Helo_CM,140
1246,2492.0,15.268350834096788,MASP2_Helo_CM,140
1247,2494.0,18.4816432801139,MASP2_Helo_CM,140
1248,2496.0,14.708430999305486,MASP2_Helo_CM,140
1249,2498.0,14.991519884974313,MASP2_Helo_CM,140
1250,2500.0,13.912297135268823,MASP2_Helo_CM,140
1251,2502.0,12.795554773783154,MASP2_Helo_CM,140
1252,2504.0,13.316827791182972,MASP2_Helo_CM,140
1253,2506.0,12.686051559158019,MASP2_Helo_CM,140
1254,2508.0,13.339787811143799,MASP2_Helo_CM,140
1255,2510.0,12.618426821909804,MASP2_Helo_CM,140
1256,2512.0,11.833610854100998,MASP2_Helo_CM,140
1257,2514.0,11.244025638745832,MASP2_Helo_CM,140
1258,2516.0,12.60432634328171,MASP2_Helo_CM,140
1259,2518.0,15.256882079300755,MASP2_Helo_CM,140
1260,2520.0,14.733727979018326,MASP2_Helo_CM,140
1261,2522.0,13.317055097906126,MASP2_Helo_CM,140
1262,2524.0,14.039552219138177,MASP2_Helo_CM,140
1263,2526.0,14.95044874867905,MASP2_Helo_CM,140
1264,2528.0,16.767782414263696,MASP2_Helo_CM,140
1265,2530.0,12.743905835362431,MASP2_Helo_CM,140
1266,2532.0,13.653193562641183,MASP2_Helo_CM,140
1267,2534.0,12.061519257496066,MASP2_Helo_CM,140
1268,2536.0,14.893799377045113,MASP2_Helo_CM,140
1269,2538.0,16.337318219336733,MASP2_Helo_CM,140
1270,2540.0,15.992334326269162,MASP2_Helo_CM,140
1271,2542.0,17.426653014445257,MASP2_Helo_CM,140
1272,2544.0,16.166699115215938,MASP2_Helo_CM,140
1273,2546.0,15.581022066981886,MASP2_Helo_CM,140
1274,2548.0,16.842218646221063,MASP2_Helo_CM,140
1275,2550.0,14.939978366833907,MASP2_Helo_CM,140
1276,2552.0,14.110037379618975,MASP2_Helo_CM,140
1277,2554.0,14.75453511997548,MASP2_Helo_CM,140
1278,2556.0,16.250897480177496,MASP2_Helo_CM,140
1279,2558.0,16.52994654048483,MASP2_Helo_CM,140
1280,2560.0,16.750835660797648,MASP2_Helo_CM,140
1281,2562.0,15.971904904186514,MASP2_Helo_CM,140
1282,2564.0,16.410375800770343,MASP2_Helo_CM,140
1283,2566.0,12.767939350186428,MASP2_Helo_CM,140
1284,2568.0,12.950219464964002,MASP2_Helo_CM,140
1285,2570.0,14.877073409377353,MASP2_Helo_CM,140
1286,2572.0,17.291871993542514,MASP2_Helo_CM,140
1287,2574.0,15.368311374446069,MASP2_Helo_CM,140
1288,2576.0,14.510104685647045,MASP2_Helo_CM,140
1289,2578.0,14.729831886444858,MASP2_Helo_CM,140
1290,2580.0,14.21495028043757,MASP2_Helo_CM,140
1291,2582.0,14.03514509569367,MASP2_Helo_CM,140
1292,2584.0,14.377265728032764,MASP2_Helo_CM,140
1293,2586.0,13.382045667926931,MASP2_Helo_CM,140
1294,2588.0,12.640368148419373,MASP2_Helo_CM,140
1295,2590.0,12.250108188796826,MASP2_Helo_CM,140
1296,2592.0,12.213073992713184,MASP2_Helo_CM,140
1297,2594.0,12.511586497323396,MASP2_Helo_CM,140
1298,2596.0,11.91199500963921,MASP2_Helo_CM,140
1299,2598.0,12.534735991194339,MASP2_Helo_CM,140
1300,2600.0,13.411444093580558,MASP2_Helo_CM,140
1301,2602.0,13.44031236468823,MASP2_Helo_CM,140
1302,2604.0,12.636992139792566,MASP2_Helo_CM,140
1303,2606.0,13.649669647389478,MASP2_Helo_CM,140
1304,2608.0,13.187290657578778,MASP2_Helo_CM,140
1305,2610.0,13.125272355599934,MASP2_Helo_CM,140
1306,2612.0,13.010061857416648,MASP2_Helo_CM,140
1307,2614.0,12.74345360180331,MASP2_Helo_CM,140
1308,2616.0,12.989305818773541,MASP2_Helo_CM,140
1309,2618.0,12.758128731431047,MASP2_Helo_CM,140
1310,2620.0,11.967540927881151,MASP2_Helo_CM,140
1311,2622.0,12.780025111958459,MASP2_Helo_CM,140
1312,2624.0,12.30234208903592,MASP2_Helo_CM,140
1313,2626.0,12.064100392405562,MASP2_Helo_CM,140
1314,2628.0,12.44243316945378,MASP2_Helo_CM,140
1315,2630.0,12.50143052058572,MASP2_Helo_CM,140
1316,2632.0,12.66206750078424,MASP2_Helo_CM,140
1317,2634.0,12.330182755970235,MASP2_Helo_CM,140
1318,2636.0,12.93638612040456,MASP2_Helo_CM,140
1319,2638.0,12.363003186457487,MASP2_Helo_CM,140
1320,2640.0,13.789939160162232,MASP2_Helo_CM,140
1321,2642.0,12.083047184068013,MASP2_Helo_CM,140
1322,2644.0,12.825583545857501,MASP2_Helo_CM,140
1323,2646.0,12.022762873374193,MASP2_Helo_CM,140
1324,2648.0,11.460963438684718,MASP2_Helo_CM,140
1325,2650.0,10.768495533436894,MASP2_Helo_CM,140
1326,2652.0,11.6180282023884,MASP2_Helo_CM,140
1327,2654.0,11.64126910600387,MASP2_Helo_CM,140
1328,2656.0,11.854112412775253,MASP2_Helo_CM,140
1329,2658.0,12.408607517726212,MASP2_Helo_CM,140
1330,2660.0,12.374264282539022,MASP2_Helo_CM,140
1331,2662.0,12.623915927652405,MASP2_Helo_CM,140
1332,2664.0,11.766007555118904,MASP2_Helo_CM,140
1333,2666.0,11.803747172389476,MASP2_Helo_CM,140
1334,2668.0,11.12237105096255,MASP2_Helo_CM,140
1335,2670.0,11.72258719278302,MASP2_Helo_CM,140
1336,2672.0,12.17231232565124,MASP2_Helo_CM,140
1337,2674.0,12.553936729537192,MASP2_Helo_CM,140
1338,2676.0,12.647413906572865,MASP2_Helo_CM,140
1339,2678.0,12.550646656873653,MASP2_Helo_CM,140
1340,2680.0,12.977431403974013,MASP2_Helo_CM,140
1341,2682.0,13.215122699371921,MASP2_Helo_CM,140
1342,2684.0,12.369814889968232,MASP2_Helo_CM,140
1343,2686.0,12.729043173411936,MASP2_Helo_CM,140
1344,2688.0,13.051745434911902,MASP2_Helo_CM,140
1345,2690.0,12.91506121871895,MASP2_Helo_CM,140
1346,2692.0,12.60133142463908,MASP2_Helo_CM,140
1347,2694.0,12.761083090869322,MASP2_Helo_CM,140
1348,2696.0,12.13785697399199,MASP2_Helo_CM,140
1349,2698.0,12.473157544401605,MASP2_Helo_CM,140
1350,2700.0,12.826230850264906,MASP2_Helo_CM,140
1351,2702.0,12.502737310290945,MASP2_Helo_CM,140
1352,2704.0,13.039787322115847,MASP2_Helo_CM,140
1353,2706.0,13.124720340627904,MASP2_Helo_CM,140
1354,2708.0,11.897957965886901,MASP2_Helo_CM,140
1355,2710.0,12.878699569417932,MASP2_Helo_CM,140
1356,2712.0,12.684712324861902,MASP2_Helo_CM,140
1357,2714.0,12.660426135605327,MASP2_Helo_CM,140
1358,2716.0,12.222944953154618,MASP2_Helo_CM,140
1359,2718.0,12.247441821705724,MASP2_Helo_CM,140
1360,2720.0,12.075103417469183,MASP2_Helo_CM,140
1361,2722.0,12.573078101831381,MASP2_Helo_CM,140
1362,2724.0,12.059446825103816,MASP2_Helo_CM,140
1363,2726.0,11.90563696252747,MASP2_Helo_CM,140
1364,2728.0,12.150113744957604,MASP2_Helo_CM,140
1365,2730.0,12.53951096507991,MASP2_Helo_CM,140
1366,2732.0,12.280263633233334,MASP2_Helo_CM,140
1367,2734.0,11.697073952419851,MASP2_Helo_CM,140
1368,2736.0,11.942874114051838,MASP2_Helo_CM,140
1369,2738.0,12.639042970618526,MASP2_Helo_CM,140
1370,2740.0,12.550005031121975,MASP2_Helo_CM,140
1371,2742.0,12.783799749683121,MASP2_Helo_CM,140
1372,2744.0,11.748873485801864,MASP2_Helo_CM,140
1373,2746.0,12.416498417783338,MASP2_Helo_CM,140
1374,2748.0,13.0693398889146,MASP2_Helo_CM,140
1375,2750.0,12.676873809145297,MASP2_Helo_CM,140
1376,2752.0,12.503648777227983,MASP2_Helo_CM,140
1377,2754.0,12.840760631044592,MASP2_Helo_CM,140
1378,2756.0,12.610083961039756,MASP2_Helo_CM,140
1379,2758.0,12.547376677375823,MASP2_Helo_CM,140
1380,2760.0,12.115247870631785,MASP2_Helo_CM,140
1381,2762.0,11.96422626227596,MASP2_Helo_CM,140
1382,2764.0,11.991551414874046,MASP2_Helo_CM,140
1383,2766.0,13.6223985217536,MASP2_Helo_CM,140
1384,2768.0,13.536842891897285,MASP2_Helo_CM,140
1385,2770.0,13.330572375402419,MASP2_Helo_CM,140
1386,2772.0,13.707294551526063,MASP2_Helo_CM,140
1387,2774.0,14.063003362179806,MASP2_Helo_CM,140
1388,2776.0,13.997866821667,MASP2_Helo_CM,140
1389,2778.0,13.662231202940319,MASP2_Helo_CM,140
1390,2780.0,13.088387900139708,MASP2_Helo_CM,140
1391,2782.0,13.447972821519475,MASP2_Helo_CM,140
1392,2784.0,13.232079302316105,MASP2_Helo_CM,140
1393,2786.0,13.9586461886999,MASP2_Helo_CM,140
1394,2788.0,13.353951123931356,MASP2_Helo_CM,140
1395,2790.0,13.037758230030917,MASP2_Helo_CM,140
1396,2792.0,13.45065765458303,MASP2_Helo_CM,140
1397,2794.0,13.691417747942337,MASP2_Helo_CM,140
1398,2796.0,13.674973830846998,MASP2_Helo_CM,140
1399,2798.0,13.329440287315391,MASP2_Helo_CM,140
1400,2800.0,12.982497430697679,MASP2_Helo_CM,140
1401,2802.0,11.947275072122217,MASP2_Helo_CM,140
1402,2804.0,13.151727871397037,MASP2_Helo_CM,140
1403,2806.0,14.280605912645001,MASP2_Helo_CM,140
1404,2808.0,13.02324172041045,MASP2_Helo_CM,140
1405,2810.0,13.21704240274189,MASP2_Helo_CM,140
1406,2812.0,13.64880110225521,MASP2_Helo_CM,140
1407,2814.0,13.963762729826547,MASP2_Helo_CM,140
1408,2816.0,14.449272211551147,MASP2_Helo_CM,140
1409,2818.0,14.993884458219984,MASP2_Helo_CM,140
1410,2820.0,13.881246003579127,MASP2_Helo_CM,140
1411,2822.0,13.069756408750749,MASP2_Helo_CM,140
1412,2824.0,13.401363597564572,MASP2_Helo_CM,140
1413,2826.0,13.150105541898473,MASP2_Helo_CM,140
1414,2828.0,13.965016343704413,MASP2_Helo_CM,140
1415,2830.0,13.222277275481506,MASP2_Helo_CM,140
1416,2832.0,14.028623708639493,MASP2_Helo_CM,140
1417,2834.0,12.928282077864672,MASP2_Helo_CM,140
1418,2836.0,13.843086640290917,MASP2_Helo_CM,140
1419,2838.0,11.156804941584497,MASP2_Helo_CM,140
1420,2840.0,12.103481770920581,MASP2_Helo_CM,140
1421,2842.0,11.341139658956292,MASP2_Helo_CM,140
1422,2844.0,11.215667781460446,MASP2_Helo_CM,140
1423,2846.0,10.910705385004627,MASP2_Helo_CM,140
1424,2848.0,11.049208852883844,MASP2_Helo_CM,140
1425,2850.0,12.275413539958342,MASP2_Helo_CM,140
1426,2852.0,13.001033689900918,MASP2_Helo_CM,140
1427,2854.0,11.588419339065796,MASP2_Helo_CM,140
1428,2856.0,14.094318076984086,MASP2_Helo_CM,140
1429,2858.0,11.838083535274885,MASP2_Helo_CM,140
1430,2860.0,11.382122770458219,MASP2_Helo_CM,140
1431,2862.0,10.977870795289611,MASP2_Helo_CM,140
1432,2864.0,9.60653033912858,MASP2_Helo_CM,140
1433,2866.0,11.128209534215467,MASP2_Helo_CM,140
1434,2868.0,10.073841930770634,MASP2_Helo_CM,140
1435,2870.0,9.826898300903531,MASP2_Helo_CM,140
1436,2872.0,10.595465082935117,MASP2_Helo_CM,140
1437,2874.0,10.916466377599848,MASP2_Helo_CM,140
1438,2876.0,10.716486999804337,MASP2_Helo_CM,140
1439,2878.0,10.181873712539232,MASP2_Helo_CM,140
1440,2880.0,10.331318880745163,MASP2_Helo_CM,140
1441,2882.0,10.076937655623935,MASP2_Helo_CM,140
1442,2884.0,10.260215877865635,MASP2_Helo_CM,140
1443,2886.0,9.467638077520286,MASP2_Helo_CM,140
1444,2888.0,9.9791505041981,MASP2_Helo_CM,140
1445,2890.0,10.603834799676669,MASP2_Helo_CM,140
1446,2892.0,11.14222561750263,MASP2_Helo_CM,140
1447,2894.0,10.483891020175767,MASP2_Helo_CM,140
1448,2896.0,10.93839369164775,MASP2_Helo_CM,140
1449,2898.0,11.405905320894762,MASP2_Helo_CM,140
1450,2900.0,11.908679897362198,MASP2_Helo_CM,140
1451,2902.0,11.617171629645947,MASP2_Helo_CM,140
1452,2904.0,10.81929630220427,MASP2_Helo_CM,140
1453,2906.0,9.794415725474517,MASP2_Helo_CM,140
1454,2908.0,10.091607425233226,MASP2_Helo_CM,140
1455,2910.0,10.182888267415139,MASP2_Helo_CM,140
1456,2912.0,9.994496954757976,MASP2_Helo_CM,140
1457,2914.0,10.709935026297792,MASP2_Helo_CM,140
1458,2916.0,11.238351404933939,MASP2_Helo_CM,140
1459,2918.0,13.013828471468841,MASP2_Helo_CM,140
1460,2920.0,13.2736455088453,MASP2_Helo_CM,140
1461,2922.0,12.903331984095892,MASP2_Helo_CM,140
1462,2924.0,12.259694859562078,MASP2_Helo_CM,140
1463,2926.0,10.726414931805571,MASP2_Helo_CM,140
1464,2928.0,10.748161970354904,MASP2_Helo_CM,140
1465,2930.0,11.22225222752787,MASP2_Helo_CM,140
1466,2932.0,11.410095681338102,MASP2_Helo_CM,140
1467,2934.0,11.722053370262197,MASP2_Helo_CM,140
1468,2936.0,10.559596201124927,MASP2_Helo_CM,140
1469,2938.0,9.86160477975616,MASP2_Helo_CM,140
1470,2940.0,10.837642942560848,MASP2_Helo_CM,140
1471,2942.0,10.363944419133192,MASP2_Helo_CM,140
1472,2944.0,10.668220814072335,MASP2_Helo_CM,140
1473,2946.0,9.876573242148373,MASP2_Helo_CM,140
1474,2948.0,10.10931996551527,MASP2_Helo_CM,140
1475,2950.0,9.761541594551744,MASP2_Helo_CM,140
1476,2952.0,10.244528732564651,MASP2_Helo_CM,140
1477,2954.0,10.67982995477929,MASP2_Helo_CM,140
1478,2956.0,10.993927089298024,MASP2_Helo_CM,140
1479,2958.0,10.082840218830693,MASP2_Helo_CM,140
1480,2960.0,10.17054775070834,MASP2_Helo_CM,140
1481,2962.0,10.359763848757764,MASP2_Helo_CM,140
1482,2964.0,10.79908751438881,MASP2_Helo_CM,140
1483,2966.0,11.36759226937192,MASP2_Helo_CM,140
1484,2968.0,11.16305604273291,MASP2_Helo_CM,140
1485,2970.0,10.424151534286969,MASP2_Helo_CM,140
1486,2972.0,11.109994828788334,MASP2_Helo_CM,140
1487,2974.0,10.4705226668329,MASP2_Helo_CM,140
1488,2976.0,9.890258626839474,MASP2_Helo_CM,140
1489,2978.0,9.958072019414743,MASP2_Helo_CM,140
1490,2980.0,10.140763553056576,MASP2_Helo_CM,140
1491,2982.0,10.937989575130981,MASP2_Helo_CM,140
1492,2984.0,11.193431359065643,MASP2_Helo_CM,140
1493,2986.0,11.550441206150973,MASP2_Helo_CM,140
1494,2988.0,11.6498889479745,MASP2_Helo_CM,140
1495,2990.0,11.774561236626992,MASP2_Helo_CM,140
1496,2992.0,11.50393076506031,MASP2_Helo_CM,140
1497,2994.0,11.949171663983282,MASP2_Helo_CM,140
1498,2996.0,11.30355156744703,MASP2_Helo_CM,140
1499,2998.0,10.969469390548515,MASP2_Helo_CM,140
1500,3000.0,11.533273854015723,MASP2_Helo_CM,140
1501,3002.0,11.792392640962287,MASP2_Helo_CM,140
1502,3004.0,11.66560128956136,MASP2_Helo_CM,140
1503,3006.0,12.220407621881838,MASP2_Helo_CM,140
1504,3008.0,10.83074479630805,MASP2_Helo_CM,140
1505,3010.0,11.321012564839531,MASP2_Helo_CM,140
1506,3012.0,11.200503479113943,MASP2_Helo_CM,140
1507,3014.0,11.116109361094862,MASP2_Helo_CM,140
1508,3016.0,10.398246701380664,MASP2_Helo_CM,140
1509,3018.0,11.001427121835393,MASP2_Helo_CM,140
1510,3020.0,11.420219186507696,MASP2_Helo_CM,140
1511,3022.0,11.321290241475728,MASP2_Helo_CM,140
1512,3024.0,10.93659717723055,MASP2_Helo_CM,140
1513,3026.0,11.841248487810597,MASP2_Helo_CM,140
1514,3028.0,11.314461170846378,MASP2_Helo_CM,140
1515,3030.0,11.503640638816352,MASP2_Helo_CM,140
1516,3032.0,11.451028821828984,MASP2_Helo_CM,140
1517,3034.0,11.52800070313228,MASP2_Helo_CM,140
1518,3036.0,13.168614589231913,MASP2_Helo_CM,140
1519,3038.0,10.7646265453524,MASP2_Helo_CM,140
1520,3040.0,10.854140028748134,MASP2_Helo_CM,140
1521,3042.0,11.089358948712132,MASP2_Helo_CM,140
1522,3044.0,10.36595613859286,MASP2_Helo_CM,140
1523,3046.0,10.20441457456504,MASP2_Helo_CM,140
1524,3048.0,11.011860027886948,MASP2_Helo_CM,140
1525,3050.0,11.652845595478619,MASP2_Helo_CM,140
1526,3052.0,10.95231361334964,MASP2_Helo_CM,140
1527,3054.0,11.24162867830015,MASP2_Helo_CM,140
1528,3056.0,12.10961797057243,MASP2_Helo_CM,140
1529,3058.0,11.645955838689924,MASP2_Helo_CM,140
1530,3060.0,11.00582529691591,MASP2_Helo_CM,140
1531,3062.0,11.895652420298259,MASP2_Helo_CM,140
1532,3064.0,12.008135261007567,MASP2_Helo_CM,140
1533,3066.0,11.997065964165145,MASP2_Helo_CM,140
1534,3068.0,11.736263528717322,MASP2_Helo_CM,140
1535,3070.0,11.817013596400047,MASP2_Helo_CM,140
1536,3072.0,11.72718294066872,MASP2_Helo_CM,140
1537,3074.0,10.897481235111256,MASP2_Helo_CM,140
1538,3076.0,11.719662543593842,MASP2_Helo_CM,140
1539,3078.0,11.999243272432558,MASP2_Helo_CM,140
1540,3080.0,11.163481674208235,MASP2_Helo_CM,140
1541,3082.0,10.98380940656072,MASP2_Helo_CM,140
1542,3084.0,11.418031986244882,MASP2_Helo_CM,140
1543,3086.0,10.562756291691597,MASP2_Helo_CM,140
1544,3088.0,10.32673934811375,MASP2_Helo_CM,140
1545,3090.0,11.287281605111827,MASP2_Helo_CM,140
1546,3092.0,11.271937746154924,MASP2_Helo_CM,140
1547,3094.0,10.95815566954897,MASP2_Helo_CM,140
1548,3096.0,10.91317617275495,MASP2_Helo_CM,140
1549,3098.0,9.970414509803119,MASP2_Helo_CM,140
1550,3100.0,11.867399817504594,MASP2_Helo_CM,140
1551,3102.0,9.984921358727657,MASP2_Helo_CM,140
1552,3104.0,10.715721285116821,MASP2_Helo_CM,140
1553,3106.0,11.282975521912,MASP2_Helo_CM,140
1554,3108.0,10.136604426495174,MASP2_Helo_CM,140
1555,3110.0,9.657608654717121,MASP2_Helo_CM,140
1556,3112.0,9.421279082634188,MASP2_Helo_CM,140
1557,3114.0,9.559066276079461,MASP2_Helo_CM,140
1558,3116.0,12.333995899691942,MASP2_Helo_CM,140
1559,3118.0,11.250987900322317,MASP2_Helo_CM,140
1560,3120.0,10.31324994162317,MASP2_Helo_CM,140
1561,3122.0,10.97301871534482,MASP2_Helo_CM,140
1562,3124.0,10.89051716977195,MASP2_Helo_CM,140
1563,3126.0,11.152284275606526,MASP2_Helo_CM,140
1564,3128.0,10.65893748651225,MASP2_Helo_CM,140
1565,3130.0,10.790252775759905,MASP2_Helo_CM,140
1566,3132.0,12.044491294228978,MASP2_Helo_CM,140
1567,3134.0,10.034513971233144,MASP2_Helo_CM,140
1568,3136.0,9.723616752625004,MASP2_Helo_CM,140
1569,3138.0,9.835935880154912,MASP2_Helo_CM,140
1570,3140.0,10.644861317342293,MASP2_Helo_CM,140
1571,3142.0,9.883858059230395,MASP2_Helo_CM,140
1572,3144.0,10.335519714821684,MASP2_Helo_CM,140
1573,3146.0,10.670213249875724,MASP2_Helo_CM,140
1574,3148.0,10.596027322478758,MASP2_Helo_CM,140
1575,3150.0,10.060043722728755,MASP2_Helo_CM,140
1576,3152.0,10.489010454184596,MASP2_Helo_CM,140
1577,3154.0,9.902968405962895,MASP2_Helo_CM,140
1578,3156.0,10.286558345744208,MASP2_Helo_CM,140
1579,3158.0,11.343319271339505,MASP2_Helo_CM,140
1580,3160.0,11.238233581354026,MASP2_Helo_CM,140
1581,3162.0,11.771333015021703,MASP2_Helo_CM,140
1582,3164.0,12.136706811758975,MASP2_Helo_CM,140
1583,3166.0,12.181364949212059,MASP2_Helo_CM,140
1584,3168.0,12.22915311712328,MASP2_Helo_CM,140
1585,3170.0,12.192003013560205,MASP2_Helo_CM,140
1586,3172.0,12.804447389400353,MASP2_Helo_CM,140
1587,3174.0,11.809449159267594,MASP2_Helo_CM,140
1588,3176.0,11.642829912617477,MASP2_Helo_CM,140
1589,3178.0,11.268067004236482,MASP2_Helo_CM,140
1590,3180.0,10.901993041569895,MASP2_Helo_CM,140
1591,3182.0,11.285619991272307,MASP2_Helo_CM,140
1592,3184.0,12.099753385356431,MASP2_Helo_CM,140
1593,3186.0,11.634102836901732,MASP2_Helo_CM,140
1594,3188.0,11.708446845614338,MASP2_Helo_CM,140
1595,3190.0,11.371000919054547,MASP2_Helo_CM,140
1596,3192.0,11.395500129664464,MASP2_Helo_CM,140
1597,3194.0,11.153081527653677,MASP2_Helo_CM,140
1598,3196.0,11.932256954710622,MASP2_Helo_CM,140
1599,3198.0,11.483248427914589,MASP2_Helo_CM,140
1600,3200.0,11.423039536689174,MASP2_Helo_CM,140
1601,3202.0,11.719149606392865,MASP2_Helo_CM,140
1602,3204.0,11.499599545102296,MASP2_Helo_CM,140
1603,3206.0,11.247693883322286,MASP2_Helo_CM,140
1604,3208.0,11.374614336030819,MASP2_Helo_CM,140
1605,3210.0,11.787098714571517,MASP2_Helo_CM,140
1606,3212.0,11.912931952390416,MASP2_Helo_CM,140
1607,3214.0,12.30926200574987,MASP2_Helo_CM,140
1608,3216.0,12.021693245513436,MASP2_Helo_CM,140
1609,3218.0,11.628217528992977,MASP2_Helo_CM,140
1610,3220.0,11.941237910457412,MASP2_Helo_CM,140
1611,3222.0,11.719687166657366,MASP2_Helo_CM,140
1612,3224.0,11.81355612109287,MASP2_Helo_CM,140
1613,3226.0,11.753283674466843,MASP2_Helo_CM,140
1614,3228.0,12.155786844508473,MASP2_Helo_CM,140
1615,3230.0,11.523349616919823,MASP2_Helo_CM,140
1616,3232.0,12.370646816857715,MASP2_Helo_CM,140
1617,3234.0,12.350939158531009,MASP2_Helo_CM,140
1618,3236.0,11.503968483639882,MASP2_Helo_CM,140
1619,3238.0,11.2689471652339,MASP2_Helo_CM,140
1620,3240.0,11.766425920832388,MASP2_Helo_CM,140
1621,3242.0,12.466957862224275,MASP2_Helo_CM,140
1622,3244.0,11.85224632895782,MASP2_Helo_CM,140
1623,3246.0,12.191312329282836,MASP2_Helo_CM,140
1624,3248.0,11.550450167604138,MASP2_Helo_CM,140
1625,3250.0,12.169434233991074,MASP2_Helo_CM,140
1626,3252.0,12.389906918566854,MASP2_Helo_CM,140
1627,3254.0,11.653974826112336,MASP2_Helo_CM,140
1628,3256.0,12.322991293492908,MASP2_Helo_CM,140
1629,3258.0,12.006789689191153,MASP2_Helo_CM,140
1630,3260.0,11.931630986882267,MASP2_Helo_CM,140
1631,3262.0,11.822075644145363,MASP2_Helo_CM,140
1632,3264.0,12.248030569211757,MASP2_Helo_CM,140
1633,3266.0,11.75489058814783,MASP2_Helo_CM,140
1634,3268.0,12.44899933558756,MASP2_Helo_CM,140
1635,3270.0,12.081713728403647,MASP2_Helo_CM,140
1636,3272.0,12.058601227970604,MASP2_Helo_CM,140
1637,3274.0,11.778332271371294,MASP2_Helo_CM,140
1638,3276.0,12.050093955830881,MASP2_Helo_CM,140
1639,3278.0,12.186139298396682,MASP2_Helo_CM,140
1640,3280.0,11.614780624845249,MASP2_Helo_CM,140
1641,3282.0,11.883630034770164,MASP2_Helo_CM,140
1642,3284.0,11.948393961114142,MASP2_Helo_CM,140
1643,3286.0,12.496523952255261,MASP2_Helo_CM,140
1644,3288.0,11.603165758985812,MASP2_Helo_CM,140
1645,3290.0,11.530222196815952,MASP2_Helo_CM,140
1646,3292.0,12.171436830836434,MASP2_Helo_CM,140
1647,3294.0,11.330949951536018,MASP2_Helo_CM,140
1648,3296.0,11.195790509907205,MASP2_Helo_CM,140
1649,3298.0,12.312846071960175,MASP2_Helo_CM,140
1650,3300.0,11.434628254798866,MASP2_Helo_CM,140
1651,3302.0,12.069020215214275,MASP2_Helo_CM,140
1652,3304.0,12.323861284209013,MASP2_Helo_CM,140
1653,3306.0,12.219004880114282,MASP2_Helo_CM,140
1654,3308.0,12.571643540610767,MASP2_Helo_CM,140
1655,3310.0,12.714956864914118,MASP2_Helo_CM,140
1656,3312.0,13.618005450254612,MASP2_Helo_CM,140
1657,3314.0,13.723748101958883,MASP2_Helo_CM,140
1658,3316.0,13.107340472066438,MASP2_Helo_CM,140
1659,3318.0,12.88660704174417,MASP2_Helo_CM,140
1660,3320.0,13.34279424067993,MASP2_Helo_CM,140
1661,3322.0,14.001351164690517,MASP2_Helo_CM,140
1662,3324.0,16.73545781037043,MASP2_Helo_CM,140
1663,3326.0,16.95948575571824,MASP2_Helo_CM,140
1664,3328.0,16.666804522949477,MASP2_Helo_CM,140
1665,3330.0,17.051157591996105,MASP2_Helo_CM,140
1666,3332.0,14.9885113389073,MASP2_Helo_CM,140
1667,3334.0,15.700000226526072,MASP2_Helo_CM,140
1668,3336.0,16.106026786693576,MASP2_Helo_CM,140
1669,3338.0,15.797614033429472,MASP2_Helo_CM,140
1670,3340.0,17.205511263537904,MASP2_Helo_CM,140
1671,3342.0,14.620015976861286,MASP2_Helo_CM,140
1672,3344.0,16.209119125598427,MASP2_Helo_CM,140
1673,3346.0,14.74464292596086,MASP2_Helo_CM,140
1674,3348.0,15.596144210878691,MASP2_Helo_CM,140
1675,3350.0,18.36221466474557,MASP2_Helo_CM,140
1676,3352.0,18.208478536612137,MASP2_Helo_CM,140
1677,3354.0,17.8682656895094,MASP2_Helo_CM,140
1678,3356.0,18.804714578274194,MASP2_Helo_CM,140
1679,3358.0,16.17187599355952,MASP2_Helo_CM,140
1680,3360.0,16.171316059649655,MASP2_Helo_CM,140
1681,3362.0,15.772471152653209,MASP2_Helo_CM,140
1682,3364.0,20.446915398578113,MASP2_Helo_CM,140
1683,3366.0,17.620295879860894,MASP2_Helo_CM,140
1684,3368.0,20.93400648680763,MASP2_Helo_CM,140
1685,3370.0,16.676164732720835,MASP2_Helo_CM,140
1686,3372.0,17.741178167139577,MASP2_Helo_CM,140
1687,3374.0,18.9409676080148,MASP2_Helo_CM,140
1688,3376.0,19.83642336812179,MASP2_Helo_CM,140
1689,3378.0,20.005331270831633,MASP2_Helo_CM,140
1690,3380.0,18.33578455054344,MASP2_Helo_CM,140
1691,3382.0,18.472108195351254,MASP2_Helo_CM,140
1692,3384.0,17.144253398044267,MASP2_Helo_CM,140
1693,3386.0,17.583096156466564,MASP2_Helo_CM,140
1694,3388.0,16.219589673858316,MASP2_Helo_CM,140
1695,3390.0,16.806201415005944,MASP2_Helo_CM,140
1696,3392.0,17.4258801280537,MASP2_Helo_CM,140
1697,3394.0,15.847786303998559,MASP2_Helo_CM,140
1698,3396.0,16.404552850663862,MASP2_Helo_CM,140
1699,3398.0,15.592300734640979,MASP2_Helo_CM,140
1700,3400.0,14.012175885058907,MASP2_Helo_CM,140
1701,3402.0,13.371011161265084,MASP2_Helo_CM,140
1702,3404.0,12.050452421551844,MASP2_Helo_CM,140
1703,3406.0,13.841075566439262,MASP2_Helo_CM,140
1704,3408.0,13.210542687635423,MASP2_Helo_CM,140
1705,3410.0,14.50229824964476,MASP2_Helo_CM,140
1706,3412.0,16.24071575867262,MASP2_Helo_CM,140
1707,3414.0,16.640039527917086,MASP2_Helo_CM,140
1708,3416.0,16.51585571059243,MASP2_Helo_CM,140
1709,3418.0,15.925619874950936,MASP2_Helo_CM,140
1710,3420.0,16.22440711799486,MASP2_Helo_CM,140
1711,3422.0,15.922006181223146,MASP2_Helo_CM,140
1712,3424.0,15.322527823970082,MASP2_Helo_CM,140
1713,3426.0,16.44440185961405,MASP2_Helo_CM,140
1714,3428.0,17.297472946363968,MASP2_Helo_CM,140
1715,3430.0,15.073985010234766,MASP2_Helo_CM,140
1716,3432.0,15.844176554596453,MASP2_Helo_CM,140
1717,3434.0,14.612459619270604,MASP2_Helo_CM,140
1718,3436.0,14.020390554533371,MASP2_Helo_CM,140
1719,3438.0,17.407401111839775,MASP2_Helo_CM,140
1720,3440.0,17.64514152802729,MASP2_Helo_CM,140
1721,3442.0,16.15508650136319,MASP2_Helo_CM,140
1722,3444.0,15.891487678986135,MASP2_Helo_CM,140
1723,3446.0,12.773583626811943,MASP2_Helo_CM,140
1724,3448.0,12.82581062259976,MASP2_Helo_CM,140
1725,3450.0,12.270153691682498,MASP2_Helo_CM,140
1726,3452.0,12.070750986752504,MASP2_Helo_CM,140
1727,3454.0,12.096565784215565,MASP2_Helo_CM,140
1728,3456.0,12.459712049232548,MASP2_Helo_CM,140
1729,3458.0,12.101183909989915,MASP2_Helo_CM,140
1730,3460.0,12.179559993033594,MASP2_Helo_CM,140
1731,3462.0,12.547220495807123,MASP2_Helo_CM,140
1732,3464.0,11.980767879205654,MASP2_Helo_CM,140
1733,3466.0,12.483487295498309,MASP2_Helo_CM,140
1734,3468.0,12.623416821764655,MASP2_Helo_CM,140
1735,3470.0,12.840707923445516,MASP2_Helo_CM,140
1736,3472.0,13.789732802186068,MASP2_Helo_CM,140
1737,3474.0,15.132038280010601,MASP2_Helo_CM,140
1738,3476.0,14.024811911127236,MASP2_Helo_CM,140
1739,3478.0,13.827774433493419,MASP2_Helo_CM,140
1740,3480.0,13.606240864870596,MASP2_Helo_CM,140
1741,3482.0,13.254522246423795,MASP2_Helo_CM,140
1742,3484.0,13.338557872325115,MASP2_Helo_CM,140
1743,3486.0,13.936539312382559,MASP2_Helo_CM,140
1744,3488.0,13.535757910315263,MASP2_Helo_CM,140
1745,3490.0,13.647228007728046,MASP2_Helo_CM,140
1746,3492.0,16.731346694897383,MASP2_Helo_CM,140
1747,3494.0,17.369670253155093,MASP2_Helo_CM,140
1748,3496.0,18.790316134090116,MASP2_Helo_CM,140
1749,3498.0,16.877660381101236,MASP2_Helo_CM,140
1750,3500.0,17.426287630093473,MASP2_Helo_CM,140
1751,3502.0,18.096985349089373,MASP2_Helo_CM,140
1752,3504.0,16.755641987461804,MASP2_Helo_CM,140
1753,3506.0,17.43302037922628,MASP2_Helo_CM,140
1754,3508.0,18.048579408188115,MASP2_Helo_CM,140
1755,3510.0,17.04060996514415,MASP2_Helo_CM,140
1756,3512.0,17.014282411463107,MASP2_Helo_CM,140
1757,3514.0,17.424948567761998,MASP2_Helo_CM,140
1758,3516.0,17.43142378775673,MASP2_Helo_CM,140
1759,3518.0,17.34737524294361,MASP2_Helo_CM,140
1760,3520.0,17.260233860696122,MASP2_Helo_CM,140
1761,3522.0,17.304084892228538,MASP2_Helo_CM,140
1762,3524.0,16.861482588439767,MASP2_Helo_CM,140
1763,3526.0,17.35749963311103,MASP2_Helo_CM,140
1764,3528.0,17.809439211054414,MASP2_Helo_CM,140
1765,3530.0,18.205555062796556,MASP2_Helo_CM,140
1766,3532.0,18.716112618136584,MASP2_Helo_CM,140
1767,3534.0,17.35995372635104,MASP2_Helo_CM,140
1768,3536.0,16.97494213415708,MASP2_Helo_CM,140
1769,3538.0,17.317308106859617,MASP2_Helo_CM,140
1770,3540.0,18.581808582927362,MASP2_Helo_CM,140
1771,3542.0,19.024332971043734,MASP2_Helo_CM,140
1772,3544.0,19.040151224093,MASP2_Helo_CM,140
1773,3546.0,19.04165236875976,MASP2_Helo_CM,140
1774,3548.0,18.743472229018007,MASP2_Helo_CM,140
1775,3550.0,18.27354326205012,MASP2_Helo_CM,140
1776,3552.0,17.17368113084568,MASP2_Helo_CM,140
1777,3554.0,17.1391013381986,MASP2_Helo_CM,140
1778,3556.0,16.800263372891187,MASP2_Helo_CM,140
1779,3558.0,18.281212485793816,MASP2_Helo_CM,140
1780,3560.0,18.047574168526385,MASP2_Helo_CM,140
1781,3562.0,17.790503879436685,MASP2_Helo_CM,140
1782,3564.0,17.689734777849427,MASP2_Helo_CM,140
1783,3566.0,19.27193392135437,MASP2_Helo_CM,140
1784,3568.0,19.916343826998958,MASP2_Helo_CM,140
1785,3570.0,19.595384034693282,MASP2_Helo_CM,140
1786,3572.0,20.248439716220517,MASP2_Helo_CM,140
1787,3574.0,18.635255319464378,MASP2_Helo_CM,140
1788,3576.0,18.17005265173787,MASP2_Helo_CM,140
1789,3578.0,18.585600925916367,MASP2_Helo_CM,140
1790,3580.0,18.00270655433956,MASP2_Helo_CM,140
1791,3582.0,17.12782885667899,MASP2_Helo_CM,140
1792,3584.0,16.72735454873781,MASP2_Helo_CM,140
1793,3586.0,18.497034265265818,MASP2_Helo_CM,140
1794,3588.0,18.553250452615465,MASP2_Helo_CM,140
1795,3590.0,18.167926923968487,MASP2_Helo_CM,140
1796,3592.0,15.9599563448342,MASP2_Helo_CM,140
1797,3594.0,16.632654712234515,MASP2_Helo_CM,140
1798,3596.0,17.941650945896296,MASP2_Helo_CM,140
1799,3598.0,15.936484024424557,MASP2_Helo_CM,140
1800,3600.0,16.074878707685034,MASP2_Helo_CM,140
1801,3602.0,16.103576350694972,MASP2_Helo_CM,140
1802,3604.0,15.655144037228094,MASP2_Helo_CM,140
1803,3606.0,16.57654863500599,MASP2_Helo_CM,140
1804,3608.0,16.863349348281652,MASP2_Helo_CM,140
1805,3610.0,17.80367027495382,MASP2_Helo_CM,140
1806,3612.0,17.584948647410425,MASP2_Helo_CM,140
1807,3614.0,18.40385776948385,MASP2_Helo_CM,140
1808,3616.0,17.457409330710746,MASP2_Helo_CM,140
1809,3618.0,16.150931550940008,MASP2_Helo_CM,140
1810,3620.0,16.536204678644733,MASP2_Helo_CM,140
1811,3622.0,15.299452999096586,MASP2_Helo_CM,140
1812,3624.0,13.781518017655483,MASP2_Helo_CM,140
1813,3626.0,15.681601935237639,MASP2_Helo_CM,140
1814,3628.0,16.40107784734906,MASP2_Helo_CM,140
1815,3630.0,16.651306173068598,MASP2_Helo_CM,140
1816,3632.0,14.739214782731848,MASP2_Helo_CM,140
1817,3634.0,18.16394591152725,MASP2_Helo_CM,140
1818,3636.0,16.7171959241454,MASP2_Helo_CM,140
1819,3638.0,15.16412681878914,MASP2_Helo_CM,140
1820,3640.0,16.788069389023672,MASP2_Helo_CM,140
1821,3642.0,16.379639348386377,MASP2_Helo_CM,140
1822,3644.0,15.510922205295566,MASP2_Helo_CM,140
1823,3646.0,16.49502749873215,MASP2_Helo_CM,140
1824,3648.0,15.044777392315698,MASP2_Helo_CM,140
1825,3650.0,17.750794771266943,MASP2_Helo_CM,140
1826,3652.0,14.901058125180896,MASP2_Helo_CM,140
1827,3654.0,14.041554308005987,MASP2_Helo_CM,140
1828,3656.0,13.961902576356941,MASP2_Helo_CM,140
1829,3658.0,14.878553054426202,MASP2_Helo_CM,140
1830,3660.0,13.30091162573719,MASP2_Helo_CM,140
1831,3662.0,11.472258307873155,MASP2_Helo_CM,140
1832,3664.0,12.665166560878104,MASP2_Helo_CM,140
1833,3666.0,11.398814933058892,MASP2_Helo_CM,140
1834,3668.0,12.072491776769933,MASP2_Helo_CM,140
1835,3670.0,11.425100888050912,MASP2_Helo_CM,140
1836,3672.0,10.915998337657577,MASP2_Helo_CM,140
1837,3674.0,12.106356563006992,MASP2_Helo_CM,140
1838,3676.0,11.569163593897656,MASP2_Helo_CM,140
1839,3678.0,12.171366640458002,MASP2_Helo_CM,140
1840,3680.0,12.123570978226796,MASP2_Helo_CM,140
1841,3682.0,12.698466064455273,MASP2_Helo_CM,140
1842,3684.0,11.70216905740665,MASP2_Helo_CM,140
1843,3686.0,11.921596603866229,MASP2_Helo_CM,140
1844,3688.0,12.145703591566427,MASP2_Helo_CM,140
1845,3690.0,11.907155762905338,MASP2_Helo_CM,140
1846,3692.0,11.474871118138537,MASP2_Helo_CM,140
1847,3694.0,11.467164423715998,MASP2_Helo_CM,140
1848,3696.0,11.41866029794331,MASP2_Helo_CM,140
1849,3698.0,11.751117597767365,MASP2_Helo_CM,140
1850,3700.0,11.816032125414312,MASP2_Helo_CM,140
1851,3702.0,11.627886780433474,MASP2_Helo_CM,140
1852,3704.0,11.879336972989547,MASP2_Helo_CM,140
1853,3706.0,11.169057524535338,MASP2_Helo_CM,140
1854,3708.0,11.510897548420697,MASP2_Helo_CM,140
1855,3710.0,12.290781489907358,MASP2_Helo_CM,140
1856,3712.0,10.843232731940747,MASP2_Helo_CM,140
1857,3714.0,11.909215783907225,MASP2_Helo_CM,140
1858,3716.0,10.658771741715654,MASP2_Helo_CM,140
1859,3718.0,10.095869066567703,MASP2_Helo_CM,140
1860,3720.0,10.58492899199262,MASP2_Helo_CM,140
1861,3722.0,10.966177526760182,MASP2_Helo_CM,140
1862,3724.0,10.565063946725433,MASP2_Helo_CM,140
1863,3726.0,11.830291620031495,MASP2_Helo_CM,140
1864,3728.0,11.290095518673573,MASP2_Helo_CM,140
1865,3730.0,11.248329860763702,MASP2_Helo_CM,140
1866,3732.0,10.921271391630135,MASP2_Helo_CM,140
1867,3734.0,10.82614147888426,MASP2_Helo_CM,140
1868,3736.0,11.111532029638047,MASP2_Helo_CM,140
1869,3738.0,10.891160823524006,MASP2_Helo_CM,140
1870,3740.0,11.12900884976129,MASP2_Helo_CM,140
1871,3742.0,12.130238871716443,MASP2_Helo_CM,140
1872,3744.0,12.951066911205277,MASP2_Helo_CM,140
1873,3746.0,12.41738529438285,MASP2_Helo_CM,140
1874,3748.0,12.844637508919618,MASP2_Helo_CM,140
1875,3750.0,11.813236458238281,MASP2_Helo_CM,140
1876,3752.0,13.352238402883113,MASP2_Helo_CM,140
1877,3754.0,15.094513227254472,MASP2_Helo_CM,140
1878,3756.0,15.296208299771784,MASP2_Helo_CM,140
1879,3758.0,14.200942680114258,MASP2_Helo_CM,140
1880,3760.0,15.054427287837015,MASP2_Helo_CM,140
1881,3762.0,15.758364574807738,MASP2_Helo_CM,140
1882,3764.0,16.784149903351462,MASP2_Helo_CM,140
1883,3766.0,16.93237215409484,MASP2_Helo_CM,140
1884,3768.0,14.726549952510178,MASP2_Helo_CM,140
1885,3770.0,16.834129975854786,MASP2_Helo_CM,140
1886,3772.0,14.939683370843134,MASP2_Helo_CM,140
1887,3774.0,14.121985699509299,MASP2_Helo_CM,140
1888,3776.0,13.747029451010427,MASP2_Helo_CM,140
1889,3778.0,14.57357063822427,MASP2_Helo_CM,140
1890,3780.0,15.450656886890947,MASP2_Helo_CM,140
1891,3782.0,16.311762332179644,MASP2_Helo_CM,140
1892,3784.0,16.979063170228684,MASP2_Helo_CM,140
1893,3786.0,15.74288027078428,MASP2_Helo_CM,140
1894,3788.0,16.400068064539884,MASP2_Helo_CM,140
1895,3790.0,16.65783397218727,MASP2_Helo_CM,140
1896,3792.0,15.161455842798345,MASP2_Helo_CM,140
1897,3794.0,15.617553295779686,MASP2_Helo_CM,140
1898,3796.0,15.200103207148011,MASP2_Helo_CM,140
1899,3798.0,15.260391707911657,MASP2_Helo_CM,140
1900,3800.0,15.794377714771072,MASP2_Helo_CM,140
1901,3802.0,13.688402820437421,MASP2_Helo_CM,140
1902,3804.0,14.379695781297192,MASP2_Helo_CM,140
1903,3806.0,14.399849189650176,MASP2_Helo_CM,140
1904,3808.0,16.237488694090423,MASP2_Helo_CM,140
1905,3810.0,15.608952052851919,MASP2_Helo_CM,140
1906,3812.0,16.65091006891952,MASP2_Helo_CM,140
1907,3814.0,16.857265760643926,MASP2_Helo_CM,140
1908,3816.0,17.08837072446807,MASP2_Helo_CM,140
1909,3818.0,18.551220086369383,MASP2_Helo_CM,140
1910,3820.0,16.85705447050295,MASP2_Helo_CM,140
1911,3822.0,17.170077012322114,MASP2_Helo_CM,140
1912,3824.0,16.023876242458005,MASP2_Helo_CM,140
1913,3826.0,14.956810469253202,MASP2_Helo_CM,140
1914,3828.0,14.066178445279231,MASP2_Helo_CM,140
1915,3830.0,16.297093592054964,MASP2_Helo_CM,140
1916,3832.0,16.334035968512268,MASP2_Helo_CM,140
1917,3834.0,16.877276774214035,MASP2_Helo_CM,140
1918,3836.0,14.222743379326253,MASP2_Helo_CM,140
1919,3838.0,15.476671742194373,MASP2_Helo_CM,140
1920,3840.0,14.105274583664466,MASP2_Helo_CM,140
1921,3842.0,13.702460841356194,MASP2_Helo_CM,140
1922,3844.0,14.717086275010377,MASP2_Helo_CM,140
1923,3846.0,16.75419650587108,MASP2_Helo_CM,140
1924,3848.0,19.255832972537803,MASP2_Helo_CM,140
1925,3850.0,17.06991641640167,MASP2_Helo_CM,140
1926,3852.0,16.85525765518144,MASP2_Helo_CM,140
1927,3854.0,17.241501540613378,MASP2_Helo_CM,140
1928,3856.0,16.322241221936824,MASP2_Helo_CM,140
1929,3858.0,16.843097016766404,MASP2_Helo_CM,140
1930,3860.0,16.49467097577968,MASP2_Helo_CM,140
1931,3862.0,16.62165907599829,MASP2_Helo_CM,140
1932,3864.0,15.994865432215947,MASP2_Helo_CM,140
1933,3866.0,16.39024523207347,MASP2_Helo_CM,140
1934,3868.0,14.268650949605268,MASP2_Helo_CM,140
1935,3870.0,14.197389024290064,MASP2_Helo_CM,140
1936,3872.0,12.408158211955955,MASP2_Helo_CM,140
1937,3874.0,12.934678473647104,MASP2_Helo_CM,140
1938,3876.0,12.780101529056633,MASP2_Helo_CM,140
1939,3878.0,12.891827576754006,MASP2_Helo_CM,140
1940,3880.0,11.262184324071788,MASP2_Helo_CM,140
1941,3882.0,11.267310069952064,MASP2_Helo_CM,140
1942,3884.0,10.627250220420157,MASP2_Helo_CM,140
1943,3886.0,9.851113658807135,MASP2_Helo_CM,140
1944,3888.0,10.625128250579074,MASP2_Helo_CM,140
1945,3890.0,13.331251635072334,MASP2_Helo_CM,140
1946,3892.0,14.131750959263004,MASP2_Helo_CM,140
1947,3894.0,14.3850983636712,MASP2_Helo_CM,140
1948,3896.0,14.032330070002722,MASP2_Helo_CM,140
1949,3898.0,17.388098302197047,MASP2_Helo_CM,140
1950,3900.0,17.69854834018365,MASP2_Helo_CM,140
1951,3902.0,19.001419106943654,MASP2_Helo_CM,140
1952,3904.0,18.0842377084696,MASP2_Helo_CM,140
1953,3906.0,18.31857940251238,MASP2_Helo_CM,140
1954,3908.0,16.845458128280423,MASP2_Helo_CM,140
1955,3910.0,18.7798753322276,MASP2_Helo_CM,140
1956,3912.0,19.545024384244385,MASP2_Helo_CM,140
1957,3914.0,15.718306571943817,MASP2_Helo_CM,140
1958,3916.0,17.352544215997128,MASP2_Helo_CM,140
1959,3918.0,16.158306848386708,MASP2_Helo_CM,140
1960,3920.0,15.27034355151277,MASP2_Helo_CM,140
1961,3922.0,15.66623961164798,MASP2_Helo_CM,140
1962,3924.0,17.10633193828019,MASP2_Helo_CM,140
1963,3926.0,17.001113713506253,MASP2_Helo_CM,140
1964,3928.0,17.686661581826442,MASP2_Helo_CM,140
1965,3930.0,18.55551545556213,MASP2_Helo_CM,140
1966,3932.0,18.247838852064184,MASP2_Helo_CM,140
1967,3934.0,17.66551940994379,MASP2_Helo_CM,140
1968,3936.0,19.038930535618473,MASP2_Helo_CM,140
1969,3938.0,17.361463817465214,MASP2_Helo_CM,140
1970,3940.0,18.58009011396722,MASP2_Helo_CM,140
1971,3942.0,19.580543262527303,MASP2_Helo_CM,140
1972,3944.0,18.60109753658687,MASP2_Helo_CM,140
1973,3946.0,20.165588004735937,MASP2_Helo_CM,140
1974,3948.0,17.37686073441031,MASP2_Helo_CM,140
1975,3950.0,16.64561576420018,MASP2_Helo_CM,140
1976,3952.0,16.836064261452144,MASP2_Helo_CM,140
1977,3954.0,17.1402459766548,MASP2_Helo_CM,140
1978,3956.0,16.015450419560203,MASP2_Helo_CM,140
1979,3958.0,16.54379247807668,MASP2_Helo_CM,140
1980,3960.0,17.511730837213225,MASP2_Helo_CM,140
1981,3962.0,16.552873464333572,MASP2_Helo_CM,140
1982,3964.0,17.387239680382326,MASP2_Helo_CM,140
1983,3966.0,17.74687604043541,MASP2_Helo_CM,140
1984,3968.0,16.762355322228007,MASP2_Helo_CM,140
1985,3970.0,16.851059703086477,MASP2_Helo_CM,140
1986,3972.0,17.628683984321125,MASP2_Helo_CM,140
1987,3974.0,18.337898727373506,MASP2_Helo_CM,140
1988,3976.0,18.43784185351072,MASP2_Helo_CM,140
1989,3978.0,16.346203079014412,MASP2_Helo_CM,140
1990,3980.0,16.55672637142738,MASP2_Helo_CM,140
1991,3982.0,16.806524328274858,MASP2_Helo_CM,140
1992,3984.0,16.495776217937248,MASP2_Helo_CM,140
1993,3986.0,16.587322662654817,MASP2_Helo_CM,140
1994,3988.0,17.139956833471736,MASP2_Helo_CM,140
1995,3990.0,17.35734370484026,MASP2_Helo_CM,140
1996,3992.0,18.33587724371076,MASP2_Helo_CM,140
1997,3994.0,16.441347734406236,MASP2_Helo_CM,140
1998,3996.0,15.887080502977893,MASP2_Helo_CM,140
1999,3998.0,16.558651247266216,MASP2_Helo_CM,140
2000,4000.0,15.802696067477683,MASP2_Helo_CM,140
2001,4002.0,15.356913515174686,MASP2_Helo_CM,140
2002,4004.0,16.959080717990187,MASP2_Helo_CM,140
2003,4006.0,16.444739214505105,MASP2_Helo_CM,140
2004,4008.0,16.816947648904453,MASP2_Helo_CM,140
2005,4010.0,16.289163891432697,MASP2_Helo_CM,140
2006,4012.0,15.78336853874053,MASP2_Helo_CM,140
2007,4014.0,16.58478701540014,MASP2_Helo_CM,140
2008,4016.0,17.151390653151275,MASP2_Helo_CM,140
2009,4018.0,16.53245568893136,MASP2_Helo_CM,140
2010,4020.0,16.596393154578635,MASP2_Helo_CM,140
2011,4022.0,17.272257775465857,MASP2_Helo_CM,140
2012,4024.0,13.527645177692563,MASP2_Helo_CM,140
2013,4026.0,13.75487029163462,MASP2_Helo_CM,140
2014,4028.0,15.038941224314843,MASP2_Helo_CM,140
2015,4030.0,13.910243877896711,MASP2_Helo_CM,140
2016,4032.0,16.13418609691023,MASP2_Helo_CM,140
2017,4034.0,14.543726085437562,MASP2_Helo_CM,140
2018,4036.0,14.316944860958465,MASP2_Helo_CM,140
2019,4038.0,14.531047523820028,MASP2_Helo_CM,140
2020,4040.0,14.09289050502015,MASP2_Helo_CM,140
2021,4042.0,14.496748337785174,MASP2_Helo_CM,140
2022,4044.0,15.158784590010162,MASP2_Helo_CM,140
2023,4046.0,14.38805685002186,MASP2_Helo_CM,140
2024,4048.0,13.826537640792866,MASP2_Helo_CM,140
2025,4050.0,14.300167380665105,MASP2_Helo_CM,140
2026,4052.0,15.14886368520185,MASP2_Helo_CM,140
2027,4054.0,14.823184114577257,MASP2_Helo_CM,140
2028,4056.0,15.107849514320128,MASP2_Helo_CM,140
2029,4058.0,13.433683759086689,MASP2_Helo_CM,140
2030,4060.0,14.344299389144252,MASP2_Helo_CM,140
2031,4062.0,14.728155313061162,MASP2_Helo_CM,140
2032,4064.0,14.21392376383829,MASP2_Helo_CM,140
2033,4066.0,13.605608352110002,MASP2_Helo_CM,140
2034,4068.0,17.067280322737535,MASP2_Helo_CM,140
2035,4070.0,15.907471123025017,MASP2_Helo_CM,140
2036,4072.0,16.347624047823835,MASP2_Helo_CM,140
2037,4074.0,16.66927979450657,MASP2_Helo_CM,140
2038,4076.0,16.427831852937324,MASP2_Helo_CM,140
2039,4078.0,16.923255818913333,MASP2_Helo_CM,140
2040,4080.0,16.1278389038517,MASP2_Helo_CM,140
2041,4082.0,15.973765331622147,MASP2_Helo_CM,140
2042,4084.0,15.102238163023486,MASP2_Helo_CM,140
2043,4086.0,15.97070064506519,MASP2_Helo_CM,140
2044,4088.0,16.08523420807837,MASP2_Helo_CM,140
2045,4090.0,15.926796297048787,MASP2_Helo_CM,140
2046,4092.0,16.054461279881046,MASP2_Helo_CM,140
2047,4094.0,14.185182771776102,MASP2_Helo_CM,140
2048,4096.0,15.881876607665303,MASP2_Helo_CM,140
2049,4098.0,15.714355552065843,MASP2_Helo_CM,140
2050,4100.0,16.03923751441192,MASP2_Helo_CM,140
2051,4102.0,15.450223530497803,MASP2_Helo_CM,140
2052,4104.0,15.394726688920155,MASP2_Helo_CM,140
2053,4106.0,15.422540281395566,MASP2_Helo_CM,140
2054,4108.0,15.409868813515859,MASP2_Helo_CM,140
2055,4110.0,16.092078718629388,MASP2_Helo_CM,140
2056,4112.0,15.153493124388433,MASP2_Helo_CM,140
2057,4114.0,15.273436982525222,MASP2_Helo_CM,140
2058,4116.0,15.886483178445086,MASP2_Helo_CM,140
2059,4118.0,16.783308786588485,MASP2_Helo_CM,140
2060,4120.0,16.105554082400992,MASP2_Helo_CM,140
2061,4122.0,16.03523938136785,MASP2_Helo_CM,140
2062,4124.0,15.452281327868645,MASP2_Helo_CM,140
2063,4126.0,16.564445838279866,MASP2_Helo_CM,140
2064,4128.0,16.501566623226562,MASP2_Helo_CM,140
2065,4130.0,16.2322509959915,MASP2_Helo_CM,140
2066,4132.0,16.113719374740764,MASP2_Helo_CM,140
2067,4134.0,15.281771579813464,MASP2_Helo_CM,140
2068,4136.0,15.698626875196565,MASP2_Helo_CM,140
2069,4138.0,15.85206168455358,MASP2_Helo_CM,140
2070,4140.0,15.979372528912627,MASP2_Helo_CM,140
2071,4142.0,14.84315862475365,MASP2_Helo_CM,140
2072,4144.0,13.593280769307851,MASP2_Helo_CM,140
2073,4146.0,15.143377015035774,MASP2_Helo_CM,140
2074,4148.0,14.797443460188592,MASP2_Helo_CM,140
2075,4150.0,15.65822233023275,MASP2_Helo_CM,140
2076,4152.0,16.138684947259684,MASP2_Helo_CM,140
2077,4154.0,15.49784689829784,MASP2_Helo_CM,140
2078,4156.0,15.112348069310888,MASP2_Helo_CM,140
2079,4158.0,13.557949781143934,MASP2_Helo_CM,140
2080,4160.0,13.678000901216649,MASP2_Helo_CM,140
2081,4162.0,12.318855121822113,MASP2_Helo_CM,140
2082,4164.0,13.12935602224847,MASP2_Helo_CM,140
2083,4166.0,12.101973448243339,MASP2_Helo_CM,140
2084,4168.0,13.291588339874268,MASP2_Helo_CM,140
2085,4170.0,13.788719645364354,MASP2_Helo_CM,140
2086,4172.0,13.36895508862858,MASP2_Helo_CM,140
2087,4174.0,12.730304448429752,MASP2_Helo_CM,140
2088,4176.0,12.498092016744977,MASP2_Helo_CM,140
2089,4178.0,13.177794302156705,MASP2_Helo_CM,140
2090,4180.0,12.518099587882832,MASP2_Helo_CM,140
2091,4182.0,12.733591009868881,MASP2_Helo_CM,140
2092,4184.0,12.867599216664367,MASP2_Helo_CM,140
2093,4186.0,11.748732301386436,MASP2_Helo_CM,140
2094,4188.0,12.412542281883079,MASP2_Helo_CM,140
2095,4190.0,11.92037374643463,MASP2_Helo_CM,140
2096,4192.0,12.61826487623873,MASP2_Helo_CM,140
2097,4194.0,11.943171018748599,MASP2_Helo_CM,140
2098,4196.0,13.551664886833699,MASP2_Helo_CM,140
2099,4198.0,12.90156792030741,MASP2_Helo_CM,140
2100,4200.0,12.5105502444179,MASP2_Helo_CM,140
2101,4202.0,12.369435372953363,MASP2_Helo_CM,140
2102,4204.0,12.762594624687207,MASP2_Helo_CM,140
2103,4206.0,12.253093025307779,MASP2_Helo_CM,140
2104,4208.0,12.933985483669177,MASP2_Helo_CM,140
2105,4210.0,12.192066986870076,MASP2_Helo_CM,140
2106,4212.0,12.807606096888202,MASP2_Helo_CM,140
2107,4214.0,12.202989349487874,MASP2_Helo_CM,140
2108,4216.0,12.37274299872276,MASP2_Helo_CM,140
2109,4218.0,11.838131839400916,MASP2_Helo_CM,140
2110,4220.0,12.567192474465157,MASP2_Helo_CM,140
2111,4222.0,12.119153403751147,MASP2_Helo_CM,140
2112,4224.0,11.945134973619396,MASP2_Helo_CM,140
2113,4226.0,12.527974823769755,MASP2_Helo_CM,140
2114,4228.0,11.594160916298852,MASP2_Helo_CM,140
2115,4230.0,12.119471501344826,MASP2_Helo_CM,140
2116,4232.0,11.777346491068235,MASP2_Helo_CM,140
2117,4234.0,11.657231255410563,MASP2_Helo_CM,140
2118,4236.0,12.524514334397287,MASP2_Helo_CM,140
2119,4238.0,12.823139274455686,MASP2_Helo_CM,140
2120,4240.0,13.117044557714594,MASP2_Helo_CM,140
2121,4242.0,12.814925010515903,MASP2_Helo_CM,140
2122,4244.0,13.412001876446714,MASP2_Helo_CM,140
2123,4246.0,13.057329038944232,MASP2_Helo_CM,140
2124,4248.0,12.416433992657758,MASP2_Helo_CM,140
2125,4250.0,12.47316483920567,MASP2_Helo_CM,140
2126,4252.0,13.11241826728869,MASP2_Helo_CM,140
2127,4254.0,11.927379601641992,MASP2_Helo_CM,140
2128,4256.0,12.865941432189413,MASP2_Helo_CM,140
2129,4258.0,12.877420256814652,MASP2_Helo_CM,140
2130,4260.0,12.442123528292788,MASP2_Helo_CM,140
2131,4262.0,12.848352520639033,MASP2_Helo_CM,140
2132,4264.0,13.181438420092844,MASP2_Helo_CM,140
2133,4266.0,12.60689221900008,MASP2_Helo_CM,140
2134,4268.0,11.812784806448605,MASP2_Helo_CM,140
2135,4270.0,12.49003117895834,MASP2_Helo_CM,140
2136,4272.0,12.194333822740317,MASP2_Helo_CM,140
2137,4274.0,12.75440126853579,MASP2_Helo_CM,140
2138,4276.0,12.584568177900168,MASP2_Helo_CM,140
2139,4278.0,12.54719516129202,MASP2_Helo_CM,140
2140,4280.0,12.05807097992763,MASP2_Helo_CM,140
2141,4282.0,12.307586782842073,MASP2_Helo_CM,140
2142,4284.0,12.004570085438193,MASP2_Helo_CM,140
2143,4286.0,12.97642975157078,MASP2_Helo_CM,140
2144,4288.0,12.870135771315459,MASP2_Helo_CM,140
2145,4290.0,12.48718508225372,MASP2_Helo_CM,140
2146,4292.0,12.25215078269812,MASP2_Helo_CM,140
2147,4294.0,13.79579275678652,MASP2_Helo_CM,140
2148,4296.0,14.348498686550034,MASP2_Helo_CM,140
2149,4298.0,12.739156264152074,MASP2_Helo_CM,140
2150,4300.0,12.05305756405836,MASP2_Helo_CM,140
2151,4302.0,12.709935385983727,MASP2_Helo_CM,140
2152,4304.0,12.64065242004968,MASP2_Helo_CM,140
2153,4306.0,12.31484370746942,MASP2_Helo_CM,140
2154,4308.0,12.600556702384058,MASP2_Helo_CM,140
2155,4310.0,12.36455288674602,MASP2_Helo_CM,140
2156,4312.0,12.843686815212397,MASP2_Helo_CM,140
2157,4314.0,12.465836728596324,MASP2_Helo_CM,140
2158,4316.0,12.301193490078335,MASP2_Helo_CM,140
2159,4318.0,13.348439723896584,MASP2_Helo_CM,140
2160,4320.0,12.378955744609675,MASP2_Helo_CM,140
2161,4322.0,12.301361834211189,MASP2_Helo_CM,140
2162,4324.0,12.591111778950511,MASP2_Helo_CM,140
2163,4326.0,13.202132449713469,MASP2_Helo_CM,140
2164,4328.0,12.221124531116034,MASP2_Helo_CM,140
2165,4330.0,12.790100513393092,MASP2_Helo_CM,140
2166,4332.0,12.680642862528714,MASP2_Helo_CM,140
2167,4334.0,12.246170184016623,MASP2_Helo_CM,140
2168,4336.0,12.375155484821246,MASP2_Helo_CM,140
2169,4338.0,13.302201808294202,MASP2_Helo_CM,140
2170,4340.0,12.546330361645323,MASP2_Helo_CM,140
2171,4342.0,12.62251149443155,MASP2_Helo_CM,140
2172,4344.0,12.476425693802913,MASP2_Helo_CM,140
2173,4346.0,13.025456248803422,MASP2_Helo_CM,140
2174,4348.0,12.410880094293054,MASP2_Helo_CM,140
2175,4350.0,12.415712528987182,MASP2_Helo_CM,140
2176,4352.0,12.385618855989147,MASP2_Helo_CM,140
2177,4354.0,13.266155092097458,MASP2_Helo_CM,140
2178,4356.0,12.623668142263393,MASP2_Helo_CM,140
2179,4358.0,13.642632373308727,MASP2_Helo_CM,140
2180,4360.0,12.665751136219923,MASP2_Helo_CM,140
2181,4362.0,11.935175610521892,MASP2_Helo_CM,140
2182,4364.0,12.563909310547483,MASP2_Helo_CM,140
2183,4366.0,12.944683689244012,MASP2_Helo_CM,140
2184,4368.0,12.891435564030871,MASP2_Helo_CM,140
2185,4370.0,13.161409932181535,MASP2_Helo_CM,140
2186,4372.0,14.790024523991592,MASP2_Helo_CM,140
2187,4374.0,14.17602029565863,MASP2_Helo_CM,140
2188,4376.0,13.718907745369348,MASP2_Helo_CM,140
2189,4378.0,13.664782697069185,MASP2_Helo_CM,140
2190,4380.0,13.08797160137618,MASP2_Helo_CM,140
2191,4382.0,12.982626523370795,MASP2_Helo_CM,140
2192,4384.0,13.428406343789588,MASP2_Helo_CM,140
2193,4386.0,13.607617508639242,MASP2_Helo_CM,140
2194,4388.0,13.79976483632128,MASP2_Helo_CM,140
2195,4390.0,13.515067388680261,MASP2_Helo_CM,140
2196,4392.0,13.639243314702991,MASP2_Helo_CM,140
2197,4394.0,13.226367068726988,MASP2_Helo_CM,140
2198,4396.0,14.478091104625735,MASP2_Helo_CM,140
2199,4398.0,13.96356067467332,MASP2_Helo_CM,140
2200,4400.0,14.590780972513604,MASP2_Helo_CM,140
2201,4402.0,13.705530634708428,MASP2_Helo_CM,140
2202,4404.0,13.325013966178949,MASP2_Helo_CM,140
2203,4406.0,12.078622147371227,MASP2_Helo_CM,140
2204,4408.0,12.533684358873188,MASP2_Helo_CM,140
2205,4410.0,13.617221053393486,MASP2_Helo_CM,140
2206,4412.0,14.111901789986272,MASP2_Helo_CM,140
2207,4414.0,12.541060609960004,MASP2_Helo_CM,140
2208,4416.0,12.548255498669993,MASP2_Helo_CM,140
2209,4418.0,12.39772179919962,MASP2_Helo_CM,140
2210,4420.0,12.91962390274456,MASP2_Helo_CM,140
2211,4422.0,12.470635648992257,MASP2_Helo_CM,140
2212,4424.0,14.514714938647518,MASP2_Helo_CM,140
2213,4426.0,15.160687055794805,MASP2_Helo_CM,140
2214,4428.0,15.32892970476623,MASP2_Helo_CM,140
2215,4430.0,14.850924516845248,MASP2_Helo_CM,140
2216,4432.0,13.07997685489788,MASP2_Helo_CM,140
2217,4434.0,15.274350224742005,MASP2_Helo_CM,140
2218,4436.0,15.172678222729592,MASP2_Helo_CM,140
2219,4438.0,14.00579072944702,MASP2_Helo_CM,140
2220,4440.0,14.155623939857193,MASP2_Helo_CM,140
2221,4442.0,14.47722769059618,MASP2_Helo_CM,140
2222,4444.0,13.902476086023574,MASP2_Helo_CM,140
2223,4446.0,14.551367591658106,MASP2_Helo_CM,140
2224,4448.0,15.482588212710258,MASP2_Helo_CM,140
2225,4450.0,15.31463094778482,MASP2_Helo_CM,140
2226,4452.0,15.06364468498594,MASP2_Helo_CM,140
2227,4454.0,15.603940243236273,MASP2_Helo_CM,140
2228,4456.0,16.382623125053797,MASP2_Helo_CM,140
2229,4458.0,16.486699150321616,MASP2_Helo_CM,140
2230,4460.0,16.11809820317856,MASP2_Helo_CM,140
2231,4462.0,15.303904291003985,MASP2_Helo_CM,140
2232,4464.0,16.943554000798134,MASP2_Helo_CM,140
2233,4466.0,16.072448111773255,MASP2_Helo_CM,140
2234,4468.0,16.134201946648446,MASP2_Helo_CM,140
2235,4470.0,13.589615729958409,MASP2_Helo_CM,140
2236,4472.0,13.10348377992011,MASP2_Helo_CM,140
2237,4474.0,13.459996411290213,MASP2_Helo_CM,140
2238,4476.0,14.242777963764661,MASP2_Helo_CM,140
2239,4478.0,13.857800346248931,MASP2_Helo_CM,140
2240,4480.0,13.38667748524343,MASP2_Helo_CM,140
2241,4482.0,13.120219869249917,MASP2_Helo_CM,140
2242,4484.0,14.13373763545658,MASP2_Helo_CM,140
2243,4486.0,13.788908845538598,MASP2_Helo_CM,140
2244,4488.0,13.778894176355278,MASP2_Helo_CM,140
2245,4490.0,14.428347813133467,MASP2_Helo_CM,140
2246,4492.0,13.879507576417698,MASP2_Helo_CM,140
2247,4494.0,13.329901052224043,MASP2_Helo_CM,140
2248,4496.0,13.607865108481164,MASP2_Helo_CM,140
2249,4498.0,14.535704819758063,MASP2_Helo_CM,140
2250,4500.0,13.175315298957672,MASP2_Helo_CM,140
2251,4502.0,13.651221738317254,MASP2_Helo_CM,140
2252,4504.0,12.099669403149168,MASP2_Helo_CM,140
2253,4506.0,12.600846967575182,MASP2_Helo_CM,140
2254,4508.0,13.280649198210842,MASP2_Helo_CM,140
2255,4510.0,13.795225465684922,MASP2_Helo_CM,140
2256,4512.0,13.028369892925259,MASP2_Helo_CM,140
2257,4514.0,12.902281817286635,MASP2_Helo_CM,140
2258,4516.0,12.29701592022081,MASP2_Helo_CM,140
2259,4518.0,12.860175402147188,MASP2_Helo_CM,140
2260,4520.0,12.736963220037573,MASP2_Helo_CM,140
2261,4522.0,13.0424851108729,MASP2_Helo_CM,140
2262,4524.0,12.97387602401172,MASP2_Helo_CM,140
2263,4526.0,12.147350873351217,MASP2_Helo_CM,140
2264,4528.0,12.931330969755184,MASP2_Helo_CM,140
2265,4530.0,12.485588894873684,MASP2_Helo_CM,140
2266,4532.0,12.792516008720968,MASP2_Helo_CM,140
2267,4534.0,12.855366950491625,MASP2_Helo_CM,140
2268,4536.0,12.237811918406544,MASP2_Helo_CM,140
2269,4538.0,12.027012288161423,MASP2_Helo_CM,140
2270,4540.0,13.364074470801672,MASP2_Helo_CM,140
2271,4542.0,13.420388478150558,MASP2_Helo_CM,140
2272,4544.0,12.037604095621587,MASP2_Helo_CM,140
2273,4546.0,12.519359878023899,MASP2_Helo_CM,140
2274,4548.0,11.353531363044906,MASP2_Helo_CM,140
2275,4550.0,12.38581769188928,MASP2_Helo_CM,140
2276,4552.0,12.383231346572085,MASP2_Helo_CM,140
2277,4554.0,12.63502268094137,MASP2_Helo_CM,140
2278,4556.0,12.49991972887153,MASP2_Helo_CM,140
2279,4558.0,12.69480733993173,MASP2_Helo_CM,140
2280,4560.0,12.222670311324157,MASP2_Helo_CM,140
2281,4562.0,12.770258367809891,MASP2_Helo_CM,140
2282,4564.0,12.13076701533903,MASP2_Helo_CM,140
2283,4566.0,12.283701705349499,MASP2_Helo_CM,140
2284,4568.0,12.293187873381376,MASP2_Helo_CM,140
2285,4570.0,13.343598782105326,MASP2_Helo_CM,140
2286,4572.0,11.987737504946555,MASP2_Helo_CM,140
2287,4574.0,12.625105951302311,MASP2_Helo_CM,140
2288,4576.0,12.196640733786612,MASP2_Helo_CM,140
2289,4578.0,12.424467713590023,MASP2_Helo_CM,140
2290,4580.0,11.65613573554017,MASP2_Helo_CM,140
2291,4582.0,11.262408610247187,MASP2_Helo_CM,140
2292,4584.0,12.421244069165613,MASP2_Helo_CM,140
2293,4586.0,12.213743159861087,MASP2_Helo_CM,140
2294,4588.0,11.421629091480765,MASP2_Helo_CM,140
2295,4590.0,11.272285508546258,MASP2_Helo_CM,140
2296,4592.0,11.321324879625756,MASP2_Helo_CM,140
2297,4594.0,11.605189033911893,MASP2_Helo_CM,140
2298,4596.0,11.853592392426101,MASP2_Helo_CM,140
2299,4598.0,11.822318112563535,MASP2_Helo_CM,140
2300,4600.0,12.320518655335144,MASP2_Helo_CM,140
2301,4602.0,12.943667998418732,MASP2_Helo_CM,140
2302,4604.0,14.300848326097505,MASP2_Helo_CM,140
2303,4606.0,12.649582135961792,MASP2_Helo_CM,140
2304,4608.0,10.760602847839372,MASP2_Helo_CM,140
2305,4610.0,12.614757537751437,MASP2_Helo_CM,140
2306,4612.0,10.889779218058969,MASP2_Helo_CM,140
2307,4614.0,11.437008669056324,MASP2_Helo_CM,140
2308,4616.0,12.238411318244491,MASP2_Helo_CM,140
2309,4618.0,13.17208928350911,MASP2_Helo_CM,140
2310,4620.0,11.611504945962205,MASP2_Helo_CM,140
2311,4622.0,11.340450859428833,MASP2_Helo_CM,140
2312,4624.0,12.488775989055144,MASP2_Helo_CM,140
2313,4626.0,12.462571495236636,MASP2_Helo_CM,140
2314,4628.0,10.432927384302602,MASP2_Helo_CM,140
2315,4630.0,10.771038639214268,MASP2_Helo_CM,140
2316,4632.0,11.231405665374286,MASP2_Helo_CM,140
2317,4634.0,11.249474508992167,MASP2_Helo_CM,140
2318,4636.0,11.284216384976569,MASP2_Helo_CM,140
2319,4638.0,10.935007806441906,MASP2_Helo_CM,140
2320,4640.0,11.290071858680625,MASP2_Helo_CM,140
2321,4642.0,10.892377980904705,MASP2_Helo_CM,140
2322,4644.0,9.95289663347783,MASP2_Helo_CM,140
2323,4646.0,11.811864840622933,MASP2_Helo_CM,140
2324,4648.0,10.618722660080753,MASP2_Helo_CM,140
2325,4650.0,10.230740543669887,MASP2_Helo_CM,140
2326,4652.0,11.355980152078635,MASP2_Helo_CM,140
2327,4654.0,11.855013462889,MASP2_Helo_CM,140
2328,4656.0,11.884225470744651,MASP2_Helo_CM,140
2329,4658.0,10.911802618523183,MASP2_Helo_CM,140
2330,4660.0,10.104897325872548,MASP2_Helo_CM,140
2331,4662.0,11.129615612084859,MASP2_Helo_CM,140
2332,4664.0,10.7792227764873,MASP2_Helo_CM,140
2333,4666.0,11.328339627418403,MASP2_Helo_CM,140
2334,4668.0,11.039776795189956,MASP2_Helo_CM,140
2335,4670.0,11.560816038927888,MASP2_Helo_CM,140
2336,4672.0,11.747719651435206,MASP2_Helo_CM,140
2337,4674.0,10.888236514635883,MASP2_Helo_CM,140
2338,4676.0,11.033665909828805,MASP2_Helo_CM,140
2339,4678.0,12.558506626727112,MASP2_Helo_CM,140
2340,4680.0,12.187343115704966,MASP2_Helo_CM,140
2341,4682.0,11.913348642265861,MASP2_Helo_CM,140
2342,4684.0,12.97060665041298,MASP2_Helo_CM,140
2343,4686.0,12.311288852973501,MASP2_Helo_CM,140
2344,4688.0,13.150055856223188,MASP2_Helo_CM,140
2345,4690.0,12.70200386022575,MASP2_Helo_CM,140
2346,4692.0,12.801413141364009,MASP2_Helo_CM,140
2347,4694.0,12.224801512646572,MASP2_Helo_CM,140
2348,4696.0,12.072931456640275,MASP2_Helo_CM,140
2349,4698.0,12.745888025863692,MASP2_Helo_CM,140
2350,4700.0,13.48356902711614,MASP2_Helo_CM,140
2351,4702.0,12.946459111909592,MASP2_Helo_CM,140
2352,4704.0,12.822977219420773,MASP2_Helo_CM,140
2353,4706.0,13.572179343832937,MASP2_Helo_CM,140
2354,4708.0,12.852496422668333,MASP2_Helo_CM,140
2355,4710.0,13.84190430380043,MASP2_Helo_CM,140
2356,4712.0,12.711696458680247,MASP2_Helo_CM,140
2357,4714.0,13.495663752121855,MASP2_Helo_CM,140
2358,4716.0,15.603116542284267,MASP2_Helo_CM,140
2359,4718.0,13.52547181478268,MASP2_Helo_CM,140
2360,4720.0,13.574439546005054,MASP2_Helo_CM,140
2361,4722.0,13.701146995898943,MASP2_Helo_CM,140
2362,4724.0,13.836551624511541,MASP2_Helo_CM,140
2363,4726.0,16.151880078833702,MASP2_Helo_CM,140
2364,4728.0,15.377728314113668,MASP2_Helo_CM,140
2365,4730.0,13.992538862192204,MASP2_Helo_CM,140
2366,4732.0,15.435817005497594,MASP2_Helo_CM,140
2367,4734.0,15.727709276293178,MASP2_Helo_CM,140
2368,4736.0,16.088034872724503,MASP2_Helo_CM,140
2369,4738.0,16.855452625730255,MASP2_Helo_CM,140
2370,4740.0,15.336846607382713,MASP2_Helo_CM,140
2371,4742.0,15.74530828805107,MASP2_Helo_CM,140
2372,4744.0,14.45628843210174,MASP2_Helo_CM,140
2373,4746.0,16.136541585163766,MASP2_Helo_CM,140
2374,4748.0,16.402676134789253,MASP2_Helo_CM,140
2375,4750.0,15.707679152514675,MASP2_Helo_CM,140
2376,4752.0,15.942350041127828,MASP2_Helo_CM,140
2377,4754.0,16.005555567869635,MASP2_Helo_CM,140
2378,4756.0,15.18646775012895,MASP2_Helo_CM,140
2379,4758.0,15.958332956867562,MASP2_Helo_CM,140
2380,4760.0,16.20493418175367,MASP2_Helo_CM,140
2381,4762.0,16.14498268361184,MASP2_Helo_CM,140
2382,4764.0,13.15616398063893,MASP2_Helo_CM,140
2383,4766.0,13.87943281915938,MASP2_Helo_CM,140
2384,4768.0,14.785785034147626,MASP2_Helo_CM,140
2385,4770.0,14.78934926689262,MASP2_Helo_CM,140
2386,4772.0,15.26680249076981,MASP2_Helo_CM,140
2387,4774.0,15.586059719336735,MASP2_Helo_CM,140
2388,4776.0,14.870618894172006,MASP2_Helo_CM,140
2389,4778.0,14.575503822503881,MASP2_Helo_CM,140
2390,4780.0,13.699338221509539,MASP2_Helo_CM,140
2391,4782.0,14.522058363389803,MASP2_Helo_CM,140
2392,4784.0,15.319862948311247,MASP2_Helo_CM,140
2393,4786.0,16.495571527662417,MASP2_Helo_CM,140
2394,4788.0,15.982552890996423,MASP2_Helo_CM,140
2395,4790.0,15.288770521493895,MASP2_Helo_CM,140
2396,4792.0,14.689760735446619,MASP2_Helo_CM,140
2397,4794.0,14.808785959936511,MASP2_Helo_CM,140
2398,4796.0,15.284647035645571,MASP2_Helo_CM,140
2399,4798.0,16.605002965660997,MASP2_Helo_CM,140
2400,4800.0,17.615779492033862,MASP2_Helo_CM,140
2401,4802.0,17.173062467639706,MASP2_Helo_CM,140
2402,4804.0,16.665694541682473,MASP2_Helo_CM,140
2403,4806.0,15.630154160132417,MASP2_Helo_CM,140
2404,4808.0,15.989842353632195,MASP2_Helo_CM,140
2405,4810.0,17.079519573412956,MASP2_Helo_CM,140
2406,4812.0,16.301689457774074,MASP2_Helo_CM,140
2407,4814.0,16.397868612983174,MASP2_Helo_CM,140
2408,4816.0,16.745485176880027,MASP2_Helo_CM,140
2409,4818.0,16.532119876383867,MASP2_Helo_CM,140
2410,4820.0,16.85750170340961,MASP2_Helo_CM,140
2411,4822.0,16.67039135428543,MASP2_Helo_CM,140
2412,4824.0,15.134103297803629,MASP2_Helo_CM,140
2413,4826.0,14.898724198545132,MASP2_Helo_CM,140
2414,4828.0,13.3087119413789,MASP2_Helo_CM,140
2415,4830.0,14.670029670599922,MASP2_Helo_CM,140
2416,4832.0,15.52229010224118,MASP2_Helo_CM,140
2417,4834.0,15.36017559489938,MASP2_Helo_CM,140
2418,4836.0,14.784060652404872,MASP2_Helo_CM,140
2419,4838.0,14.858020665994932,MASP2_Helo_CM,140
2420,4840.0,15.091813021259586,MASP2_Helo_CM,140
2421,4842.0,15.54010329026081,MASP2_Helo_CM,140
2422,4844.0,16.587321791519027,MASP2_Helo_CM,140
2423,4846.0,17.54502439357432,MASP2_Helo_CM,140
2424,4848.0,16.9514086371236,MASP2_Helo_CM,140
2425,4850.0,15.906239570901166,MASP2_Helo_CM,140
2426,4852.0,16.94138735402398,MASP2_Helo_CM,140
2427,4854.0,15.911207739199101,MASP2_Helo_CM,140
2428,4856.0,16.753948157073914,MASP2_Helo_CM,140
2429,4858.0,17.77585333004545,MASP2_Helo_CM,140
2430,4860.0,17.169371728623545,MASP2_Helo_CM,140
2431,4862.0,15.894013827393536,MASP2_Helo_CM,140
2432,4864.0,16.21566206983292,MASP2_Helo_CM,140
2433,4866.0,15.710085296400623,MASP2_Helo_CM,140
2434,4868.0,15.157219015614846,MASP2_Helo_CM,140
2435,4870.0,15.426105568205093,MASP2_Helo_CM,140
2436,4872.0,15.360818069073506,MASP2_Helo_CM,140
2437,4874.0,15.244970467997183,MASP2_Helo_CM,140
2438,4876.0,15.913011918788841,MASP2_Helo_CM,140
2439,4878.0,14.63998791499927,MASP2_Helo_CM,140
2440,4880.0,16.31165602486545,MASP2_Helo_CM,140
2441,4882.0,15.322810053449496,MASP2_Helo_CM,140
2442,4884.0,15.148966780811413,MASP2_Helo_CM,140
2443,4886.0,14.33259485383269,MASP2_Helo_CM,140
2444,4888.0,16.285526924954787,MASP2_Helo_CM,140
2445,4890.0,17.23926783447582,MASP2_Helo_CM,140
2446,4892.0,16.054766319169815,MASP2_Helo_CM,140
2447,4894.0,16.68824234995383,MASP2_Helo_CM,140
2448,4896.0,15.17378780274852,MASP2_Helo_CM,140
2449,4898.0,16.430626430363098,MASP2_Helo_CM,140
2450,4900.0,14.818248086454764,MASP2_Helo_CM,140
2451,4902.0,14.599960872789,MASP2_Helo_CM,140
2452,4904.0,15.288234659795469,MASP2_Helo_CM,140
2453,4906.0,15.108102677232736,MASP2_Helo_CM,140
2454,4908.0,14.654451392030513,MASP2_Helo_CM,140
2455,4910.0,15.453848508166997,MASP2_Helo_CM,140
2456,4912.0,14.460301280368467,MASP2_Helo_CM,140
2457,4914.0,15.34465470373508,MASP2_Helo_CM,140
2458,4916.0,15.782562019751314,MASP2_Helo_CM,140
2459,4918.0,14.540817869127403,MASP2_Helo_CM,140
2460,4920.0,14.747800484012146,MASP2_Helo_CM,140
2461,4922.0,15.68767103932582,MASP2_Helo_CM,140
2462,4924.0,15.552791427014602,MASP2_Helo_CM,140
2463,4926.0,14.452570889181331,MASP2_Helo_CM,140
2464,4928.0,15.590468994374127,MASP2_Helo_CM,140
2465,4930.0,16.471333885174122,MASP2_Helo_CM,140
2466,4932.0,16.74451226767046,MASP2_Helo_CM,140
2467,4934.0,17.583780067631402,MASP2_Helo_CM,140
2468,4936.0,14.890598931309755,MASP2_Helo_CM,140
2469,4938.0,13.742637341174191,MASP2_Helo_CM,140
2470,4940.0,15.347140491469656,MASP2_Helo_CM,140
2471,4942.0,17.523103503341,MASP2_Helo_CM,140
2472,4944.0,16.22923458686591,MASP2_Helo_CM,140
2473,4946.0,14.763860800834486,MASP2_Helo_CM,140
2474,4948.0,14.551259872522081,MASP2_Helo_CM,140
2475,4950.0,13.823460825971916,MASP2_Helo_CM,140
2476,4952.0,13.948648884208474,MASP2_Helo_CM,140
2477,4954.0,15.714934979915478,MASP2_Helo_CM,140
2478,4956.0,15.34789602688012,MASP2_Helo_CM,140
2479,4958.0,17.155904700994782,MASP2_Helo_CM,140
2480,4960.0,16.43539917609871,MASP2_Helo_CM,140
2481,4962.0,16.114594162030848,MASP2_Helo_CM,140
2482,4964.0,16.327828569304597,MASP2_Helo_CM,140
2483,4966.0,14.36348636719414,MASP2_Helo_CM,140
2484,4968.0,15.16468115892036,MASP2_Helo_CM,140
2485,4970.0,15.737865709930553,MASP2_Helo_CM,140
2486,4972.0,15.904413337955775,MASP2_Helo_CM,140
2487,4974.0,15.85194901742134,MASP2_Helo_CM,140
2488,4976.0,14.429353164724098,MASP2_Helo_CM,140
2489,4978.0,15.255999283334543,MASP2_Helo_CM,140
2490,4980.0,15.002669781110914,MASP2_Helo_CM,140
2491,4982.0,16.331386739046042,MASP2_Helo_CM,140
2492,4984.0,17.14188059348968,MASP2_Helo_CM,140
2493,4986.0,16.979161985338532,MASP2_Helo_CM,140
2494,4988.0,16.85124170841594,MASP2_Helo_CM,140
2495,4990.0,17.063867937761255,MASP2_Helo_CM,140
2496,4992.0,15.715251202104806,MASP2_Helo_CM,140
2497,4994.0,16.69590701242922,MASP2_Helo_CM,140
2498,4996.0,15.296477834295848,MASP2_Helo_CM,140
2499,4998.0,14.75423017459392,MASP2_Helo_CM,140
0,0.0,39.25202223504789,MASP2_Helo_CM,131
1,2.0,39.7339764722985,MASP2_Helo_CM,131
2,4.0,38.481659973645115,MASP2_Helo_CM,131
3,6.0,38.379114283460765,MASP2_Helo_CM,131
4,8.0,38.09191881917582,MASP2_Helo_CM,131
5,10.0,37.651181056729136,MASP2_Helo_CM,131
6,12.0,38.538617546506586,MASP2_Helo_CM,131
7,14.0,39.07106356148363,MASP2_Helo_CM,131
8,16.0,36.73124297710823,MASP2_Helo_CM,131
9,18.0,39.37213493220216,MASP2_Helo_CM,131
10,20.0,38.405143221761726,MASP2_Helo_CM,131
11,22.0,38.98373633465109,MASP2_Helo_CM,131
12,24.0,41.10253817070098,MASP2_Helo_CM,131
13,26.0,38.59512434881218,MASP2_Helo_CM,131
14,28.0,40.26743556957796,MASP2_Helo_CM,131
15,30.0,44.00729111490497,MASP2_Helo_CM,131
16,32.0,45.589172256557724,MASP2_Helo_CM,131
17,34.0,43.01318978782648,MASP2_Helo_CM,131
18,36.0,48.63166323882842,MASP2_Helo_CM,131
19,38.0,47.46929618467238,MASP2_Helo_CM,131
20,40.0,45.49952817773744,MASP2_Helo_CM,131
21,42.0,43.72452808258721,MASP2_Helo_CM,131
22,44.0,43.7722931748339,MASP2_Helo_CM,131
23,46.0,45.09282534559035,MASP2_Helo_CM,131
24,48.0,47.19182434301962,MASP2_Helo_CM,131
25,50.0,47.690807151180145,MASP2_Helo_CM,131
26,52.0,48.30879033287168,MASP2_Helo_CM,131
27,54.0,45.91880758609767,MASP2_Helo_CM,131
28,56.0,48.5590638882733,MASP2_Helo_CM,131
29,58.0,45.323150235951694,MASP2_Helo_CM,131
30,60.0,43.83737455020572,MASP2_Helo_CM,131
31,62.0,44.664324431364655,MASP2_Helo_CM,131
32,64.0,44.246166056577046,MASP2_Helo_CM,131
33,66.0,41.97150963307133,MASP2_Helo_CM,131
34,68.0,42.579768129812905,MASP2_Helo_CM,131
35,70.0,44.11840118313936,MASP2_Helo_CM,131
36,72.0,41.38554660564341,MASP2_Helo_CM,131
37,74.0,40.54591948937186,MASP2_Helo_CM,131
38,76.0,42.780000162668216,MASP2_Helo_CM,131
39,78.0,41.97540637081478,MASP2_Helo_CM,131
40,80.0,41.75947436818532,MASP2_Helo_CM,131
41,82.0,43.56580084377915,MASP2_Helo_CM,131
42,84.0,40.04670287259833,MASP2_Helo_CM,131
43,86.0,41.28388706957044,MASP2_Helo_CM,131
44,88.0,42.19790294749028,MASP2_Helo_CM,131
45,90.0,40.063044120634586,MASP2_Helo_CM,131
46,92.0,42.62797892741253,MASP2_Helo_CM,131
47,94.0,45.91924752885941,MASP2_Helo_CM,131
48,96.0,41.392769012235796,MASP2_Helo_CM,131
49,98.0,42.221331361649675,MASP2_Helo_CM,131
50,100.0,43.880181508252704,MASP2_Helo_CM,131
51,102.0,44.642878767080205,MASP2_Helo_CM,131
52,104.0,44.12392931442929,MASP2_Helo_CM,131
53,106.0,43.91141224356528,MASP2_Helo_CM,131
54,108.0,42.85710331533806,MASP2_Helo_CM,131
55,110.0,40.83312477501423,MASP2_Helo_CM,131
56,112.0,43.144707374357864,MASP2_Helo_CM,131
57,114.0,42.75507860760438,MASP2_Helo_CM,131
58,116.0,44.05870437644696,MASP2_Helo_CM,131
59,118.0,44.422781097177,MASP2_Helo_CM,131
60,120.0,43.16623015414275,MASP2_Helo_CM,131
61,122.0,41.703337546703594,MASP2_Helo_CM,131
62,124.0,46.554072749972214,MASP2_Helo_CM,131
63,126.0,48.65393210554837,MASP2_Helo_CM,131
64,128.0,51.68418737979725,MASP2_Helo_CM,131
65,130.0,50.596209610618956,MASP2_Helo_CM,131
66,132.0,51.48300121450763,MASP2_Helo_CM,131
67,134.0,50.775461439532855,MASP2_Helo_CM,131
68,136.0,47.860878445799,MASP2_Helo_CM,131
69,138.0,48.36860006320888,MASP2_Helo_CM,131
70,140.0,49.013729188339155,MASP2_Helo_CM,131
71,142.0,47.34019067387807,MASP2_Helo_CM,131
72,144.0,49.17005311049361,MASP2_Helo_CM,131
73,146.0,50.70608989044079,MASP2_Helo_CM,131
74,148.0,50.82179467646678,MASP2_Helo_CM,131
75,150.0,48.87656252783592,MASP2_Helo_CM,131
76,152.0,50.15588019245035,MASP2_Helo_CM,131
77,154.0,47.867872332895345,MASP2_Helo_CM,131
78,156.0,46.90111196851055,MASP2_Helo_CM,131
79,158.0,48.41833140435494,MASP2_Helo_CM,131
80,160.0,46.71919269974646,MASP2_Helo_CM,131
81,162.0,45.443856578291715,MASP2_Helo_CM,131
82,164.0,46.82643635360661,MASP2_Helo_CM,131
83,166.0,50.57983001994854,MASP2_Helo_CM,131
84,168.0,48.67037434073538,MASP2_Helo_CM,131
85,170.0,50.02069913770487,MASP2_Helo_CM,131
86,172.0,52.5833586674471,MASP2_Helo_CM,131
87,174.0,52.64977894995971,MASP2_Helo_CM,131
88,176.0,52.51699335072842,MASP2_Helo_CM,131
89,178.0,48.87475938585684,MASP2_Helo_CM,131
90,180.0,47.93030156232125,MASP2_Helo_CM,131
91,182.0,48.01299143999701,MASP2_Helo_CM,131
92,184.0,51.02739056939755,MASP2_Helo_CM,131
93,186.0,51.36253500926935,MASP2_Helo_CM,131
94,188.0,49.08374265593638,MASP2_Helo_CM,131
95,190.0,47.882065142005146,MASP2_Helo_CM,131
96,192.0,46.83264305727737,MASP2_Helo_CM,131
97,194.0,42.05231448797955,MASP2_Helo_CM,131
98,196.0,44.78776081634577,MASP2_Helo_CM,131
99,198.0,46.85879601394429,MASP2_Helo_CM,131
100,200.0,46.35087408256092,MASP2_Helo_CM,131
101,202.0,46.19639702306362,MASP2_Helo_CM,131
102,204.0,43.25575652655466,MASP2_Helo_CM,131
103,206.0,45.614390756524635,MASP2_Helo_CM,131
104,208.0,45.9675614273974,MASP2_Helo_CM,131
105,210.0,44.09934670699327,MASP2_Helo_CM,131
106,212.0,43.529037168563484,MASP2_Helo_CM,131
107,214.0,43.48387756308337,MASP2_Helo_CM,131
108,216.0,39.6752340252842,MASP2_Helo_CM,131
109,218.0,41.110077758367055,MASP2_Helo_CM,131
110,220.0,40.75094582023507,MASP2_Helo_CM,131
111,222.0,42.82693744476778,MASP2_Helo_CM,131
112,224.0,42.45278267649453,MASP2_Helo_CM,131
113,226.0,38.351276784078614,MASP2_Helo_CM,131
114,228.0,42.97951648370175,MASP2_Helo_CM,131
115,230.0,40.79816168068557,MASP2_Helo_CM,131
116,232.0,41.33552113299931,MASP2_Helo_CM,131
117,234.0,40.023829866225896,MASP2_Helo_CM,131
118,236.0,38.30225414509356,MASP2_Helo_CM,131
119,238.0,37.2562619465872,MASP2_Helo_CM,131
120,240.0,38.49533906882884,MASP2_Helo_CM,131
121,242.0,41.679322582374674,MASP2_Helo_CM,131
122,244.0,42.15794737772286,MASP2_Helo_CM,131
123,246.0,37.50563959023206,MASP2_Helo_CM,131
124,248.0,36.66574719904443,MASP2_Helo_CM,131
125,250.0,38.39960949470272,MASP2_Helo_CM,131
126,252.0,34.14359155789749,MASP2_Helo_CM,131
127,254.0,34.37217926823791,MASP2_Helo_CM,131
128,256.0,29.402899585380094,MASP2_Helo_CM,131
129,258.0,28.832793657978847,MASP2_Helo_CM,131
130,260.0,25.885385572273325,MASP2_Helo_CM,131
131,262.0,27.652258209838386,MASP2_Helo_CM,131
132,264.0,30.6723049194261,MASP2_Helo_CM,131
133,266.0,28.678903163413676,MASP2_Helo_CM,131
134,268.0,27.661543517717295,MASP2_Helo_CM,131
135,270.0,27.07111645320005,MASP2_Helo_CM,131
136,272.0,25.856673805131177,MASP2_Helo_CM,131
137,274.0,25.764148742235847,MASP2_Helo_CM,131
138,276.0,25.92724854132556,MASP2_Helo_CM,131
139,278.0,26.94990139964804,MASP2_Helo_CM,131
140,280.0,29.031189245007713,MASP2_Helo_CM,131
141,282.0,31.373023632813087,MASP2_Helo_CM,131
142,284.0,30.757959431672067,MASP2_Helo_CM,131
143,286.0,31.28298290231003,MASP2_Helo_CM,131
144,288.0,32.822390935418056,MASP2_Helo_CM,131
145,290.0,33.17312805362453,MASP2_Helo_CM,131
146,292.0,32.050411728016726,MASP2_Helo_CM,131
147,294.0,32.032475731648795,MASP2_Helo_CM,131
148,296.0,33.43806220824181,MASP2_Helo_CM,131
149,298.0,33.09239891485154,MASP2_Helo_CM,131
150,300.0,34.75506449653802,MASP2_Helo_CM,131
151,302.0,33.11489399792868,MASP2_Helo_CM,131
152,304.0,33.24363089226348,MASP2_Helo_CM,131
153,306.0,32.473516292590844,MASP2_Helo_CM,131
154,308.0,31.585940479949787,MASP2_Helo_CM,131
155,310.0,30.472291024181473,MASP2_Helo_CM,131
156,312.0,33.02330780460756,MASP2_Helo_CM,131
157,314.0,33.67239105697722,MASP2_Helo_CM,131
158,316.0,37.953877466553394,MASP2_Helo_CM,131
159,318.0,36.856564873025256,MASP2_Helo_CM,131
160,320.0,36.05096490589922,MASP2_Helo_CM,131
161,322.0,34.447663896574454,MASP2_Helo_CM,131
162,324.0,34.66960143239973,MASP2_Helo_CM,131
163,326.0,37.65564648052213,MASP2_Helo_CM,131
164,328.0,37.2683516748538,MASP2_Helo_CM,131
165,330.0,36.800971724033694,MASP2_Helo_CM,131
166,332.0,36.97944350452838,MASP2_Helo_CM,131
167,334.0,36.411074636264374,MASP2_Helo_CM,131
168,336.0,38.34969535434528,MASP2_Helo_CM,131
169,338.0,34.469602408853376,MASP2_Helo_CM,131
170,340.0,38.70598245910197,MASP2_Helo_CM,131
171,342.0,35.783061100366396,MASP2_Helo_CM,131
172,344.0,36.26505528323481,MASP2_Helo_CM,131
173,346.0,37.90645396552169,MASP2_Helo_CM,131
174,348.0,37.22661100328238,MASP2_Helo_CM,131
175,350.0,39.609384342345834,MASP2_Helo_CM,131
176,352.0,38.00974283132878,MASP2_Helo_CM,131
177,354.0,39.41936168007968,MASP2_Helo_CM,131
178,356.0,42.111322653585525,MASP2_Helo_CM,131
179,358.0,42.52937030386311,MASP2_Helo_CM,131
180,360.0,42.0584177381808,MASP2_Helo_CM,131
181,362.0,38.58821883203098,MASP2_Helo_CM,131
182,364.0,40.38943068642453,MASP2_Helo_CM,131
183,366.0,41.306881029828176,MASP2_Helo_CM,131
184,368.0,42.92550052554083,MASP2_Helo_CM,131
185,370.0,45.51867359040894,MASP2_Helo_CM,131
186,372.0,40.603501066412726,MASP2_Helo_CM,131
187,374.0,39.27993847718167,MASP2_Helo_CM,131
188,376.0,41.699466370776825,MASP2_Helo_CM,131
189,378.0,42.18479604374705,MASP2_Helo_CM,131
190,380.0,42.30640580568889,MASP2_Helo_CM,131
191,382.0,40.9521241903983,MASP2_Helo_CM,131
192,384.0,41.380062987315426,MASP2_Helo_CM,131
193,386.0,41.756026615267324,MASP2_Helo_CM,131
194,388.0,41.18957235070864,MASP2_Helo_CM,131
195,390.0,40.27291712455173,MASP2_Helo_CM,131
196,392.0,42.04740775422211,MASP2_Helo_CM,131
197,394.0,39.64060422986466,MASP2_Helo_CM,131
198,396.0,41.23391889207147,MASP2_Helo_CM,131
199,398.0,40.73234055636748,MASP2_Helo_CM,131
200,400.0,42.354057506577526,MASP2_Helo_CM,131
201,402.0,44.803144870146056,MASP2_Helo_CM,131
202,404.0,45.934815640458524,MASP2_Helo_CM,131
203,406.0,42.74988791502064,MASP2_Helo_CM,131
204,408.0,45.516311462321426,MASP2_Helo_CM,131
205,410.0,41.84304577807575,MASP2_Helo_CM,131
206,412.0,45.20643017684205,MASP2_Helo_CM,131
207,414.0,45.73687366524648,MASP2_Helo_CM,131
208,416.0,42.48897635444635,MASP2_Helo_CM,131
209,418.0,45.57730659429011,MASP2_Helo_CM,131
210,420.0,43.728470178739975,MASP2_Helo_CM,131
211,422.0,43.42931479215148,MASP2_Helo_CM,131
212,424.0,44.340412685459526,MASP2_Helo_CM,131
213,426.0,40.34806512552378,MASP2_Helo_CM,131
214,428.0,40.2892665134872,MASP2_Helo_CM,131
215,430.0,42.23530158436781,MASP2_Helo_CM,131
216,432.0,44.386612292541464,MASP2_Helo_CM,131
217,434.0,43.292012534351585,MASP2_Helo_CM,131
218,436.0,43.32121503138676,MASP2_Helo_CM,131
219,438.0,43.64957775355984,MASP2_Helo_CM,131
220,440.0,40.55768219834423,MASP2_Helo_CM,131
221,442.0,42.69088316841035,MASP2_Helo_CM,131
222,444.0,39.42500018712696,MASP2_Helo_CM,131
223,446.0,42.27691792758921,MASP2_Helo_CM,131
224,448.0,39.296137417790234,MASP2_Helo_CM,131
225,450.0,41.4840569596572,MASP2_Helo_CM,131
226,452.0,41.09243701572522,MASP2_Helo_CM,131
227,454.0,43.12847926667407,MASP2_Helo_CM,131
228,456.0,39.950526062612795,MASP2_Helo_CM,131
229,458.0,42.62000342422546,MASP2_Helo_CM,131
230,460.0,41.34950829856748,MASP2_Helo_CM,131
231,462.0,39.15180416154303,MASP2_Helo_CM,131
232,464.0,39.89225284765953,MASP2_Helo_CM,131
233,466.0,36.68833426377105,MASP2_Helo_CM,131
234,468.0,37.14551776140641,MASP2_Helo_CM,131
235,470.0,36.841090858320904,MASP2_Helo_CM,131
236,472.0,36.61680931303159,MASP2_Helo_CM,131
237,474.0,33.213222680716996,MASP2_Helo_CM,131
238,476.0,35.321893777858044,MASP2_Helo_CM,131
239,478.0,37.770206947354254,MASP2_Helo_CM,131
240,480.0,40.44794026561149,MASP2_Helo_CM,131
241,482.0,40.77767219776134,MASP2_Helo_CM,131
242,484.0,40.45200506516617,MASP2_Helo_CM,131
243,486.0,41.07174510895556,MASP2_Helo_CM,131
244,488.0,39.30955780143518,MASP2_Helo_CM,131
245,490.0,37.1130494614259,MASP2_Helo_CM,131
246,492.0,36.83107803499397,MASP2_Helo_CM,131
247,494.0,38.28031817975746,MASP2_Helo_CM,131
248,496.0,37.903862518051106,MASP2_Helo_CM,131
249,498.0,40.02664509506892,MASP2_Helo_CM,131
250,500.0,42.268225270249104,MASP2_Helo_CM,131
251,502.0,40.92593746457422,MASP2_Helo_CM,131
252,504.0,38.626024617905976,MASP2_Helo_CM,131
253,506.0,38.30484876518299,MASP2_Helo_CM,131
254,508.0,39.72996407970868,MASP2_Helo_CM,131
255,510.0,39.88048381577144,MASP2_Helo_CM,131
256,512.0,38.02067498635722,MASP2_Helo_CM,131
257,514.0,40.054182039036796,MASP2_Helo_CM,131
258,516.0,40.02277532321854,MASP2_Helo_CM,131
259,518.0,40.368362275324216,MASP2_Helo_CM,131
260,520.0,43.00414885139488,MASP2_Helo_CM,131
261,522.0,39.8748392691997,MASP2_Helo_CM,131
262,524.0,42.579724972649196,MASP2_Helo_CM,131
263,526.0,43.00187913385335,MASP2_Helo_CM,131
264,528.0,46.84420143503969,MASP2_Helo_CM,131
265,530.0,47.248887997895835,MASP2_Helo_CM,131
266,532.0,44.27798009634782,MASP2_Helo_CM,131
267,534.0,47.23586758317607,MASP2_Helo_CM,131
268,536.0,49.63417655450757,MASP2_Helo_CM,131
269,538.0,52.227101744838976,MASP2_Helo_CM,131
270,540.0,52.50649595595324,MASP2_Helo_CM,131
271,542.0,51.41008630833599,MASP2_Helo_CM,131
272,544.0,51.63016755044623,MASP2_Helo_CM,131
273,546.0,51.50427081290207,MASP2_Helo_CM,131
274,548.0,50.440445378428876,MASP2_Helo_CM,131
275,550.0,49.47750628879498,MASP2_Helo_CM,131
276,552.0,49.70592143882424,MASP2_Helo_CM,131
277,554.0,47.161680931045474,MASP2_Helo_CM,131
278,556.0,50.38686442759849,MASP2_Helo_CM,131
279,558.0,51.17111896584516,MASP2_Helo_CM,131
280,560.0,51.52096090102199,MASP2_Helo_CM,131
281,562.0,49.0365885713131,MASP2_Helo_CM,131
282,564.0,49.152970956764115,MASP2_Helo_CM,131
283,566.0,47.87772134989409,MASP2_Helo_CM,131
284,568.0,48.901289721224856,MASP2_Helo_CM,131
285,570.0,47.6806789491408,MASP2_Helo_CM,131
286,572.0,45.47930320889079,MASP2_Helo_CM,131
287,574.0,48.63074989342608,MASP2_Helo_CM,131
288,576.0,45.666400825491735,MASP2_Helo_CM,131
289,578.0,42.06483117050934,MASP2_Helo_CM,131
290,580.0,45.984161402895175,MASP2_Helo_CM,131
291,582.0,45.97416219110279,MASP2_Helo_CM,131
292,584.0,46.96664473690749,MASP2_Helo_CM,131
293,586.0,47.17919993629753,MASP2_Helo_CM,131
294,588.0,47.92213179810079,MASP2_Helo_CM,131
295,590.0,47.02790972010259,MASP2_Helo_CM,131
296,592.0,48.49061908968959,MASP2_Helo_CM,131
297,594.0,47.982682027089176,MASP2_Helo_CM,131
298,596.0,46.12963331429451,MASP2_Helo_CM,131
299,598.0,45.757395312801336,MASP2_Helo_CM,131
300,600.0,43.36737121391538,MASP2_Helo_CM,131
301,602.0,41.764334223125154,MASP2_Helo_CM,131
302,604.0,43.66501122547066,MASP2_Helo_CM,131
303,606.0,44.488467600987086,MASP2_Helo_CM,131
304,608.0,42.51587426358044,MASP2_Helo_CM,131
305,610.0,47.78059912746016,MASP2_Helo_CM,131
306,612.0,50.68345700427254,MASP2_Helo_CM,131
307,614.0,50.475640669470664,MASP2_Helo_CM,131
308,616.0,50.65003137495073,MASP2_Helo_CM,131
309,618.0,49.840715660264195,MASP2_Helo_CM,131
310,620.0,51.83028550706274,MASP2_Helo_CM,131
311,622.0,50.96483198686429,MASP2_Helo_CM,131
312,624.0,52.809293748207125,MASP2_Helo_CM,131
313,626.0,51.69519211084092,MASP2_Helo_CM,131
314,628.0,50.917498455182724,MASP2_Helo_CM,131
315,630.0,49.6588247992076,MASP2_Helo_CM,131
316,632.0,49.54986581107566,MASP2_Helo_CM,131
317,634.0,52.4132656442294,MASP2_Helo_CM,131
318,636.0,49.647207008412515,MASP2_Helo_CM,131
319,638.0,48.61542086240649,MASP2_Helo_CM,131
320,640.0,47.076654426579715,MASP2_Helo_CM,131
321,642.0,45.634963881121266,MASP2_Helo_CM,131
322,644.0,45.18518887539874,MASP2_Helo_CM,131
323,646.0,48.03494061768225,MASP2_Helo_CM,131
324,648.0,47.269740754018876,MASP2_Helo_CM,131
325,650.0,45.769391343182555,MASP2_Helo_CM,131
326,652.0,44.283094018668784,MASP2_Helo_CM,131
327,654.0,43.91849985740721,MASP2_Helo_CM,131
328,656.0,44.80323559279095,MASP2_Helo_CM,131
329,658.0,44.62360629744017,MASP2_Helo_CM,131
330,660.0,44.25783732034843,MASP2_Helo_CM,131
331,662.0,47.128592489427106,MASP2_Helo_CM,131
332,664.0,50.29854985408763,MASP2_Helo_CM,131
333,666.0,49.11151679839728,MASP2_Helo_CM,131
334,668.0,48.973614137968944,MASP2_Helo_CM,131
335,670.0,46.39428804381266,MASP2_Helo_CM,131
336,672.0,47.487422546721525,MASP2_Helo_CM,131
337,674.0,47.115044390644414,MASP2_Helo_CM,131
338,676.0,48.196922835228435,MASP2_Helo_CM,131
339,678.0,47.19145052177168,MASP2_Helo_CM,131
340,680.0,49.52631957631454,MASP2_Helo_CM,131
341,682.0,51.44073366590896,MASP2_Helo_CM,131
342,684.0,51.28941869681662,MASP2_Helo_CM,131
343,686.0,51.25315060235224,MASP2_Helo_CM,131
344,688.0,49.99391092082415,MASP2_Helo_CM,131
345,690.0,48.77189059772946,MASP2_Helo_CM,131
346,692.0,49.6940211612928,MASP2_Helo_CM,131
347,694.0,49.77043394299863,MASP2_Helo_CM,131
348,696.0,50.58469575945389,MASP2_Helo_CM,131
349,698.0,48.56749850872801,MASP2_Helo_CM,131
350,700.0,50.62681914026431,MASP2_Helo_CM,131
351,702.0,50.499006446437186,MASP2_Helo_CM,131
352,704.0,49.86868885856816,MASP2_Helo_CM,131
353,706.0,50.25802706123489,MASP2_Helo_CM,131
354,708.0,50.510368588949234,MASP2_Helo_CM,131
355,710.0,50.71737956277307,MASP2_Helo_CM,131
356,712.0,45.792220182516814,MASP2_Helo_CM,131
357,714.0,46.641148542803094,MASP2_Helo_CM,131
358,716.0,48.762225105215066,MASP2_Helo_CM,131
359,718.0,48.52162873669928,MASP2_Helo_CM,131
360,720.0,46.26423458326854,MASP2_Helo_CM,131
361,722.0,46.70367231314616,MASP2_Helo_CM,131
362,724.0,43.22900826695523,MASP2_Helo_CM,131
363,726.0,42.735419701875024,MASP2_Helo_CM,131
364,728.0,43.580019462058296,MASP2_Helo_CM,131
365,730.0,44.66261409105152,MASP2_Helo_CM,131
366,732.0,46.558224674650134,MASP2_Helo_CM,131
367,734.0,44.073757361159515,MASP2_Helo_CM,131
368,736.0,43.83543488598518,MASP2_Helo_CM,131
369,738.0,44.390637326300144,MASP2_Helo_CM,131
370,740.0,45.4770385863043,MASP2_Helo_CM,131
371,742.0,46.0075910415921,MASP2_Helo_CM,131
372,744.0,45.071600237650756,MASP2_Helo_CM,131
373,746.0,43.97874172377932,MASP2_Helo_CM,131
374,748.0,43.87420839947183,MASP2_Helo_CM,131
375,750.0,42.186054002292224,MASP2_Helo_CM,131
376,752.0,41.67832914475152,MASP2_Helo_CM,131
377,754.0,42.28641140165043,MASP2_Helo_CM,131
378,756.0,43.00021608020831,MASP2_Helo_CM,131
379,758.0,43.07362988364425,MASP2_Helo_CM,131
380,760.0,42.96080637816772,MASP2_Helo_CM,131
381,762.0,45.114191399897166,MASP2_Helo_CM,131
382,764.0,48.488585580223074,MASP2_Helo_CM,131
383,766.0,44.973480701910205,MASP2_Helo_CM,131
384,768.0,44.91562770008878,MASP2_Helo_CM,131
385,770.0,47.74140984692088,MASP2_Helo_CM,131
386,772.0,45.59852364333756,MASP2_Helo_CM,131
387,774.0,45.231230178793155,MASP2_Helo_CM,131
388,776.0,44.25064837746081,MASP2_Helo_CM,131
389,778.0,45.1818112004032,MASP2_Helo_CM,131
390,780.0,44.61380057288802,MASP2_Helo_CM,131
391,782.0,45.940754535752255,MASP2_Helo_CM,131
392,784.0,44.353759500951604,MASP2_Helo_CM,131
393,786.0,45.02406743044649,MASP2_Helo_CM,131
394,788.0,42.52476744355339,MASP2_Helo_CM,131
395,790.0,42.83149709670335,MASP2_Helo_CM,131
396,792.0,43.658672449664685,MASP2_Helo_CM,131
397,794.0,43.03480499182135,MASP2_Helo_CM,131
398,796.0,40.125475648369736,MASP2_Helo_CM,131
399,798.0,41.86905889372883,MASP2_Helo_CM,131
400,800.0,43.99206814004022,MASP2_Helo_CM,131
401,802.0,43.54856472005027,MASP2_Helo_CM,131
402,804.0,46.22716097391726,MASP2_Helo_CM,131
403,806.0,44.78647120535698,MASP2_Helo_CM,131
404,808.0,45.594136095047126,MASP2_Helo_CM,131
405,810.0,44.34359128350642,MASP2_Helo_CM,131
406,812.0,41.547942271985704,MASP2_Helo_CM,131
407,814.0,42.34814650924184,MASP2_Helo_CM,131
408,816.0,45.09049391487288,MASP2_Helo_CM,131
409,818.0,45.14579969005889,MASP2_Helo_CM,131
410,820.0,47.29983506206662,MASP2_Helo_CM,131
411,822.0,43.01493760178204,MASP2_Helo_CM,131
412,824.0,46.060762475015686,MASP2_Helo_CM,131
413,826.0,44.96535822066805,MASP2_Helo_CM,131
414,828.0,44.035246982368186,MASP2_Helo_CM,131
415,830.0,45.75375367752238,MASP2_Helo_CM,131
416,832.0,43.92357775859293,MASP2_Helo_CM,131
417,834.0,44.91129660488832,MASP2_Helo_CM,131
418,836.0,41.558284444469976,MASP2_Helo_CM,131
419,838.0,41.234413718518475,MASP2_Helo_CM,131
420,840.0,39.89524127290867,MASP2_Helo_CM,131
421,842.0,39.4569069214044,MASP2_Helo_CM,131
422,844.0,35.892103259873736,MASP2_Helo_CM,131
423,846.0,36.24853498592768,MASP2_Helo_CM,131
424,848.0,37.948246491789675,MASP2_Helo_CM,131
425,850.0,34.97168680651205,MASP2_Helo_CM,131
426,852.0,36.017802333603406,MASP2_Helo_CM,131
427,854.0,36.06045573583379,MASP2_Helo_CM,131
428,856.0,37.77504185553064,MASP2_Helo_CM,131
429,858.0,38.39920840135909,MASP2_Helo_CM,131
430,860.0,38.336683312125,MASP2_Helo_CM,131
431,862.0,38.66099314471355,MASP2_Helo_CM,131
432,864.0,41.498990298809176,MASP2_Helo_CM,131
433,866.0,41.231860144044994,MASP2_Helo_CM,131
434,868.0,40.716016269748394,MASP2_Helo_CM,131
435,870.0,40.839410776207764,MASP2_Helo_CM,131
436,872.0,43.10704964368479,MASP2_Helo_CM,131
437,874.0,43.32540614195434,MASP2_Helo_CM,131
438,876.0,41.614721387605535,MASP2_Helo_CM,131
439,878.0,42.225855173578765,MASP2_Helo_CM,131
440,880.0,43.070311982448764,MASP2_Helo_CM,131
441,882.0,44.34435902781482,MASP2_Helo_CM,131
442,884.0,44.25598870140759,MASP2_Helo_CM,131
443,886.0,45.359231541839804,MASP2_Helo_CM,131
444,888.0,43.72187049192964,MASP2_Helo_CM,131
445,890.0,47.12826217183529,MASP2_Helo_CM,131
446,892.0,43.94945527603251,MASP2_Helo_CM,131
447,894.0,46.159567825776634,MASP2_Helo_CM,131
448,896.0,45.26897406882791,MASP2_Helo_CM,131
449,898.0,43.61508126576737,MASP2_Helo_CM,131
450,900.0,44.95423927849398,MASP2_Helo_CM,131
451,902.0,43.492379493463474,MASP2_Helo_CM,131
452,904.0,47.13984151365875,MASP2_Helo_CM,131
453,906.0,45.14114521271546,MASP2_Helo_CM,131
454,908.0,45.67128904170795,MASP2_Helo_CM,131
455,910.0,44.54211718719104,MASP2_Helo_CM,131
456,912.0,43.16119537067865,MASP2_Helo_CM,131
457,914.0,43.740668610174765,MASP2_Helo_CM,131
458,916.0,41.659326792539474,MASP2_Helo_CM,131
459,918.0,46.70111920238388,MASP2_Helo_CM,131
460,920.0,45.87367726730521,MASP2_Helo_CM,131
461,922.0,45.034559271048,MASP2_Helo_CM,131
462,924.0,46.1311483622706,MASP2_Helo_CM,131
463,926.0,43.74350419919283,MASP2_Helo_CM,131
464,928.0,42.80041172610006,MASP2_Helo_CM,131
465,930.0,42.7741584643985,MASP2_Helo_CM,131
466,932.0,42.8008633174123,MASP2_Helo_CM,131
467,934.0,42.98550576800796,MASP2_Helo_CM,131
468,936.0,42.90117416712522,MASP2_Helo_CM,131
469,938.0,44.09175404655,MASP2_Helo_CM,131
470,940.0,39.58496993453271,MASP2_Helo_CM,131
471,942.0,39.287045692043556,MASP2_Helo_CM,131
472,944.0,40.21432564303489,MASP2_Helo_CM,131
473,946.0,42.291609965854946,MASP2_Helo_CM,131
474,948.0,44.601401551051865,MASP2_Helo_CM,131
475,950.0,43.992369052979264,MASP2_Helo_CM,131
476,952.0,43.49594308354323,MASP2_Helo_CM,131
477,954.0,40.45042863218419,MASP2_Helo_CM,131
478,956.0,41.36725069343623,MASP2_Helo_CM,131
479,958.0,40.632625395616294,MASP2_Helo_CM,131
480,960.0,41.4646178441165,MASP2_Helo_CM,131
481,962.0,43.004513538480424,MASP2_Helo_CM,131
482,964.0,40.677690199201265,MASP2_Helo_CM,131
483,966.0,42.34055920035837,MASP2_Helo_CM,131
484,968.0,43.112589902314554,MASP2_Helo_CM,131
485,970.0,40.27428042131278,MASP2_Helo_CM,131
486,972.0,40.63101971859631,MASP2_Helo_CM,131
487,974.0,38.53278047054118,MASP2_Helo_CM,131
488,976.0,39.730585769690514,MASP2_Helo_CM,131
489,978.0,39.26566216657808,MASP2_Helo_CM,131
490,980.0,40.9320132139445,MASP2_Helo_CM,131
491,982.0,40.94370578817287,MASP2_Helo_CM,131
492,984.0,38.74838685549932,MASP2_Helo_CM,131
493,986.0,41.92295005897774,MASP2_Helo_CM,131
494,988.0,43.08013359270314,MASP2_Helo_CM,131
495,990.0,41.561287644360725,MASP2_Helo_CM,131
496,992.0,43.95433986870444,MASP2_Helo_CM,131
497,994.0,45.05138928212431,MASP2_Helo_CM,131
498,996.0,45.64469563111591,MASP2_Helo_CM,131
499,998.0,45.695430160924566,MASP2_Helo_CM,131
500,1000.0,44.520569917632656,MASP2_Helo_CM,131
501,1002.0,44.082701915307425,MASP2_Helo_CM,131
502,1004.0,45.30441791326375,MASP2_Helo_CM,131
503,1006.0,44.270235967986466,MASP2_Helo_CM,131
504,1008.0,46.76141403033847,MASP2_Helo_CM,131
505,1010.0,46.141165673115054,MASP2_Helo_CM,131
506,1012.0,44.34036528837548,MASP2_Helo_CM,131
507,1014.0,42.200762666420836,MASP2_Helo_CM,131
508,1016.0,42.684655732451006,MASP2_Helo_CM,131
509,1018.0,42.64939601774108,MASP2_Helo_CM,131
510,1020.0,41.53438443406547,MASP2_Helo_CM,131
511,1022.0,40.898844493255176,MASP2_Helo_CM,131
512,1024.0,39.84663096700976,MASP2_Helo_CM,131
513,1026.0,40.26976338033266,MASP2_Helo_CM,131
514,1028.0,34.444968100964246,MASP2_Helo_CM,131
515,1030.0,34.52244294861905,MASP2_Helo_CM,131
516,1032.0,34.69198197081588,MASP2_Helo_CM,131
517,1034.0,36.278948172552916,MASP2_Helo_CM,131
518,1036.0,34.58907167526723,MASP2_Helo_CM,131
519,1038.0,35.47486816388765,MASP2_Helo_CM,131
520,1040.0,33.529442089722686,MASP2_Helo_CM,131
521,1042.0,33.38330165193384,MASP2_Helo_CM,131
522,1044.0,35.340338226535806,MASP2_Helo_CM,131
523,1046.0,36.468785114138534,MASP2_Helo_CM,131
524,1048.0,35.54667683661923,MASP2_Helo_CM,131
525,1050.0,36.02575547893096,MASP2_Helo_CM,131
526,1052.0,33.924772096141204,MASP2_Helo_CM,131
527,1054.0,37.1536956922983,MASP2_Helo_CM,131
528,1056.0,38.005851985949654,MASP2_Helo_CM,131
529,1058.0,34.36281330385973,MASP2_Helo_CM,131
530,1060.0,34.821533939612074,MASP2_Helo_CM,131
531,1062.0,31.536549527968237,MASP2_Helo_CM,131
532,1064.0,29.02207702126903,MASP2_Helo_CM,131
533,1066.0,31.761090838512267,MASP2_Helo_CM,131
534,1068.0,35.552624870355146,MASP2_Helo_CM,131
535,1070.0,36.964371603522416,MASP2_Helo_CM,131
536,1072.0,37.17543818583351,MASP2_Helo_CM,131
537,1074.0,35.236559888097,MASP2_Helo_CM,131
538,1076.0,32.134991756861645,MASP2_Helo_CM,131
539,1078.0,33.46870662282693,MASP2_Helo_CM,131
540,1080.0,35.26748405555959,MASP2_Helo_CM,131
541,1082.0,31.356794652473173,MASP2_Helo_CM,131
542,1084.0,33.20471869132418,MASP2_Helo_CM,131
543,1086.0,35.643983220953395,MASP2_Helo_CM,131
544,1088.0,39.540940513704605,MASP2_Helo_CM,131
545,1090.0,41.48072701276025,MASP2_Helo_CM,131
546,1092.0,43.50531943871747,MASP2_Helo_CM,131
547,1094.0,44.5659987122997,MASP2_Helo_CM,131
548,1096.0,41.18088120645424,MASP2_Helo_CM,131
549,1098.0,42.129551640127815,MASP2_Helo_CM,131
550,1100.0,40.682083420570784,MASP2_Helo_CM,131
551,1102.0,41.6475468371548,MASP2_Helo_CM,131
552,1104.0,39.58005901034454,MASP2_Helo_CM,131
553,1106.0,40.26264931945027,MASP2_Helo_CM,131
554,1108.0,38.80952040535155,MASP2_Helo_CM,131
555,1110.0,37.95934875819449,MASP2_Helo_CM,131
556,1112.0,39.183558181104644,MASP2_Helo_CM,131
557,1114.0,38.15487624158035,MASP2_Helo_CM,131
558,1116.0,36.82414793349855,MASP2_Helo_CM,131
559,1118.0,36.68555922958315,MASP2_Helo_CM,131
560,1120.0,37.073538195176,MASP2_Helo_CM,131
561,1122.0,38.36562512062969,MASP2_Helo_CM,131
562,1124.0,37.64747555661362,MASP2_Helo_CM,131
563,1126.0,38.55017612332094,MASP2_Helo_CM,131
564,1128.0,39.19606975325372,MASP2_Helo_CM,131
565,1130.0,35.58136878902314,MASP2_Helo_CM,131
566,1132.0,34.232044308872844,MASP2_Helo_CM,131
567,1134.0,34.60844344453188,MASP2_Helo_CM,131
568,1136.0,32.04891825704306,MASP2_Helo_CM,131
569,1138.0,36.55170464407661,MASP2_Helo_CM,131
570,1140.0,39.128301837817276,MASP2_Helo_CM,131
571,1142.0,40.33909723849466,MASP2_Helo_CM,131
572,1144.0,42.66930500625864,MASP2_Helo_CM,131
573,1146.0,43.0052364863947,MASP2_Helo_CM,131
574,1148.0,43.82651774913764,MASP2_Helo_CM,131
575,1150.0,44.273036716477115,MASP2_Helo_CM,131
576,1152.0,42.58366056167316,MASP2_Helo_CM,131
577,1154.0,43.798151147083026,MASP2_Helo_CM,131
578,1156.0,42.739931208663144,MASP2_Helo_CM,131
579,1158.0,43.63434653187254,MASP2_Helo_CM,131
580,1160.0,47.140355445660575,MASP2_Helo_CM,131
581,1162.0,46.47952848838527,MASP2_Helo_CM,131
582,1164.0,48.29595585345565,MASP2_Helo_CM,131
583,1166.0,47.15845136755824,MASP2_Helo_CM,131
584,1168.0,45.05294739559984,MASP2_Helo_CM,131
585,1170.0,45.40949800422258,MASP2_Helo_CM,131
586,1172.0,42.5975998874427,MASP2_Helo_CM,131
587,1174.0,42.31503194107423,MASP2_Helo_CM,131
588,1176.0,41.25322840952994,MASP2_Helo_CM,131
589,1178.0,40.033500339991505,MASP2_Helo_CM,131
590,1180.0,37.080147064777584,MASP2_Helo_CM,131
591,1182.0,37.5311098907406,MASP2_Helo_CM,131
592,1184.0,37.94275992622708,MASP2_Helo_CM,131
593,1186.0,35.451491828385194,MASP2_Helo_CM,131
594,1188.0,36.59581223903892,MASP2_Helo_CM,131
595,1190.0,37.47152852996634,MASP2_Helo_CM,131
596,1192.0,37.996331462605205,MASP2_Helo_CM,131
597,1194.0,36.71301234351281,MASP2_Helo_CM,131
598,1196.0,39.253529304153176,MASP2_Helo_CM,131
599,1198.0,38.54315232157131,MASP2_Helo_CM,131
600,1200.0,38.595029896661984,MASP2_Helo_CM,131
601,1202.0,40.903737535729675,MASP2_Helo_CM,131
602,1204.0,38.980959186754156,MASP2_Helo_CM,131
603,1206.0,38.49226476150283,MASP2_Helo_CM,131
604,1208.0,38.439933231527306,MASP2_Helo_CM,131
605,1210.0,38.33979821568048,MASP2_Helo_CM,131
606,1212.0,36.6455320517335,MASP2_Helo_CM,131
607,1214.0,36.633184040064044,MASP2_Helo_CM,131
608,1216.0,36.555355706670916,MASP2_Helo_CM,131
609,1218.0,35.164595781529904,MASP2_Helo_CM,131
610,1220.0,37.19726551717708,MASP2_Helo_CM,131
611,1222.0,36.888722197353935,MASP2_Helo_CM,131
612,1224.0,35.22422080522302,MASP2_Helo_CM,131
613,1226.0,32.525233848943664,MASP2_Helo_CM,131
614,1228.0,32.697679316589735,MASP2_Helo_CM,131
615,1230.0,31.112360153637795,MASP2_Helo_CM,131
616,1232.0,31.725381293057556,MASP2_Helo_CM,131
617,1234.0,30.467417770237212,MASP2_Helo_CM,131
618,1236.0,31.39478395084694,MASP2_Helo_CM,131
619,1238.0,30.668525962305374,MASP2_Helo_CM,131
620,1240.0,31.318421090066835,MASP2_Helo_CM,131
621,1242.0,32.310529036767235,MASP2_Helo_CM,131
622,1244.0,31.78113974445339,MASP2_Helo_CM,131
623,1246.0,30.9031472764593,MASP2_Helo_CM,131
624,1248.0,29.70243619276257,MASP2_Helo_CM,131
625,1250.0,32.672540283037655,MASP2_Helo_CM,131
626,1252.0,33.989457845815906,MASP2_Helo_CM,131
627,1254.0,32.45338391156629,MASP2_Helo_CM,131
628,1256.0,33.6686525003087,MASP2_Helo_CM,131
629,1258.0,30.157512467497394,MASP2_Helo_CM,131
630,1260.0,33.1524630944857,MASP2_Helo_CM,131
631,1262.0,30.32693924204652,MASP2_Helo_CM,131
632,1264.0,31.38003328188076,MASP2_Helo_CM,131
633,1266.0,33.75920254813388,MASP2_Helo_CM,131
634,1268.0,32.623815187999604,MASP2_Helo_CM,131
635,1270.0,31.65724452928735,MASP2_Helo_CM,131
636,1272.0,33.74423131732081,MASP2_Helo_CM,131
637,1274.0,33.499463096720085,MASP2_Helo_CM,131
638,1276.0,33.65821409086091,MASP2_Helo_CM,131
639,1278.0,31.225099271315294,MASP2_Helo_CM,131
640,1280.0,32.0336375999222,MASP2_Helo_CM,131
641,1282.0,32.72638517800177,MASP2_Helo_CM,131
642,1284.0,33.74983134648019,MASP2_Helo_CM,131
643,1286.0,33.061438630264625,MASP2_Helo_CM,131
644,1288.0,32.593238362292496,MASP2_Helo_CM,131
645,1290.0,31.244409516979612,MASP2_Helo_CM,131
646,1292.0,30.964391112225652,MASP2_Helo_CM,131
647,1294.0,30.3448681551572,MASP2_Helo_CM,131
648,1296.0,29.675160931750682,MASP2_Helo_CM,131
649,1298.0,33.850943445383216,MASP2_Helo_CM,131
650,1300.0,32.2940941248747,MASP2_Helo_CM,131
651,1302.0,31.51712477392292,MASP2_Helo_CM,131
652,1304.0,34.2330593449265,MASP2_Helo_CM,131
653,1306.0,29.69438323842788,MASP2_Helo_CM,131
654,1308.0,32.18926300423778,MASP2_Helo_CM,131
655,1310.0,33.06998867846205,MASP2_Helo_CM,131
656,1312.0,30.147736381357323,MASP2_Helo_CM,131
657,1314.0,29.364346813600807,MASP2_Helo_CM,131
658,1316.0,29.004391838927095,MASP2_Helo_CM,131
659,1318.0,28.289112771919182,MASP2_Helo_CM,131
660,1320.0,30.289450576727678,MASP2_Helo_CM,131
661,1322.0,29.26529029842669,MASP2_Helo_CM,131
662,1324.0,27.79186572025634,MASP2_Helo_CM,131
663,1326.0,27.466454376435106,MASP2_Helo_CM,131
664,1328.0,30.243292494863283,MASP2_Helo_CM,131
665,1330.0,30.035413446595452,MASP2_Helo_CM,131
666,1332.0,29.775239199795084,MASP2_Helo_CM,131
667,1334.0,28.444163781623704,MASP2_Helo_CM,131
668,1336.0,31.318302239929043,MASP2_Helo_CM,131
669,1338.0,30.084840416989707,MASP2_Helo_CM,131
670,1340.0,28.202008801079185,MASP2_Helo_CM,131
671,1342.0,29.24785410237434,MASP2_Helo_CM,131
672,1344.0,31.28083830387075,MASP2_Helo_CM,131
673,1346.0,31.021720887643486,MASP2_Helo_CM,131
674,1348.0,30.128294453460626,MASP2_Helo_CM,131
675,1350.0,32.70771581919629,MASP2_Helo_CM,131
676,1352.0,28.621256660381473,MASP2_Helo_CM,131
677,1354.0,30.418950212241988,MASP2_Helo_CM,131
678,1356.0,27.08819628862803,MASP2_Helo_CM,131
679,1358.0,28.291147880158583,MASP2_Helo_CM,131
680,1360.0,27.68269461684637,MASP2_Helo_CM,131
681,1362.0,27.771578272292928,MASP2_Helo_CM,131
682,1364.0,27.82854317487384,MASP2_Helo_CM,131
683,1366.0,27.803376994639397,MASP2_Helo_CM,131
684,1368.0,27.209233958107614,MASP2_Helo_CM,131
685,1370.0,26.56103382817131,MASP2_Helo_CM,131
686,1372.0,23.808220628897136,MASP2_Helo_CM,131
687,1374.0,26.147149866889478,MASP2_Helo_CM,131
688,1376.0,27.269722128243085,MASP2_Helo_CM,131
689,1378.0,29.135589793263158,MASP2_Helo_CM,131
690,1380.0,28.88243641182797,MASP2_Helo_CM,131
691,1382.0,28.984030256036785,MASP2_Helo_CM,131
692,1384.0,26.828179544050194,MASP2_Helo_CM,131
693,1386.0,27.210912114560212,MASP2_Helo_CM,131
694,1388.0,27.56693295095223,MASP2_Helo_CM,131
695,1390.0,30.046326992812617,MASP2_Helo_CM,131
696,1392.0,27.06707323684618,MASP2_Helo_CM,131
697,1394.0,28.343415398319017,MASP2_Helo_CM,131
698,1396.0,30.234769938797566,MASP2_Helo_CM,131
699,1398.0,29.470891166261417,MASP2_Helo_CM,131
700,1400.0,30.21017340069155,MASP2_Helo_CM,131
701,1402.0,30.351613985434945,MASP2_Helo_CM,131
702,1404.0,29.671609878061354,MASP2_Helo_CM,131
703,1406.0,29.112305778914337,MASP2_Helo_CM,131
704,1408.0,33.1348181046545,MASP2_Helo_CM,131
705,1410.0,32.521426425800826,MASP2_Helo_CM,131
706,1412.0,29.824851026323003,MASP2_Helo_CM,131
707,1414.0,32.362128098632674,MASP2_Helo_CM,131
708,1416.0,30.950355540941985,MASP2_Helo_CM,131
709,1418.0,33.59516334024198,MASP2_Helo_CM,131
710,1420.0,31.127005160499426,MASP2_Helo_CM,131
711,1422.0,31.473228531853724,MASP2_Helo_CM,131
712,1424.0,29.66455022041798,MASP2_Helo_CM,131
713,1426.0,31.4590777117589,MASP2_Helo_CM,131
714,1428.0,28.649250795147648,MASP2_Helo_CM,131
715,1430.0,29.14720027996546,MASP2_Helo_CM,131
716,1432.0,28.78619076391552,MASP2_Helo_CM,131
717,1434.0,27.396094475938746,MASP2_Helo_CM,131
718,1436.0,28.761501069654997,MASP2_Helo_CM,131
719,1438.0,29.413420647898963,MASP2_Helo_CM,131
720,1440.0,31.436364142187568,MASP2_Helo_CM,131
721,1442.0,29.31144873863317,MASP2_Helo_CM,131
722,1444.0,30.42264797678774,MASP2_Helo_CM,131
723,1446.0,30.926769860422592,MASP2_Helo_CM,131
724,1448.0,30.097219997969365,MASP2_Helo_CM,131
725,1450.0,31.29916753973335,MASP2_Helo_CM,131
726,1452.0,32.249717567660916,MASP2_Helo_CM,131
727,1454.0,31.774782746732033,MASP2_Helo_CM,131
728,1456.0,32.52540013014837,MASP2_Helo_CM,131
729,1458.0,32.569575504362206,MASP2_Helo_CM,131
730,1460.0,34.82183813020694,MASP2_Helo_CM,131
731,1462.0,35.58418727971997,MASP2_Helo_CM,131
732,1464.0,34.68743555341235,MASP2_Helo_CM,131
733,1466.0,33.62326467874132,MASP2_Helo_CM,131
734,1468.0,33.82046708673993,MASP2_Helo_CM,131
735,1470.0,32.56852678793159,MASP2_Helo_CM,131
736,1472.0,32.5905397669177,MASP2_Helo_CM,131
737,1474.0,31.653477691229952,MASP2_Helo_CM,131
738,1476.0,30.248881247835488,MASP2_Helo_CM,131
739,1478.0,29.56848164671712,MASP2_Helo_CM,131
740,1480.0,30.847878440665628,MASP2_Helo_CM,131
741,1482.0,29.046968384908524,MASP2_Helo_CM,131
742,1484.0,29.913687866875016,MASP2_Helo_CM,131
743,1486.0,31.790394550778686,MASP2_Helo_CM,131
744,1488.0,31.854042781615544,MASP2_Helo_CM,131
745,1490.0,31.791744035877073,MASP2_Helo_CM,131
746,1492.0,31.22664842422501,MASP2_Helo_CM,131
747,1494.0,31.34145628831685,MASP2_Helo_CM,131
748,1496.0,30.643973836735587,MASP2_Helo_CM,131
749,1498.0,31.79793231404565,MASP2_Helo_CM,131
750,1500.0,31.76372721880387,MASP2_Helo_CM,131
751,1502.0,32.831511043665905,MASP2_Helo_CM,131
752,1504.0,33.268721731476425,MASP2_Helo_CM,131
753,1506.0,31.26532643568405,MASP2_Helo_CM,131
754,1508.0,31.58094996971155,MASP2_Helo_CM,131
755,1510.0,30.899234273726833,MASP2_Helo_CM,131
756,1512.0,29.508881365358242,MASP2_Helo_CM,131
757,1514.0,30.200353707248528,MASP2_Helo_CM,131
758,1516.0,30.43332032092393,MASP2_Helo_CM,131
759,1518.0,31.387224776205052,MASP2_Helo_CM,131
760,1520.0,30.0251220414903,MASP2_Helo_CM,131
761,1522.0,30.79412771889864,MASP2_Helo_CM,131
762,1524.0,29.67695345785755,MASP2_Helo_CM,131
763,1526.0,28.435418089664957,MASP2_Helo_CM,131
764,1528.0,30.05482010219727,MASP2_Helo_CM,131
765,1530.0,29.880176890409164,MASP2_Helo_CM,131
766,1532.0,28.47379411963603,MASP2_Helo_CM,131
767,1534.0,33.267889584163505,MASP2_Helo_CM,131
768,1536.0,30.312614667313568,MASP2_Helo_CM,131
769,1538.0,31.170059645080435,MASP2_Helo_CM,131
770,1540.0,28.37529549665425,MASP2_Helo_CM,131
771,1542.0,31.087138435682316,MASP2_Helo_CM,131
772,1544.0,28.271284899353855,MASP2_Helo_CM,131
773,1546.0,27.124150462425238,MASP2_Helo_CM,131
774,1548.0,27.508566050942452,MASP2_Helo_CM,131
775,1550.0,26.045608654084802,MASP2_Helo_CM,131
776,1552.0,27.756653448948587,MASP2_Helo_CM,131
777,1554.0,27.654421547731058,MASP2_Helo_CM,131
778,1556.0,26.88570818991068,MASP2_Helo_CM,131
779,1558.0,27.369318132663807,MASP2_Helo_CM,131
780,1560.0,28.80992084671847,MASP2_Helo_CM,131
781,1562.0,30.031683327200412,MASP2_Helo_CM,131
782,1564.0,28.543420896562687,MASP2_Helo_CM,131
783,1566.0,30.61812254557917,MASP2_Helo_CM,131
784,1568.0,28.835353254917827,MASP2_Helo_CM,131
785,1570.0,28.23185916605982,MASP2_Helo_CM,131
786,1572.0,26.407023922733142,MASP2_Helo_CM,131
787,1574.0,27.765139921494207,MASP2_Helo_CM,131
788,1576.0,26.037920550671313,MASP2_Helo_CM,131
789,1578.0,24.07470617396772,MASP2_Helo_CM,131
790,1580.0,27.321114396545994,MASP2_Helo_CM,131
791,1582.0,26.475950530327808,MASP2_Helo_CM,131
792,1584.0,28.005161142646926,MASP2_Helo_CM,131
793,1586.0,26.134485384098927,MASP2_Helo_CM,131
794,1588.0,28.62829311190476,MASP2_Helo_CM,131
795,1590.0,27.085211114154703,MASP2_Helo_CM,131
796,1592.0,27.08749185199903,MASP2_Helo_CM,131
797,1594.0,29.699196362197274,MASP2_Helo_CM,131
798,1596.0,30.003909358627553,MASP2_Helo_CM,131
799,1598.0,29.765044411523068,MASP2_Helo_CM,131
800,1600.0,30.076530873593,MASP2_Helo_CM,131
801,1602.0,29.422246737504487,MASP2_Helo_CM,131
802,1604.0,29.024705346445877,MASP2_Helo_CM,131
803,1606.0,27.862217831567715,MASP2_Helo_CM,131
804,1608.0,28.349461786906993,MASP2_Helo_CM,131
805,1610.0,27.417833494141323,MASP2_Helo_CM,131
806,1612.0,29.315926270709085,MASP2_Helo_CM,131
807,1614.0,27.389206624564924,MASP2_Helo_CM,131
808,1616.0,27.103820959451884,MASP2_Helo_CM,131
809,1618.0,29.005368584356308,MASP2_Helo_CM,131
810,1620.0,29.109882627499694,MASP2_Helo_CM,131
811,1622.0,30.982301533467542,MASP2_Helo_CM,131
812,1624.0,31.27533096031236,MASP2_Helo_CM,131
813,1626.0,28.88514321442775,MASP2_Helo_CM,131
814,1628.0,33.242273227141894,MASP2_Helo_CM,131
815,1630.0,31.99874315290089,MASP2_Helo_CM,131
816,1632.0,34.70098523482792,MASP2_Helo_CM,131
817,1634.0,32.66156815217774,MASP2_Helo_CM,131
818,1636.0,28.969080982449036,MASP2_Helo_CM,131
819,1638.0,28.59453452306279,MASP2_Helo_CM,131
820,1640.0,25.151617858408066,MASP2_Helo_CM,131
821,1642.0,30.651068235176094,MASP2_Helo_CM,131
822,1644.0,31.29606538211308,MASP2_Helo_CM,131
823,1646.0,29.809995544329773,MASP2_Helo_CM,131
824,1648.0,32.290050560306334,MASP2_Helo_CM,131
825,1650.0,32.31418658616501,MASP2_Helo_CM,131
826,1652.0,34.395792846092355,MASP2_Helo_CM,131
827,1654.0,33.541600157813434,MASP2_Helo_CM,131
828,1656.0,30.221799006354882,MASP2_Helo_CM,131
829,1658.0,31.462949727305325,MASP2_Helo_CM,131
830,1660.0,31.33377184325716,MASP2_Helo_CM,131
831,1662.0,30.864221323124234,MASP2_Helo_CM,131
832,1664.0,32.07237005525489,MASP2_Helo_CM,131
833,1666.0,32.02224702244022,MASP2_Helo_CM,131
834,1668.0,32.910356928741905,MASP2_Helo_CM,131
835,1670.0,30.540936304802777,MASP2_Helo_CM,131
836,1672.0,32.27336019083973,MASP2_Helo_CM,131
837,1674.0,34.23596368982753,MASP2_Helo_CM,131
838,1676.0,32.58066563692923,MASP2_Helo_CM,131
839,1678.0,32.20088918749912,MASP2_Helo_CM,131
840,1680.0,32.28675096488322,MASP2_Helo_CM,131
841,1682.0,31.042696028414287,MASP2_Helo_CM,131
842,1684.0,32.95568611859854,MASP2_Helo_CM,131
843,1686.0,32.3068117632155,MASP2_Helo_CM,131
844,1688.0,35.00668986263428,MASP2_Helo_CM,131
845,1690.0,33.35038576715696,MASP2_Helo_CM,131
846,1692.0,29.87143058093325,MASP2_Helo_CM,131
847,1694.0,30.41305266700381,MASP2_Helo_CM,131
848,1696.0,29.048838332809407,MASP2_Helo_CM,131
849,1698.0,29.381265180604217,MASP2_Helo_CM,131
850,1700.0,29.83416548219195,MASP2_Helo_CM,131
851,1702.0,30.219636804515673,MASP2_Helo_CM,131
852,1704.0,27.524486751135647,MASP2_Helo_CM,131
853,1706.0,28.115845736377647,MASP2_Helo_CM,131
854,1708.0,26.794397958207494,MASP2_Helo_CM,131
855,1710.0,25.913749789472423,MASP2_Helo_CM,131
856,1712.0,24.55956869075041,MASP2_Helo_CM,131
857,1714.0,28.626436108403535,MASP2_Helo_CM,131
858,1716.0,28.09228512660849,MASP2_Helo_CM,131
859,1718.0,29.31376756601838,MASP2_Helo_CM,131
860,1720.0,33.13485536679205,MASP2_Helo_CM,131
861,1722.0,34.15865283146883,MASP2_Helo_CM,131
862,1724.0,32.90417011801103,MASP2_Helo_CM,131
863,1726.0,33.335330950197566,MASP2_Helo_CM,131
864,1728.0,31.691088549066798,MASP2_Helo_CM,131
865,1730.0,33.73324038617185,MASP2_Helo_CM,131
866,1732.0,36.80500159440166,MASP2_Helo_CM,131
867,1734.0,38.056815883104214,MASP2_Helo_CM,131
868,1736.0,37.76464642165018,MASP2_Helo_CM,131
869,1738.0,37.02500591561145,MASP2_Helo_CM,131
870,1740.0,38.36041627554932,MASP2_Helo_CM,131
871,1742.0,37.53998977750791,MASP2_Helo_CM,131
872,1744.0,40.544542478965305,MASP2_Helo_CM,131
873,1746.0,40.954501497704506,MASP2_Helo_CM,131
874,1748.0,40.56596201511453,MASP2_Helo_CM,131
875,1750.0,41.111557626498524,MASP2_Helo_CM,131
876,1752.0,37.07597893598272,MASP2_Helo_CM,131
877,1754.0,38.574315192925994,MASP2_Helo_CM,131
878,1756.0,39.61401861109934,MASP2_Helo_CM,131
879,1758.0,41.187069762546656,MASP2_Helo_CM,131
880,1760.0,40.1851423724802,MASP2_Helo_CM,131
881,1762.0,38.54699000337535,MASP2_Helo_CM,131
882,1764.0,39.462989075750734,MASP2_Helo_CM,131
883,1766.0,44.72215931317609,MASP2_Helo_CM,131
884,1768.0,42.30315365173891,MASP2_Helo_CM,131
885,1770.0,45.4533175506043,MASP2_Helo_CM,131
886,1772.0,43.576840996834974,MASP2_Helo_CM,131
887,1774.0,44.94813502391223,MASP2_Helo_CM,131
888,1776.0,41.43528551856007,MASP2_Helo_CM,131
889,1778.0,42.395082866646895,MASP2_Helo_CM,131
890,1780.0,40.49242134489574,MASP2_Helo_CM,131
891,1782.0,41.51808434570485,MASP2_Helo_CM,131
892,1784.0,39.35461013793065,MASP2_Helo_CM,131
893,1786.0,37.60397320216881,MASP2_Helo_CM,131
894,1788.0,38.69431680089999,MASP2_Helo_CM,131
895,1790.0,39.70204019921372,MASP2_Helo_CM,131
896,1792.0,38.66470940283827,MASP2_Helo_CM,131
897,1794.0,37.87715848168973,MASP2_Helo_CM,131
898,1796.0,36.413203018031815,MASP2_Helo_CM,131
899,1798.0,36.185027138741226,MASP2_Helo_CM,131
900,1800.0,40.21501695025333,MASP2_Helo_CM,131
901,1802.0,37.48344388417305,MASP2_Helo_CM,131
902,1804.0,35.68353854869273,MASP2_Helo_CM,131
903,1806.0,37.40926467512942,MASP2_Helo_CM,131
904,1808.0,35.97239520198236,MASP2_Helo_CM,131
905,1810.0,36.65585198362988,MASP2_Helo_CM,131
906,1812.0,36.597964825328205,MASP2_Helo_CM,131
907,1814.0,38.58285379902747,MASP2_Helo_CM,131
908,1816.0,36.08782663100749,MASP2_Helo_CM,131
909,1818.0,33.65609563006363,MASP2_Helo_CM,131
910,1820.0,31.620762864586894,MASP2_Helo_CM,131
911,1822.0,31.108670853892257,MASP2_Helo_CM,131
912,1824.0,33.327111553360886,MASP2_Helo_CM,131
913,1826.0,35.01355183163856,MASP2_Helo_CM,131
914,1828.0,34.916728523837016,MASP2_Helo_CM,131
915,1830.0,37.461558275435586,MASP2_Helo_CM,131
916,1832.0,35.53781077491904,MASP2_Helo_CM,131
917,1834.0,34.66051926169698,MASP2_Helo_CM,131
918,1836.0,35.83415457509239,MASP2_Helo_CM,131
919,1838.0,37.797255350296204,MASP2_Helo_CM,131
920,1840.0,39.310930235849206,MASP2_Helo_CM,131
921,1842.0,39.11338948265687,MASP2_Helo_CM,131
922,1844.0,41.836170640527754,MASP2_Helo_CM,131
923,1846.0,39.14085603831603,MASP2_Helo_CM,131
924,1848.0,39.19329102098661,MASP2_Helo_CM,131
925,1850.0,40.669027864258794,MASP2_Helo_CM,131
926,1852.0,39.41307756745475,MASP2_Helo_CM,131
927,1854.0,38.15503673607325,MASP2_Helo_CM,131
928,1856.0,39.874097783162775,MASP2_Helo_CM,131
929,1858.0,40.02574273029025,MASP2_Helo_CM,131
930,1860.0,39.34331955169293,MASP2_Helo_CM,131
931,1862.0,40.9344550425715,MASP2_Helo_CM,131
932,1864.0,41.11747201886859,MASP2_Helo_CM,131
933,1866.0,40.828516891104,MASP2_Helo_CM,131
934,1868.0,39.35505104953617,MASP2_Helo_CM,131
935,1870.0,41.925054813604035,MASP2_Helo_CM,131
936,1872.0,40.134175259318845,MASP2_Helo_CM,131
937,1874.0,42.677290004351306,MASP2_Helo_CM,131
938,1876.0,45.13593720846337,MASP2_Helo_CM,131
939,1878.0,45.516949182077596,MASP2_Helo_CM,131
940,1880.0,47.170504407191,MASP2_Helo_CM,131
941,1882.0,43.45364449623368,MASP2_Helo_CM,131
942,1884.0,41.957250505393574,MASP2_Helo_CM,131
943,1886.0,41.40233007306422,MASP2_Helo_CM,131
944,1888.0,43.15550321400218,MASP2_Helo_CM,131
945,1890.0,44.782535861214754,MASP2_Helo_CM,131
946,1892.0,41.916604345017745,MASP2_Helo_CM,131
947,1894.0,43.21289651792657,MASP2_Helo_CM,131
948,1896.0,42.903220305719394,MASP2_Helo_CM,131
949,1898.0,44.98959582903862,MASP2_Helo_CM,131
950,1900.0,43.96531860399884,MASP2_Helo_CM,131
951,1902.0,48.67830505755996,MASP2_Helo_CM,131
952,1904.0,43.617128952827414,MASP2_Helo_CM,131
953,1906.0,40.89379710272118,MASP2_Helo_CM,131
954,1908.0,40.13083624658026,MASP2_Helo_CM,131
955,1910.0,43.42218028795817,MASP2_Helo_CM,131
956,1912.0,41.494614203455114,MASP2_Helo_CM,131
957,1914.0,46.78504155189519,MASP2_Helo_CM,131
958,1916.0,47.7621880127849,MASP2_Helo_CM,131
959,1918.0,45.85536907130904,MASP2_Helo_CM,131
960,1920.0,42.20410983170059,MASP2_Helo_CM,131
961,1922.0,39.852093959017346,MASP2_Helo_CM,131
962,1924.0,41.56800512773883,MASP2_Helo_CM,131
963,1926.0,38.540287035866704,MASP2_Helo_CM,131
964,1928.0,38.54194616353666,MASP2_Helo_CM,131
965,1930.0,38.53440588489396,MASP2_Helo_CM,131
966,1932.0,39.05508031680909,MASP2_Helo_CM,131
967,1934.0,41.97230273200663,MASP2_Helo_CM,131
968,1936.0,41.3501612695286,MASP2_Helo_CM,131
969,1938.0,41.6414022084806,MASP2_Helo_CM,131
970,1940.0,43.21076825094754,MASP2_Helo_CM,131
971,1942.0,40.445070642470576,MASP2_Helo_CM,131
972,1944.0,40.22588675308497,MASP2_Helo_CM,131
973,1946.0,41.6111891460507,MASP2_Helo_CM,131
974,1948.0,42.86847427455408,MASP2_Helo_CM,131
975,1950.0,42.8078934311075,MASP2_Helo_CM,131
976,1952.0,43.4303656999648,MASP2_Helo_CM,131
977,1954.0,42.89608400026096,MASP2_Helo_CM,131
978,1956.0,44.512524230613295,MASP2_Helo_CM,131
979,1958.0,45.86731225384108,MASP2_Helo_CM,131
980,1960.0,42.19766227992105,MASP2_Helo_CM,131
981,1962.0,40.46890314570533,MASP2_Helo_CM,131
982,1964.0,38.82947512024585,MASP2_Helo_CM,131
983,1966.0,40.32189399835806,MASP2_Helo_CM,131
984,1968.0,44.46964541209896,MASP2_Helo_CM,131
985,1970.0,44.131125146550005,MASP2_Helo_CM,131
986,1972.0,39.4708867127987,MASP2_Helo_CM,131
987,1974.0,38.902439341302106,MASP2_Helo_CM,131
988,1976.0,42.453031667246705,MASP2_Helo_CM,131
989,1978.0,42.85123711758704,MASP2_Helo_CM,131
990,1980.0,39.672221204408764,MASP2_Helo_CM,131
991,1982.0,38.507055102901866,MASP2_Helo_CM,131
992,1984.0,40.40139716811293,MASP2_Helo_CM,131
993,1986.0,38.72445184294639,MASP2_Helo_CM,131
994,1988.0,42.24607270274853,MASP2_Helo_CM,131
995,1990.0,38.96767937992343,MASP2_Helo_CM,131
996,1992.0,40.94843244985587,MASP2_Helo_CM,131
997,1994.0,37.04528809340888,MASP2_Helo_CM,131
998,1996.0,36.88891571638061,MASP2_Helo_CM,131
999,1998.0,35.29272747592937,MASP2_Helo_CM,131
1000,2000.0,33.12220962267756,MASP2_Helo_CM,131
1001,2002.0,31.59519461812025,MASP2_Helo_CM,131
1002,2004.0,32.780548778906834,MASP2_Helo_CM,131
1003,2006.0,31.788160094981112,MASP2_Helo_CM,131
1004,2008.0,30.94199045525262,MASP2_Helo_CM,131
1005,2010.0,30.857341648330227,MASP2_Helo_CM,131
1006,2012.0,31.680179205019897,MASP2_Helo_CM,131
1007,2014.0,29.57623337566243,MASP2_Helo_CM,131
1008,2016.0,30.497703110266283,MASP2_Helo_CM,131
1009,2018.0,32.925596680182295,MASP2_Helo_CM,131
1010,2020.0,34.37479761602071,MASP2_Helo_CM,131
1011,2022.0,32.41584696979788,MASP2_Helo_CM,131
1012,2024.0,33.318621410900434,MASP2_Helo_CM,131
1013,2026.0,34.63890529367259,MASP2_Helo_CM,131
1014,2028.0,35.057929901608695,MASP2_Helo_CM,131
1015,2030.0,34.07963809375617,MASP2_Helo_CM,131
1016,2032.0,31.319353506826257,MASP2_Helo_CM,131
1017,2034.0,29.493157266321624,MASP2_Helo_CM,131
1018,2036.0,29.35069361324927,MASP2_Helo_CM,131
1019,2038.0,30.853228631432913,MASP2_Helo_CM,131
1020,2040.0,29.09415071565615,MASP2_Helo_CM,131
1021,2042.0,31.334996319273472,MASP2_Helo_CM,131
1022,2044.0,30.633209402695694,MASP2_Helo_CM,131
1023,2046.0,30.566554399025275,MASP2_Helo_CM,131
1024,2048.0,31.938118094197065,MASP2_Helo_CM,131
1025,2050.0,30.332503440414563,MASP2_Helo_CM,131
1026,2052.0,29.352322832789415,MASP2_Helo_CM,131
1027,2054.0,28.60653243608323,MASP2_Helo_CM,131
1028,2056.0,29.389789368033977,MASP2_Helo_CM,131
1029,2058.0,29.23384402480969,MASP2_Helo_CM,131
1030,2060.0,28.36965016034894,MASP2_Helo_CM,131
1031,2062.0,29.96398814524764,MASP2_Helo_CM,131
1032,2064.0,30.12762634312179,MASP2_Helo_CM,131
1033,2066.0,28.58384880848775,MASP2_Helo_CM,131
1034,2068.0,28.644323538613307,MASP2_Helo_CM,131
1035,2070.0,29.69847242255174,MASP2_Helo_CM,131
1036,2072.0,29.257010914609918,MASP2_Helo_CM,131
1037,2074.0,30.389044263400155,MASP2_Helo_CM,131
1038,2076.0,31.377795448557315,MASP2_Helo_CM,131
1039,2078.0,29.569800811671396,MASP2_Helo_CM,131
1040,2080.0,30.955511387526794,MASP2_Helo_CM,131
1041,2082.0,29.86492658072428,MASP2_Helo_CM,131
1042,2084.0,30.75551110639139,MASP2_Helo_CM,131
1043,2086.0,31.705130908707293,MASP2_Helo_CM,131
1044,2088.0,34.61006176630036,MASP2_Helo_CM,131
1045,2090.0,32.9219311786335,MASP2_Helo_CM,131
1046,2092.0,32.83165947566329,MASP2_Helo_CM,131
1047,2094.0,34.71303530952748,MASP2_Helo_CM,131
1048,2096.0,34.58729698913426,MASP2_Helo_CM,131
1049,2098.0,32.50859366712108,MASP2_Helo_CM,131
1050,2100.0,31.997310371924083,MASP2_Helo_CM,131
1051,2102.0,32.477309478001324,MASP2_Helo_CM,131
1052,2104.0,31.651226552714657,MASP2_Helo_CM,131
1053,2106.0,30.65514062780925,MASP2_Helo_CM,131
1054,2108.0,29.42436592689434,MASP2_Helo_CM,131
1055,2110.0,31.236242760001435,MASP2_Helo_CM,131
1056,2112.0,31.047452919031876,MASP2_Helo_CM,131
1057,2114.0,33.49039595603515,MASP2_Helo_CM,131
1058,2116.0,34.28641735564452,MASP2_Helo_CM,131
1059,2118.0,35.36070225622378,MASP2_Helo_CM,131
1060,2120.0,34.49284667950615,MASP2_Helo_CM,131
1061,2122.0,33.45451364292006,MASP2_Helo_CM,131
1062,2124.0,34.952248834754855,MASP2_Helo_CM,131
1063,2126.0,35.115540237079806,MASP2_Helo_CM,131
1064,2128.0,34.75922894651393,MASP2_Helo_CM,131
1065,2130.0,34.39415099560643,MASP2_Helo_CM,131
1066,2132.0,32.44504151155929,MASP2_Helo_CM,131
1067,2134.0,32.21098435916954,MASP2_Helo_CM,131
1068,2136.0,34.09361295477923,MASP2_Helo_CM,131
1069,2138.0,35.39677123477621,MASP2_Helo_CM,131
1070,2140.0,31.813114858378743,MASP2_Helo_CM,131
1071,2142.0,28.588787247859113,MASP2_Helo_CM,131
1072,2144.0,29.958512465785173,MASP2_Helo_CM,131
1073,2146.0,30.70505386691783,MASP2_Helo_CM,131
1074,2148.0,34.98222299567747,MASP2_Helo_CM,131
1075,2150.0,36.01808651304018,MASP2_Helo_CM,131
1076,2152.0,34.185858153725704,MASP2_Helo_CM,131
1077,2154.0,33.48166101406301,MASP2_Helo_CM,131
1078,2156.0,33.55524855778873,MASP2_Helo_CM,131
1079,2158.0,35.51627676573258,MASP2_Helo_CM,131
1080,2160.0,34.756678440868214,MASP2_Helo_CM,131
1081,2162.0,35.929515155707335,MASP2_Helo_CM,131
1082,2164.0,37.544036307486785,MASP2_Helo_CM,131
1083,2166.0,36.60414979874623,MASP2_Helo_CM,131
1084,2168.0,33.86681036889009,MASP2_Helo_CM,131
1085,2170.0,35.61349785586656,MASP2_Helo_CM,131
1086,2172.0,33.72681355961439,MASP2_Helo_CM,131
1087,2174.0,30.813786900433726,MASP2_Helo_CM,131
1088,2176.0,33.22472879479498,MASP2_Helo_CM,131
1089,2178.0,33.14072089614102,MASP2_Helo_CM,131
1090,2180.0,33.03212509824418,MASP2_Helo_CM,131
1091,2182.0,38.124325281315876,MASP2_Helo_CM,131
1092,2184.0,39.45647142907379,MASP2_Helo_CM,131
1093,2186.0,40.080019724481495,MASP2_Helo_CM,131
1094,2188.0,38.36994485423196,MASP2_Helo_CM,131
1095,2190.0,36.52651809903765,MASP2_Helo_CM,131
1096,2192.0,36.63039572371118,MASP2_Helo_CM,131
1097,2194.0,36.98259649214339,MASP2_Helo_CM,131
1098,2196.0,36.16870949191629,MASP2_Helo_CM,131
1099,2198.0,34.411698670220524,MASP2_Helo_CM,131
1100,2200.0,35.06746462106987,MASP2_Helo_CM,131
1101,2202.0,34.17030490786516,MASP2_Helo_CM,131
1102,2204.0,30.343882601342543,MASP2_Helo_CM,131
1103,2206.0,32.5937980918333,MASP2_Helo_CM,131
1104,2208.0,33.64221145881836,MASP2_Helo_CM,131
1105,2210.0,33.928144452937936,MASP2_Helo_CM,131
1106,2212.0,32.9517017244885,MASP2_Helo_CM,131
1107,2214.0,31.884834670061096,MASP2_Helo_CM,131
1108,2216.0,32.50852681938461,MASP2_Helo_CM,131
1109,2218.0,32.72988514076242,MASP2_Helo_CM,131
1110,2220.0,34.1888453314398,MASP2_Helo_CM,131
1111,2222.0,34.83363916301176,MASP2_Helo_CM,131
1112,2224.0,30.733848718264692,MASP2_Helo_CM,131
1113,2226.0,29.528616217880277,MASP2_Helo_CM,131
1114,2228.0,34.67213797611771,MASP2_Helo_CM,131
1115,2230.0,33.32478827806031,MASP2_Helo_CM,131
1116,2232.0,33.60806690095091,MASP2_Helo_CM,131
1117,2234.0,36.59744745352217,MASP2_Helo_CM,131
1118,2236.0,36.26933522076287,MASP2_Helo_CM,131
1119,2238.0,36.39387445776972,MASP2_Helo_CM,131
1120,2240.0,38.01399976854973,MASP2_Helo_CM,131
1121,2242.0,33.66743909561247,MASP2_Helo_CM,131
1122,2244.0,31.511675253530406,MASP2_Helo_CM,131
1123,2246.0,33.695683178151235,MASP2_Helo_CM,131
1124,2248.0,33.612377662169244,MASP2_Helo_CM,131
1125,2250.0,34.32466479504959,MASP2_Helo_CM,131
1126,2252.0,34.665866228340434,MASP2_Helo_CM,131
1127,2254.0,32.16381028523082,MASP2_Helo_CM,131
1128,2256.0,33.029703976667086,MASP2_Helo_CM,131
1129,2258.0,31.61629260677414,MASP2_Helo_CM,131
1130,2260.0,30.276737501676248,MASP2_Helo_CM,131
1131,2262.0,32.952367376220394,MASP2_Helo_CM,131
1132,2264.0,32.90864622336559,MASP2_Helo_CM,131
1133,2266.0,31.690137002597965,MASP2_Helo_CM,131
1134,2268.0,29.394380868009417,MASP2_Helo_CM,131
1135,2270.0,31.084251845889373,MASP2_Helo_CM,131
1136,2272.0,36.28527940232855,MASP2_Helo_CM,131
1137,2274.0,34.92482157028455,MASP2_Helo_CM,131
1138,2276.0,33.61377989942769,MASP2_Helo_CM,131
1139,2278.0,31.958165177370155,MASP2_Helo_CM,131
1140,2280.0,31.857436931534398,MASP2_Helo_CM,131
1141,2282.0,34.60730185898394,MASP2_Helo_CM,131
1142,2284.0,34.03558605651134,MASP2_Helo_CM,131
1143,2286.0,35.29416226440826,MASP2_Helo_CM,131
1144,2288.0,37.69789262869501,MASP2_Helo_CM,131
1145,2290.0,33.56323093927992,MASP2_Helo_CM,131
1146,2292.0,29.612514643997045,MASP2_Helo_CM,131
1147,2294.0,27.187970769779962,MASP2_Helo_CM,131
1148,2296.0,30.416073433782685,MASP2_Helo_CM,131
1149,2298.0,30.55345785162802,MASP2_Helo_CM,131
1150,2300.0,31.419809409674208,MASP2_Helo_CM,131
1151,2302.0,30.826277772820028,MASP2_Helo_CM,131
1152,2304.0,31.799019457056087,MASP2_Helo_CM,131
1153,2306.0,30.828025709638062,MASP2_Helo_CM,131
1154,2308.0,31.34302672418217,MASP2_Helo_CM,131
1155,2310.0,32.06295926879788,MASP2_Helo_CM,131
1156,2312.0,32.49653070164769,MASP2_Helo_CM,131
1157,2314.0,34.43717592669558,MASP2_Helo_CM,131
1158,2316.0,34.84793372100505,MASP2_Helo_CM,131
1159,2318.0,33.72228544226743,MASP2_Helo_CM,131
1160,2320.0,32.019785913407446,MASP2_Helo_CM,131
1161,2322.0,33.23357625798734,MASP2_Helo_CM,131
1162,2324.0,32.16847359450635,MASP2_Helo_CM,131
1163,2326.0,34.125031511647926,MASP2_Helo_CM,131
1164,2328.0,33.383496604295104,MASP2_Helo_CM,131
1165,2330.0,35.65568677752447,MASP2_Helo_CM,131
1166,2332.0,35.425892646285895,MASP2_Helo_CM,131
1167,2334.0,36.066419801924845,MASP2_Helo_CM,131
1168,2336.0,33.781546673994605,MASP2_Helo_CM,131
1169,2338.0,34.589341752025575,MASP2_Helo_CM,131
1170,2340.0,35.870178417353394,MASP2_Helo_CM,131
1171,2342.0,32.039088822770815,MASP2_Helo_CM,131
1172,2344.0,35.26575891220211,MASP2_Helo_CM,131
1173,2346.0,35.945999097832086,MASP2_Helo_CM,131
1174,2348.0,34.64461622600656,MASP2_Helo_CM,131
1175,2350.0,30.667160258531606,MASP2_Helo_CM,131
1176,2352.0,34.80750021906328,MASP2_Helo_CM,131
1177,2354.0,34.69314700944616,MASP2_Helo_CM,131
1178,2356.0,36.52069638014362,MASP2_Helo_CM,131
1179,2358.0,34.61183714990869,MASP2_Helo_CM,131
1180,2360.0,35.21620038844544,MASP2_Helo_CM,131
1181,2362.0,37.65570041779189,MASP2_Helo_CM,131
1182,2364.0,36.946132357217216,MASP2_Helo_CM,131
1183,2366.0,35.29108466293523,MASP2_Helo_CM,131
1184,2368.0,34.75125684169223,MASP2_Helo_CM,131
1185,2370.0,30.44556876163315,MASP2_Helo_CM,131
1186,2372.0,30.174710639600647,MASP2_Helo_CM,131
1187,2374.0,31.272714321402642,MASP2_Helo_CM,131
1188,2376.0,33.870261283813676,MASP2_Helo_CM,131
1189,2378.0,30.051945281912985,MASP2_Helo_CM,131
1190,2380.0,32.867442092400545,MASP2_Helo_CM,131
1191,2382.0,33.756675997481,MASP2_Helo_CM,131
1192,2384.0,34.10730572740012,MASP2_Helo_CM,131
1193,2386.0,35.47670793893176,MASP2_Helo_CM,131
1194,2388.0,33.45608448129156,MASP2_Helo_CM,131
1195,2390.0,36.691445016964444,MASP2_Helo_CM,131
1196,2392.0,38.70014725552148,MASP2_Helo_CM,131
1197,2394.0,37.54833692267187,MASP2_Helo_CM,131
1198,2396.0,36.777463684543065,MASP2_Helo_CM,131
1199,2398.0,36.251422329672735,MASP2_Helo_CM,131
1200,2400.0,36.67544364000418,MASP2_Helo_CM,131
1201,2402.0,36.07651460105644,MASP2_Helo_CM,131
1202,2404.0,37.802089252564215,MASP2_Helo_CM,131
1203,2406.0,35.01087301025144,MASP2_Helo_CM,131
1204,2408.0,34.8799325549839,MASP2_Helo_CM,131
1205,2410.0,33.47075174687922,MASP2_Helo_CM,131
1206,2412.0,32.905405073646996,MASP2_Helo_CM,131
1207,2414.0,34.60151128406029,MASP2_Helo_CM,131
1208,2416.0,34.778307464665716,MASP2_Helo_CM,131
1209,2418.0,34.84827599359604,MASP2_Helo_CM,131
1210,2420.0,33.25502260651658,MASP2_Helo_CM,131
1211,2422.0,37.11905452832025,MASP2_Helo_CM,131
1212,2424.0,38.10999668420327,MASP2_Helo_CM,131
1213,2426.0,40.17371822030774,MASP2_Helo_CM,131
1214,2428.0,39.1708717195439,MASP2_Helo_CM,131
1215,2430.0,39.977955911623816,MASP2_Helo_CM,131
1216,2432.0,38.042610108211285,MASP2_Helo_CM,131
1217,2434.0,37.08455638301554,MASP2_Helo_CM,131
1218,2436.0,37.43565470472047,MASP2_Helo_CM,131
1219,2438.0,36.30170680840305,MASP2_Helo_CM,131
1220,2440.0,34.80555380611867,MASP2_Helo_CM,131
1221,2442.0,36.06151007470262,MASP2_Helo_CM,131
1222,2444.0,38.975728924798574,MASP2_Helo_CM,131
1223,2446.0,39.98623952445332,MASP2_Helo_CM,131
1224,2448.0,42.875304421032126,MASP2_Helo_CM,131
1225,2450.0,45.84888181995669,MASP2_Helo_CM,131
1226,2452.0,46.7418159263947,MASP2_Helo_CM,131
1227,2454.0,46.6272854609084,MASP2_Helo_CM,131
1228,2456.0,45.87669605439689,MASP2_Helo_CM,131
1229,2458.0,45.54002019829277,MASP2_Helo_CM,131
1230,2460.0,42.652119490921294,MASP2_Helo_CM,131
1231,2462.0,43.308433500261465,MASP2_Helo_CM,131
1232,2464.0,44.33235281274892,MASP2_Helo_CM,131
1233,2466.0,44.783328892749026,MASP2_Helo_CM,131
1234,2468.0,41.257739149660836,MASP2_Helo_CM,131
1235,2470.0,40.00252680495074,MASP2_Helo_CM,131
1236,2472.0,40.55627661091357,MASP2_Helo_CM,131
1237,2474.0,39.77637233745392,MASP2_Helo_CM,131
1238,2476.0,39.41918601945263,MASP2_Helo_CM,131
1239,2478.0,39.96970467683521,MASP2_Helo_CM,131
1240,2480.0,39.13574669362683,MASP2_Helo_CM,131
1241,2482.0,37.50553054874909,MASP2_Helo_CM,131
1242,2484.0,39.0375874063543,MASP2_Helo_CM,131
1243,2486.0,37.62649660552457,MASP2_Helo_CM,131
1244,2488.0,37.198291594533735,MASP2_Helo_CM,131
1245,2490.0,37.654048093355875,MASP2_Helo_CM,131
1246,2492.0,37.43282607145852,MASP2_Helo_CM,131
1247,2494.0,37.199687380488726,MASP2_Helo_CM,131
1248,2496.0,35.56000326487158,MASP2_Helo_CM,131
1249,2498.0,35.904014808968945,MASP2_Helo_CM,131
1250,2500.0,37.072559659070485,MASP2_Helo_CM,131
1251,2502.0,34.55738932102616,MASP2_Helo_CM,131
1252,2504.0,35.80814020397081,MASP2_Helo_CM,131
1253,2506.0,35.188695789091625,MASP2_Helo_CM,131
1254,2508.0,32.05030323313141,MASP2_Helo_CM,131
1255,2510.0,31.00462415230998,MASP2_Helo_CM,131
1256,2512.0,32.80211266574707,MASP2_Helo_CM,131
1257,2514.0,34.04640978191157,MASP2_Helo_CM,131
1258,2516.0,33.128191820169036,MASP2_Helo_CM,131
1259,2518.0,34.61443176254125,MASP2_Helo_CM,131
1260,2520.0,32.70518433455516,MASP2_Helo_CM,131
1261,2522.0,34.02362323804256,MASP2_Helo_CM,131
1262,2524.0,34.2483976335759,MASP2_Helo_CM,131
1263,2526.0,32.882434777423846,MASP2_Helo_CM,131
1264,2528.0,33.7554701281611,MASP2_Helo_CM,131
1265,2530.0,36.68250296494383,MASP2_Helo_CM,131
1266,2532.0,35.38384098314255,MASP2_Helo_CM,131
1267,2534.0,36.08441285578611,MASP2_Helo_CM,131
1268,2536.0,35.44001478767576,MASP2_Helo_CM,131
1269,2538.0,35.10441651229942,MASP2_Helo_CM,131
1270,2540.0,34.983729978889585,MASP2_Helo_CM,131
1271,2542.0,34.19991669079361,MASP2_Helo_CM,131
1272,2544.0,35.12571701384361,MASP2_Helo_CM,131
1273,2546.0,33.90238710977218,MASP2_Helo_CM,131
1274,2548.0,35.16903534501907,MASP2_Helo_CM,131
1275,2550.0,33.15775954448658,MASP2_Helo_CM,131
1276,2552.0,33.42276524740029,MASP2_Helo_CM,131
1277,2554.0,32.39897915631219,MASP2_Helo_CM,131
1278,2556.0,29.467833021629943,MASP2_Helo_CM,131
1279,2558.0,31.446664301456256,MASP2_Helo_CM,131
1280,2560.0,29.115043202131364,MASP2_Helo_CM,131
1281,2562.0,30.3003555393055,MASP2_Helo_CM,131
1282,2564.0,30.889260409076982,MASP2_Helo_CM,131
1283,2566.0,32.832626652582626,MASP2_Helo_CM,131
1284,2568.0,34.14096629234027,MASP2_Helo_CM,131
1285,2570.0,32.07480817836499,MASP2_Helo_CM,131
1286,2572.0,31.599973743275395,MASP2_Helo_CM,131
1287,2574.0,31.754261447314825,MASP2_Helo_CM,131
1288,2576.0,32.62351197425956,MASP2_Helo_CM,131
1289,2578.0,33.111545614635325,MASP2_Helo_CM,131
1290,2580.0,34.72553946983103,MASP2_Helo_CM,131
1291,2582.0,34.80624545995693,MASP2_Helo_CM,131
1292,2584.0,33.757168496505585,MASP2_Helo_CM,131
1293,2586.0,31.657524641793575,MASP2_Helo_CM,131
1294,2588.0,30.17071420295104,MASP2_Helo_CM,131
1295,2590.0,30.111267250286264,MASP2_Helo_CM,131
1296,2592.0,27.787462623698726,MASP2_Helo_CM,131
1297,2594.0,28.5522570493976,MASP2_Helo_CM,131
1298,2596.0,28.189335303221117,MASP2_Helo_CM,131
1299,2598.0,29.722574268587888,MASP2_Helo_CM,131
1300,2600.0,30.122700892700713,MASP2_Helo_CM,131
1301,2602.0,31.04811063627339,MASP2_Helo_CM,131
1302,2604.0,32.14637825957865,MASP2_Helo_CM,131
1303,2606.0,34.1210293706019,MASP2_Helo_CM,131
1304,2608.0,31.06472839982425,MASP2_Helo_CM,131
1305,2610.0,30.502989677615435,MASP2_Helo_CM,131
1306,2612.0,30.95853090646809,MASP2_Helo_CM,131
1307,2614.0,31.557689773702926,MASP2_Helo_CM,131
1308,2616.0,33.41811298050453,MASP2_Helo_CM,131
1309,2618.0,33.8247756647272,MASP2_Helo_CM,131
1310,2620.0,33.68716544469663,MASP2_Helo_CM,131
1311,2622.0,34.18638248403857,MASP2_Helo_CM,131
1312,2624.0,31.109697302194636,MASP2_Helo_CM,131
1313,2626.0,33.2248673789497,MASP2_Helo_CM,131
1314,2628.0,32.181788435294564,MASP2_Helo_CM,131
1315,2630.0,32.55619888581307,MASP2_Helo_CM,131
1316,2632.0,33.512384473572205,MASP2_Helo_CM,131
1317,2634.0,31.90270940828581,MASP2_Helo_CM,131
1318,2636.0,32.77780076978155,MASP2_Helo_CM,131
1319,2638.0,31.909619389493642,MASP2_Helo_CM,131
1320,2640.0,30.02053924237816,MASP2_Helo_CM,131
1321,2642.0,29.24818200545861,MASP2_Helo_CM,131
1322,2644.0,28.264056564164793,MASP2_Helo_CM,131
1323,2646.0,29.97836739910085,MASP2_Helo_CM,131
1324,2648.0,32.28824424494235,MASP2_Helo_CM,131
1325,2650.0,34.40295879379679,MASP2_Helo_CM,131
1326,2652.0,32.76687468754121,MASP2_Helo_CM,131
1327,2654.0,31.939657380518103,MASP2_Helo_CM,131
1328,2656.0,32.072994962334974,MASP2_Helo_CM,131
1329,2658.0,34.36764381414058,MASP2_Helo_CM,131
1330,2660.0,35.191639348347,MASP2_Helo_CM,131
1331,2662.0,34.25676612373945,MASP2_Helo_CM,131
1332,2664.0,34.01626657769964,MASP2_Helo_CM,131
1333,2666.0,35.26789722977788,MASP2_Helo_CM,131
1334,2668.0,35.11425924072983,MASP2_Helo_CM,131
1335,2670.0,35.168228916514224,MASP2_Helo_CM,131
1336,2672.0,34.89556324247031,MASP2_Helo_CM,131
1337,2674.0,35.150745740960325,MASP2_Helo_CM,131
1338,2676.0,36.5598515721813,MASP2_Helo_CM,131
1339,2678.0,37.8337589657217,MASP2_Helo_CM,131
1340,2680.0,35.622799589629174,MASP2_Helo_CM,131
1341,2682.0,36.58048242180066,MASP2_Helo_CM,131
1342,2684.0,36.179054517554476,MASP2_Helo_CM,131
1343,2686.0,34.34472868534253,MASP2_Helo_CM,131
1344,2688.0,34.68100610132698,MASP2_Helo_CM,131
1345,2690.0,31.706852243525148,MASP2_Helo_CM,131
1346,2692.0,32.454101392923256,MASP2_Helo_CM,131
1347,2694.0,33.824131572958045,MASP2_Helo_CM,131
1348,2696.0,32.63917436232283,MASP2_Helo_CM,131
1349,2698.0,33.36000334787324,MASP2_Helo_CM,131
1350,2700.0,33.106822799235324,MASP2_Helo_CM,131
1351,2702.0,33.683072081759896,MASP2_Helo_CM,131
1352,2704.0,34.207564424556324,MASP2_Helo_CM,131
1353,2706.0,33.51011501532485,MASP2_Helo_CM,131
1354,2708.0,32.63158806718245,MASP2_Helo_CM,131
1355,2710.0,33.300499946356275,MASP2_Helo_CM,131
1356,2712.0,34.276016689738434,MASP2_Helo_CM,131
1357,2714.0,34.73024578764949,MASP2_Helo_CM,131
1358,2716.0,33.07561715115213,MASP2_Helo_CM,131
1359,2718.0,33.88208270458826,MASP2_Helo_CM,131
1360,2720.0,34.12521415567588,MASP2_Helo_CM,131
1361,2722.0,34.84664558066174,MASP2_Helo_CM,131
1362,2724.0,34.37893967384829,MASP2_Helo_CM,131
1363,2726.0,34.058801661375156,MASP2_Helo_CM,131
1364,2728.0,33.994612704042986,MASP2_Helo_CM,131
1365,2730.0,32.82808238670826,MASP2_Helo_CM,131
1366,2732.0,33.94169728714153,MASP2_Helo_CM,131
1367,2734.0,34.072481850669675,MASP2_Helo_CM,131
1368,2736.0,34.252770577312084,MASP2_Helo_CM,131
1369,2738.0,34.846859984857986,MASP2_Helo_CM,131
1370,2740.0,34.31037452990121,MASP2_Helo_CM,131
1371,2742.0,34.880292134425446,MASP2_Helo_CM,131
1372,2744.0,33.43563543689134,MASP2_Helo_CM,131
1373,2746.0,33.35441526851601,MASP2_Helo_CM,131
1374,2748.0,31.77762984512582,MASP2_Helo_CM,131
1375,2750.0,31.874941268862052,MASP2_Helo_CM,131
1376,2752.0,32.43958008821053,MASP2_Helo_CM,131
1377,2754.0,33.29651463634616,MASP2_Helo_CM,131
1378,2756.0,31.62457234673566,MASP2_Helo_CM,131
1379,2758.0,31.996574281188156,MASP2_Helo_CM,131
1380,2760.0,29.629814918487494,MASP2_Helo_CM,131
1381,2762.0,32.74075520237925,MASP2_Helo_CM,131
1382,2764.0,32.640843941023945,MASP2_Helo_CM,131
1383,2766.0,31.98191456665366,MASP2_Helo_CM,131
1384,2768.0,31.79613985762949,MASP2_Helo_CM,131
1385,2770.0,33.37391789717037,MASP2_Helo_CM,131
1386,2772.0,32.20635331860296,MASP2_Helo_CM,131
1387,2774.0,32.45707132264171,MASP2_Helo_CM,131
1388,2776.0,33.18192376153142,MASP2_Helo_CM,131
1389,2778.0,33.47557803625217,MASP2_Helo_CM,131
1390,2780.0,34.155745713596176,MASP2_Helo_CM,131
1391,2782.0,33.314013717280964,MASP2_Helo_CM,131
1392,2784.0,33.443564366096126,MASP2_Helo_CM,131
1393,2786.0,32.39966260263075,MASP2_Helo_CM,131
1394,2788.0,32.797661086136316,MASP2_Helo_CM,131
1395,2790.0,32.10793550195881,MASP2_Helo_CM,131
1396,2792.0,34.22012818460603,MASP2_Helo_CM,131
1397,2794.0,35.05977215359473,MASP2_Helo_CM,131
1398,2796.0,32.00728290189851,MASP2_Helo_CM,131
1399,2798.0,34.60465524522229,MASP2_Helo_CM,131
1400,2800.0,34.57859853971363,MASP2_Helo_CM,131
1401,2802.0,33.667353077753276,MASP2_Helo_CM,131
1402,2804.0,34.34053183299405,MASP2_Helo_CM,131
1403,2806.0,33.40361062465264,MASP2_Helo_CM,131
1404,2808.0,33.40986230983496,MASP2_Helo_CM,131
1405,2810.0,31.976043727335774,MASP2_Helo_CM,131
1406,2812.0,31.450654537996883,MASP2_Helo_CM,131
1407,2814.0,32.36994365562375,MASP2_Helo_CM,131
1408,2816.0,35.008106335048005,MASP2_Helo_CM,131
1409,2818.0,33.71327398089568,MASP2_Helo_CM,131
1410,2820.0,32.91349689940963,MASP2_Helo_CM,131
1411,2822.0,33.37097898268169,MASP2_Helo_CM,131
1412,2824.0,33.27128230342462,MASP2_Helo_CM,131
1413,2826.0,33.796524170058504,MASP2_Helo_CM,131
1414,2828.0,33.91823117444956,MASP2_Helo_CM,131
1415,2830.0,33.53195817565629,MASP2_Helo_CM,131
1416,2832.0,33.85458420518313,MASP2_Helo_CM,131
1417,2834.0,32.929470086503045,MASP2_Helo_CM,131
1418,2836.0,32.775728215422305,MASP2_Helo_CM,131
1419,2838.0,33.73207611956599,MASP2_Helo_CM,131
1420,2840.0,31.544765629377196,MASP2_Helo_CM,131
1421,2842.0,30.062747413816897,MASP2_Helo_CM,131
1422,2844.0,32.266460689088724,MASP2_Helo_CM,131
1423,2846.0,30.016527468737817,MASP2_Helo_CM,131
1424,2848.0,32.63055578633532,MASP2_Helo_CM,131
1425,2850.0,30.95888407843785,MASP2_Helo_CM,131
1426,2852.0,32.298672682576324,MASP2_Helo_CM,131
1427,2854.0,32.66001979050656,MASP2_Helo_CM,131
1428,2856.0,31.376074827294914,MASP2_Helo_CM,131
1429,2858.0,31.94457161864835,MASP2_Helo_CM,131
1430,2860.0,29.33100893285328,MASP2_Helo_CM,131
1431,2862.0,29.744357351277078,MASP2_Helo_CM,131
1432,2864.0,27.74591099772181,MASP2_Helo_CM,131
1433,2866.0,28.78570214552277,MASP2_Helo_CM,131
1434,2868.0,29.20028889991002,MASP2_Helo_CM,131
1435,2870.0,29.47159022618377,MASP2_Helo_CM,131
1436,2872.0,31.137385786480515,MASP2_Helo_CM,131
1437,2874.0,32.24509000880391,MASP2_Helo_CM,131
1438,2876.0,32.79143020083596,MASP2_Helo_CM,131
1439,2878.0,31.4484205905178,MASP2_Helo_CM,131
1440,2880.0,31.804872406998005,MASP2_Helo_CM,131
1441,2882.0,31.527327812640742,MASP2_Helo_CM,131
1442,2884.0,32.888064749027734,MASP2_Helo_CM,131
1443,2886.0,31.705109845976715,MASP2_Helo_CM,131
1444,2888.0,34.17238320737665,MASP2_Helo_CM,131
1445,2890.0,32.24316724870274,MASP2_Helo_CM,131
1446,2892.0,32.52993198903999,MASP2_Helo_CM,131
1447,2894.0,34.32798682321129,MASP2_Helo_CM,131
1448,2896.0,32.3849822963268,MASP2_Helo_CM,131
1449,2898.0,33.393024713360475,MASP2_Helo_CM,131
1450,2900.0,32.25501133190736,MASP2_Helo_CM,131
1451,2902.0,34.411520891171634,MASP2_Helo_CM,131
1452,2904.0,34.333609752202776,MASP2_Helo_CM,131
1453,2906.0,30.94405532145401,MASP2_Helo_CM,131
1454,2908.0,32.42868428528667,MASP2_Helo_CM,131
1455,2910.0,30.733894097342862,MASP2_Helo_CM,131
1456,2912.0,31.03076770135006,MASP2_Helo_CM,131
1457,2914.0,30.70859660996102,MASP2_Helo_CM,131
1458,2916.0,31.485773991708804,MASP2_Helo_CM,131
1459,2918.0,34.59982324658541,MASP2_Helo_CM,131
1460,2920.0,33.9636787816766,MASP2_Helo_CM,131
1461,2922.0,33.096870695885556,MASP2_Helo_CM,131
1462,2924.0,33.50841825090357,MASP2_Helo_CM,131
1463,2926.0,32.27232290548519,MASP2_Helo_CM,131
1464,2928.0,31.894990323504786,MASP2_Helo_CM,131
1465,2930.0,30.78130801880607,MASP2_Helo_CM,131
1466,2932.0,29.200898997478152,MASP2_Helo_CM,131
1467,2934.0,29.31966289684386,MASP2_Helo_CM,131
1468,2936.0,30.80764351002513,MASP2_Helo_CM,131
1469,2938.0,29.38291042471476,MASP2_Helo_CM,131
1470,2940.0,31.371685400489245,MASP2_Helo_CM,131
1471,2942.0,33.219652277053044,MASP2_Helo_CM,131
1472,2944.0,32.18690590274532,MASP2_Helo_CM,131
1473,2946.0,32.792910853539446,MASP2_Helo_CM,131
1474,2948.0,30.636722665789,MASP2_Helo_CM,131
1475,2950.0,32.187088258477075,MASP2_Helo_CM,131
1476,2952.0,29.423455606025396,MASP2_Helo_CM,131
1477,2954.0,28.359090164742966,MASP2_Helo_CM,131
1478,2956.0,28.842502443839138,MASP2_Helo_CM,131
1479,2958.0,29.355081140310475,MASP2_Helo_CM,131
1480,2960.0,31.23514410333101,MASP2_Helo_CM,131
1481,2962.0,29.953125704456717,MASP2_Helo_CM,131
1482,2964.0,31.297930904770965,MASP2_Helo_CM,131
1483,2966.0,31.915947900154954,MASP2_Helo_CM,131
1484,2968.0,29.705936454645258,MASP2_Helo_CM,131
1485,2970.0,30.136221264849965,MASP2_Helo_CM,131
1486,2972.0,28.704691283355018,MASP2_Helo_CM,131
1487,2974.0,27.967030844996092,MASP2_Helo_CM,131
1488,2976.0,29.450508475692647,MASP2_Helo_CM,131
1489,2978.0,28.793350498662885,MASP2_Helo_CM,131
1490,2980.0,29.43400199864654,MASP2_Helo_CM,131
1491,2982.0,29.36410669675103,MASP2_Helo_CM,131
1492,2984.0,29.477114729140855,MASP2_Helo_CM,131
1493,2986.0,28.7401007088679,MASP2_Helo_CM,131
1494,2988.0,29.60392018480423,MASP2_Helo_CM,131
1495,2990.0,30.837626670765403,MASP2_Helo_CM,131
1496,2992.0,29.93240273659218,MASP2_Helo_CM,131
1497,2994.0,29.20320982833536,MASP2_Helo_CM,131
1498,2996.0,29.535247012593384,MASP2_Helo_CM,131
1499,2998.0,29.738903865476527,MASP2_Helo_CM,131
1500,3000.0,28.748949953408072,MASP2_Helo_CM,131
1501,3002.0,29.593733625477316,MASP2_Helo_CM,131
1502,3004.0,28.25083533650018,MASP2_Helo_CM,131
1503,3006.0,27.889722644965786,MASP2_Helo_CM,131
1504,3008.0,25.192508237027145,MASP2_Helo_CM,131
1505,3010.0,30.09601025662236,MASP2_Helo_CM,131
1506,3012.0,30.509967468305085,MASP2_Helo_CM,131
1507,3014.0,30.889846804564097,MASP2_Helo_CM,131
1508,3016.0,31.673713235678616,MASP2_Helo_CM,131
1509,3018.0,31.559531799118837,MASP2_Helo_CM,131
1510,3020.0,32.11876097497511,MASP2_Helo_CM,131
1511,3022.0,31.777546672132807,MASP2_Helo_CM,131
1512,3024.0,30.45811664939505,MASP2_Helo_CM,131
1513,3026.0,28.628639730295497,MASP2_Helo_CM,131
1514,3028.0,26.808192240977984,MASP2_Helo_CM,131
1515,3030.0,27.040659261786367,MASP2_Helo_CM,131
1516,3032.0,26.473861966353663,MASP2_Helo_CM,131
1517,3034.0,28.397713110047984,MASP2_Helo_CM,131
1518,3036.0,30.05289446108087,MASP2_Helo_CM,131
1519,3038.0,28.94986424492027,MASP2_Helo_CM,131
1520,3040.0,30.227281076514448,MASP2_Helo_CM,131
1521,3042.0,28.988823087180187,MASP2_Helo_CM,131
1522,3044.0,29.980538727729744,MASP2_Helo_CM,131
1523,3046.0,28.036925342698833,MASP2_Helo_CM,131
1524,3048.0,29.15841710968749,MASP2_Helo_CM,131
1525,3050.0,28.50622294959305,MASP2_Helo_CM,131
1526,3052.0,30.44980735333888,MASP2_Helo_CM,131
1527,3054.0,29.341986485356667,MASP2_Helo_CM,131
1528,3056.0,30.655146661530882,MASP2_Helo_CM,131
1529,3058.0,29.43449129215859,MASP2_Helo_CM,131
1530,3060.0,27.7001722413698,MASP2_Helo_CM,131
1531,3062.0,26.92190479535013,MASP2_Helo_CM,131
1532,3064.0,26.74359627237327,MASP2_Helo_CM,131
1533,3066.0,28.07154197156493,MASP2_Helo_CM,131
1534,3068.0,29.5677455310262,MASP2_Helo_CM,131
1535,3070.0,28.92900069513059,MASP2_Helo_CM,131
1536,3072.0,27.780170269739738,MASP2_Helo_CM,131
1537,3074.0,29.630994049957835,MASP2_Helo_CM,131
1538,3076.0,27.898257392732873,MASP2_Helo_CM,131
1539,3078.0,28.768017267066664,MASP2_Helo_CM,131
1540,3080.0,27.783052585976144,MASP2_Helo_CM,131
1541,3082.0,27.314954178598217,MASP2_Helo_CM,131
1542,3084.0,28.210772470524397,MASP2_Helo_CM,131
1543,3086.0,30.240055210897857,MASP2_Helo_CM,131
1544,3088.0,28.85724762174489,MASP2_Helo_CM,131
1545,3090.0,29.705508861621137,MASP2_Helo_CM,131
1546,3092.0,29.382581860255193,MASP2_Helo_CM,131
1547,3094.0,28.686247875305963,MASP2_Helo_CM,131
1548,3096.0,29.24100278879977,MASP2_Helo_CM,131
1549,3098.0,28.592718885993637,MASP2_Helo_CM,131
1550,3100.0,29.52840221950427,MASP2_Helo_CM,131
1551,3102.0,27.361480117721296,MASP2_Helo_CM,131
1552,3104.0,29.735027193053163,MASP2_Helo_CM,131
1553,3106.0,29.908667369237214,MASP2_Helo_CM,131
1554,3108.0,27.96644913066101,MASP2_Helo_CM,131
1555,3110.0,30.14296746153587,MASP2_Helo_CM,131
1556,3112.0,26.480540685813693,MASP2_Helo_CM,131
1557,3114.0,22.858999639980038,MASP2_Helo_CM,131
1558,3116.0,22.888135618662435,MASP2_Helo_CM,131
1559,3118.0,24.885410528193464,MASP2_Helo_CM,131
1560,3120.0,26.950592855872998,MASP2_Helo_CM,131
1561,3122.0,28.605352279650177,MASP2_Helo_CM,131
1562,3124.0,30.07594485990221,MASP2_Helo_CM,131
1563,3126.0,29.813932907367516,MASP2_Helo_CM,131
1564,3128.0,29.38507462770496,MASP2_Helo_CM,131
1565,3130.0,30.529765986078132,MASP2_Helo_CM,131
1566,3132.0,28.309124885132828,MASP2_Helo_CM,131
1567,3134.0,28.416119131926312,MASP2_Helo_CM,131
1568,3136.0,30.465631832473694,MASP2_Helo_CM,131
1569,3138.0,27.636537287170583,MASP2_Helo_CM,131
1570,3140.0,28.52392252407962,MASP2_Helo_CM,131
1571,3142.0,30.09705651147172,MASP2_Helo_CM,131
1572,3144.0,28.78437884122552,MASP2_Helo_CM,131
1573,3146.0,29.085494976567354,MASP2_Helo_CM,131
1574,3148.0,25.763645014955,MASP2_Helo_CM,131
1575,3150.0,25.623719561251058,MASP2_Helo_CM,131
1576,3152.0,27.181752084297425,MASP2_Helo_CM,131
1577,3154.0,27.76376251844945,MASP2_Helo_CM,131
1578,3156.0,24.749136652815437,MASP2_Helo_CM,131
1579,3158.0,25.819202257040093,MASP2_Helo_CM,131
1580,3160.0,24.665705423700157,MASP2_Helo_CM,131
1581,3162.0,29.516822906581734,MASP2_Helo_CM,131
1582,3164.0,29.143787389554113,MASP2_Helo_CM,131
1583,3166.0,28.578198606215313,MASP2_Helo_CM,131
1584,3168.0,30.396846033110105,MASP2_Helo_CM,131
1585,3170.0,30.1125912667254,MASP2_Helo_CM,131
1586,3172.0,30.18448372918633,MASP2_Helo_CM,131
1587,3174.0,29.324115843221378,MASP2_Helo_CM,131
1588,3176.0,29.58653473003098,MASP2_Helo_CM,131
1589,3178.0,29.350396802587177,MASP2_Helo_CM,131
1590,3180.0,27.57039065408426,MASP2_Helo_CM,131
1591,3182.0,28.14477973503046,MASP2_Helo_CM,131
1592,3184.0,28.74511432605689,MASP2_Helo_CM,131
1593,3186.0,26.62349750576676,MASP2_Helo_CM,131
1594,3188.0,28.326228952906288,MASP2_Helo_CM,131
1595,3190.0,27.247038962874846,MASP2_Helo_CM,131
1596,3192.0,29.139250750590136,MASP2_Helo_CM,131
1597,3194.0,29.933506614178842,MASP2_Helo_CM,131
1598,3196.0,29.40430159791411,MASP2_Helo_CM,131
1599,3198.0,29.43519489262114,MASP2_Helo_CM,131
1600,3200.0,29.849600215282543,MASP2_Helo_CM,131
1601,3202.0,29.855952200582262,MASP2_Helo_CM,131
1602,3204.0,31.645395135622177,MASP2_Helo_CM,131
1603,3206.0,30.479412171749726,MASP2_Helo_CM,131
1604,3208.0,29.94012707968941,MASP2_Helo_CM,131
1605,3210.0,29.10473398061085,MASP2_Helo_CM,131
1606,3212.0,28.32462911172629,MASP2_Helo_CM,131
1607,3214.0,28.457639070934476,MASP2_Helo_CM,131
1608,3216.0,32.1128813066701,MASP2_Helo_CM,131
1609,3218.0,31.845071922241885,MASP2_Helo_CM,131
1610,3220.0,31.33220770329404,MASP2_Helo_CM,131
1611,3222.0,30.770962731077173,MASP2_Helo_CM,131
1612,3224.0,29.31694287755275,MASP2_Helo_CM,131
1613,3226.0,28.8100458568616,MASP2_Helo_CM,131
1614,3228.0,30.33575410652868,MASP2_Helo_CM,131
1615,3230.0,26.873836207090836,MASP2_Helo_CM,131
1616,3232.0,29.171911440221802,MASP2_Helo_CM,131
1617,3234.0,26.99360710939507,MASP2_Helo_CM,131
1618,3236.0,27.64224587709854,MASP2_Helo_CM,131
1619,3238.0,28.097716829888302,MASP2_Helo_CM,131
1620,3240.0,27.060276001299922,MASP2_Helo_CM,131
1621,3242.0,27.608954258145648,MASP2_Helo_CM,131
1622,3244.0,27.854373051774516,MASP2_Helo_CM,131
1623,3246.0,28.053883236993972,MASP2_Helo_CM,131
1624,3248.0,26.811781632517388,MASP2_Helo_CM,131
1625,3250.0,30.78814455062872,MASP2_Helo_CM,131
1626,3252.0,28.333666698307212,MASP2_Helo_CM,131
1627,3254.0,30.23068181951198,MASP2_Helo_CM,131
1628,3256.0,31.325326672359772,MASP2_Helo_CM,131
1629,3258.0,30.297255090962278,MASP2_Helo_CM,131
1630,3260.0,31.514144528646924,MASP2_Helo_CM,131
1631,3262.0,32.53142770112496,MASP2_Helo_CM,131
1632,3264.0,33.47361395435769,MASP2_Helo_CM,131
1633,3266.0,31.825801864825443,MASP2_Helo_CM,131
1634,3268.0,31.475506851727886,MASP2_Helo_CM,131
1635,3270.0,32.31173627170742,MASP2_Helo_CM,131
1636,3272.0,33.51419838285994,MASP2_Helo_CM,131
1637,3274.0,31.65855482717161,MASP2_Helo_CM,131
1638,3276.0,31.746238179037714,MASP2_Helo_CM,131
1639,3278.0,31.64154190983293,MASP2_Helo_CM,131
1640,3280.0,29.729860829406775,MASP2_Helo_CM,131
1641,3282.0,26.950678232380557,MASP2_Helo_CM,131
1642,3284.0,27.246779290727343,MASP2_Helo_CM,131
1643,3286.0,26.93115631593653,MASP2_Helo_CM,131
1644,3288.0,28.119088257152498,MASP2_Helo_CM,131
1645,3290.0,25.18015426790258,MASP2_Helo_CM,131
1646,3292.0,25.626476363639444,MASP2_Helo_CM,131
1647,3294.0,26.596008526145216,MASP2_Helo_CM,131
1648,3296.0,26.767640809057376,MASP2_Helo_CM,131
1649,3298.0,28.645340461971735,MASP2_Helo_CM,131
1650,3300.0,26.57061975097067,MASP2_Helo_CM,131
1651,3302.0,27.613520680000065,MASP2_Helo_CM,131
1652,3304.0,28.342498595926603,MASP2_Helo_CM,131
1653,3306.0,26.95329567303926,MASP2_Helo_CM,131
1654,3308.0,26.708933554154616,MASP2_Helo_CM,131
1655,3310.0,26.459160236625824,MASP2_Helo_CM,131
1656,3312.0,26.935572982413518,MASP2_Helo_CM,131
1657,3314.0,26.793658347089075,MASP2_Helo_CM,131
1658,3316.0,25.427211637930835,MASP2_Helo_CM,131
1659,3318.0,23.12737370901531,MASP2_Helo_CM,131
1660,3320.0,24.35707957570701,MASP2_Helo_CM,131
1661,3322.0,24.263466343509986,MASP2_Helo_CM,131
1662,3324.0,23.86115728384282,MASP2_Helo_CM,131
1663,3326.0,24.545886687871477,MASP2_Helo_CM,131
1664,3328.0,26.391951824561247,MASP2_Helo_CM,131
1665,3330.0,25.27109920120827,MASP2_Helo_CM,131
1666,3332.0,23.077506754159224,MASP2_Helo_CM,131
1667,3334.0,23.80488228974446,MASP2_Helo_CM,131
1668,3336.0,24.298165795399495,MASP2_Helo_CM,131
1669,3338.0,26.167424165106304,MASP2_Helo_CM,131
1670,3340.0,24.294556274334386,MASP2_Helo_CM,131
1671,3342.0,22.42322147073983,MASP2_Helo_CM,131
1672,3344.0,22.638268775503093,MASP2_Helo_CM,131
1673,3346.0,22.70179786442602,MASP2_Helo_CM,131
1674,3348.0,24.848116722026486,MASP2_Helo_CM,131
1675,3350.0,25.799857520201535,MASP2_Helo_CM,131
1676,3352.0,28.428196660696766,MASP2_Helo_CM,131
1677,3354.0,28.699076702904758,MASP2_Helo_CM,131
1678,3356.0,29.73249423014973,MASP2_Helo_CM,131
1679,3358.0,31.668497022691643,MASP2_Helo_CM,131
1680,3360.0,31.936647694548125,MASP2_Helo_CM,131
1681,3362.0,31.3487195944408,MASP2_Helo_CM,131
1682,3364.0,31.71394688249633,MASP2_Helo_CM,131
1683,3366.0,30.55604326446042,MASP2_Helo_CM,131
1684,3368.0,29.435440673418704,MASP2_Helo_CM,131
1685,3370.0,29.203817690514402,MASP2_Helo_CM,131
1686,3372.0,30.74719398387087,MASP2_Helo_CM,131
1687,3374.0,29.313252064640267,MASP2_Helo_CM,131
1688,3376.0,28.573817533430272,MASP2_Helo_CM,131
1689,3378.0,28.736370848250196,MASP2_Helo_CM,131
1690,3380.0,28.053590578979556,MASP2_Helo_CM,131
1691,3382.0,28.479485773201624,MASP2_Helo_CM,131
1692,3384.0,29.493663118484285,MASP2_Helo_CM,131
1693,3386.0,28.769171631811357,MASP2_Helo_CM,131
1694,3388.0,30.907312318000436,MASP2_Helo_CM,131
1695,3390.0,30.68065964051337,MASP2_Helo_CM,131
1696,3392.0,28.317745868913637,MASP2_Helo_CM,131
1697,3394.0,28.442613144611258,MASP2_Helo_CM,131
1698,3396.0,24.580897050162502,MASP2_Helo_CM,131
1699,3398.0,27.898517715989612,MASP2_Helo_CM,131
1700,3400.0,26.445788954969434,MASP2_Helo_CM,131
1701,3402.0,25.621260461293094,MASP2_Helo_CM,131
1702,3404.0,27.216333492736002,MASP2_Helo_CM,131
1703,3406.0,26.208607130592288,MASP2_Helo_CM,131
1704,3408.0,28.06351824046113,MASP2_Helo_CM,131
1705,3410.0,29.132026869119837,MASP2_Helo_CM,131
1706,3412.0,28.518634626426124,MASP2_Helo_CM,131
1707,3414.0,30.846753036639463,MASP2_Helo_CM,131
1708,3416.0,28.90174259260139,MASP2_Helo_CM,131
1709,3418.0,29.200423625100434,MASP2_Helo_CM,131
1710,3420.0,29.11800212999679,MASP2_Helo_CM,131
1711,3422.0,29.43415448175154,MASP2_Helo_CM,131
1712,3424.0,30.1250337315401,MASP2_Helo_CM,131
1713,3426.0,25.124722930025634,MASP2_Helo_CM,131
1714,3428.0,29.546828286644928,MASP2_Helo_CM,131
1715,3430.0,27.84732156124159,MASP2_Helo_CM,131
1716,3432.0,25.859087132859486,MASP2_Helo_CM,131
1717,3434.0,24.28276222016446,MASP2_Helo_CM,131
1718,3436.0,25.175756890102768,MASP2_Helo_CM,131
1719,3438.0,26.46174398819382,MASP2_Helo_CM,131
1720,3440.0,28.287787011819805,MASP2_Helo_CM,131
1721,3442.0,29.179560568559683,MASP2_Helo_CM,131
1722,3444.0,26.37406197504864,MASP2_Helo_CM,131
1723,3446.0,26.730020029517583,MASP2_Helo_CM,131
1724,3448.0,25.66737746895305,MASP2_Helo_CM,131
1725,3450.0,25.39710565019374,MASP2_Helo_CM,131
1726,3452.0,28.77870667265946,MASP2_Helo_CM,131
1727,3454.0,28.77082173982024,MASP2_Helo_CM,131
1728,3456.0,32.48222147949863,MASP2_Helo_CM,131
1729,3458.0,29.045426671380632,MASP2_Helo_CM,131
1730,3460.0,30.87722760125012,MASP2_Helo_CM,131
1731,3462.0,29.282333166894716,MASP2_Helo_CM,131
1732,3464.0,31.66660659732164,MASP2_Helo_CM,131
1733,3466.0,32.102734328064685,MASP2_Helo_CM,131
1734,3468.0,30.39864373734343,MASP2_Helo_CM,131
1735,3470.0,32.961628726101445,MASP2_Helo_CM,131
1736,3472.0,27.200709629078016,MASP2_Helo_CM,131
1737,3474.0,28.61682768108917,MASP2_Helo_CM,131
1738,3476.0,29.65175166002378,MASP2_Helo_CM,131
1739,3478.0,27.235397824171653,MASP2_Helo_CM,131
1740,3480.0,28.236116524987516,MASP2_Helo_CM,131
1741,3482.0,27.180668039375828,MASP2_Helo_CM,131
1742,3484.0,27.47097062768207,MASP2_Helo_CM,131
1743,3486.0,29.664905744156233,MASP2_Helo_CM,131
1744,3488.0,29.294122239552003,MASP2_Helo_CM,131
1745,3490.0,32.51317796350217,MASP2_Helo_CM,131
1746,3492.0,31.049953760274494,MASP2_Helo_CM,131
1747,3494.0,31.851217659042714,MASP2_Helo_CM,131
1748,3496.0,31.98819955692941,MASP2_Helo_CM,131
1749,3498.0,31.771960058823456,MASP2_Helo_CM,131
1750,3500.0,30.863996780213387,MASP2_Helo_CM,131
1751,3502.0,31.15653862072552,MASP2_Helo_CM,131
1752,3504.0,35.128307344611805,MASP2_Helo_CM,131
1753,3506.0,30.682013340262614,MASP2_Helo_CM,131
1754,3508.0,32.997293680442915,MASP2_Helo_CM,131
1755,3510.0,33.97732266637892,MASP2_Helo_CM,131
1756,3512.0,33.309491135177716,MASP2_Helo_CM,131
1757,3514.0,31.442314080854054,MASP2_Helo_CM,131
1758,3516.0,32.98695876184927,MASP2_Helo_CM,131
1759,3518.0,34.264531329969294,MASP2_Helo_CM,131
1760,3520.0,33.178251534370865,MASP2_Helo_CM,131
1761,3522.0,33.679929987191095,MASP2_Helo_CM,131
1762,3524.0,34.372192418751816,MASP2_Helo_CM,131
1763,3526.0,35.173824994700794,MASP2_Helo_CM,131
1764,3528.0,34.79798830885476,MASP2_Helo_CM,131
1765,3530.0,34.083663337902955,MASP2_Helo_CM,131
1766,3532.0,33.964702897278144,MASP2_Helo_CM,131
1767,3534.0,34.28222148217328,MASP2_Helo_CM,131
1768,3536.0,36.198096926092816,MASP2_Helo_CM,131
1769,3538.0,34.58461140335634,MASP2_Helo_CM,131
1770,3540.0,32.85102362431473,MASP2_Helo_CM,131
1771,3542.0,30.92542193246064,MASP2_Helo_CM,131
1772,3544.0,32.47568092634967,MASP2_Helo_CM,131
1773,3546.0,32.22134238542451,MASP2_Helo_CM,131
1774,3548.0,32.49601501915782,MASP2_Helo_CM,131
1775,3550.0,31.01365373282237,MASP2_Helo_CM,131
1776,3552.0,30.277806149082767,MASP2_Helo_CM,131
1777,3554.0,31.54558588187115,MASP2_Helo_CM,131
1778,3556.0,30.510045148171262,MASP2_Helo_CM,131
1779,3558.0,34.060480998961914,MASP2_Helo_CM,131
1780,3560.0,31.585519580248874,MASP2_Helo_CM,131
1781,3562.0,30.371054484490692,MASP2_Helo_CM,131
1782,3564.0,31.705484730664793,MASP2_Helo_CM,131
1783,3566.0,29.369689761885372,MASP2_Helo_CM,131
1784,3568.0,30.89491670775136,MASP2_Helo_CM,131
1785,3570.0,30.644225524882327,MASP2_Helo_CM,131
1786,3572.0,29.535310799997646,MASP2_Helo_CM,131
1787,3574.0,30.56025378115577,MASP2_Helo_CM,131
1788,3576.0,28.922958712322416,MASP2_Helo_CM,131
1789,3578.0,26.554406883067735,MASP2_Helo_CM,131
1790,3580.0,25.29392767509392,MASP2_Helo_CM,131
1791,3582.0,24.621690680786575,MASP2_Helo_CM,131
1792,3584.0,27.743491323869797,MASP2_Helo_CM,131
1793,3586.0,24.703859579981156,MASP2_Helo_CM,131
1794,3588.0,23.724077178490486,MASP2_Helo_CM,131
1795,3590.0,21.67289799780838,MASP2_Helo_CM,131
1796,3592.0,25.933208937576847,MASP2_Helo_CM,131
1797,3594.0,25.512816705480848,MASP2_Helo_CM,131
1798,3596.0,24.557019694471283,MASP2_Helo_CM,131
1799,3598.0,25.144687135164546,MASP2_Helo_CM,131
1800,3600.0,24.550709264639423,MASP2_Helo_CM,131
1801,3602.0,27.006464105667376,MASP2_Helo_CM,131
1802,3604.0,26.395254768192085,MASP2_Helo_CM,131
1803,3606.0,27.650063416580593,MASP2_Helo_CM,131
1804,3608.0,27.277657455075204,MASP2_Helo_CM,131
1805,3610.0,30.650275009481003,MASP2_Helo_CM,131
1806,3612.0,30.97208107361167,MASP2_Helo_CM,131
1807,3614.0,30.053476573246183,MASP2_Helo_CM,131
1808,3616.0,27.32166839218161,MASP2_Helo_CM,131
1809,3618.0,26.461591432311646,MASP2_Helo_CM,131
1810,3620.0,25.991796064877963,MASP2_Helo_CM,131
1811,3622.0,26.896724586206734,MASP2_Helo_CM,131
1812,3624.0,26.758313730653867,MASP2_Helo_CM,131
1813,3626.0,27.431273567112928,MASP2_Helo_CM,131
1814,3628.0,27.1324156405544,MASP2_Helo_CM,131
1815,3630.0,26.74939254178702,MASP2_Helo_CM,131
1816,3632.0,25.911416994560636,MASP2_Helo_CM,131
1817,3634.0,28.416627961368278,MASP2_Helo_CM,131
1818,3636.0,28.019235068772147,MASP2_Helo_CM,131
1819,3638.0,23.8079319578199,MASP2_Helo_CM,131
1820,3640.0,25.38488036277197,MASP2_Helo_CM,131
1821,3642.0,26.121272094496966,MASP2_Helo_CM,131
1822,3644.0,28.705400636349818,MASP2_Helo_CM,131
1823,3646.0,28.688215698389975,MASP2_Helo_CM,131
1824,3648.0,30.712233148933155,MASP2_Helo_CM,131
1825,3650.0,31.361033900864477,MASP2_Helo_CM,131
1826,3652.0,26.644332441981657,MASP2_Helo_CM,131
1827,3654.0,27.472785738096086,MASP2_Helo_CM,131
1828,3656.0,29.604160456911785,MASP2_Helo_CM,131
1829,3658.0,31.26680662306601,MASP2_Helo_CM,131
1830,3660.0,30.716572544367992,MASP2_Helo_CM,131
1831,3662.0,30.21223070544325,MASP2_Helo_CM,131
1832,3664.0,30.259882549797844,MASP2_Helo_CM,131
1833,3666.0,30.343651049010404,MASP2_Helo_CM,131
1834,3668.0,30.29695625039909,MASP2_Helo_CM,131
1835,3670.0,28.05696844549655,MASP2_Helo_CM,131
1836,3672.0,29.593094203953047,MASP2_Helo_CM,131
1837,3674.0,30.68345501201742,MASP2_Helo_CM,131
1838,3676.0,28.964842915190257,MASP2_Helo_CM,131
1839,3678.0,30.480097107483605,MASP2_Helo_CM,131
1840,3680.0,29.236090370921612,MASP2_Helo_CM,131
1841,3682.0,28.850007787280003,MASP2_Helo_CM,131
1842,3684.0,29.47187840445253,MASP2_Helo_CM,131
1843,3686.0,30.565940867480002,MASP2_Helo_CM,131
1844,3688.0,30.692868500512226,MASP2_Helo_CM,131
1845,3690.0,29.523318007582088,MASP2_Helo_CM,131
1846,3692.0,31.755496645184973,MASP2_Helo_CM,131
1847,3694.0,30.990392771470155,MASP2_Helo_CM,131
1848,3696.0,31.840095868894004,MASP2_Helo_CM,131
1849,3698.0,30.538409295755464,MASP2_Helo_CM,131
1850,3700.0,29.388766196278866,MASP2_Helo_CM,131
1851,3702.0,27.679706119474726,MASP2_Helo_CM,131
1852,3704.0,25.460672604380257,MASP2_Helo_CM,131
1853,3706.0,28.367642584752254,MASP2_Helo_CM,131
1854,3708.0,29.830552592174957,MASP2_Helo_CM,131
1855,3710.0,29.18997617511676,MASP2_Helo_CM,131
1856,3712.0,29.40621887565819,MASP2_Helo_CM,131
1857,3714.0,30.764242581600442,MASP2_Helo_CM,131
1858,3716.0,30.648102366382865,MASP2_Helo_CM,131
1859,3718.0,29.468285972980624,MASP2_Helo_CM,131
1860,3720.0,30.823710230915847,MASP2_Helo_CM,131
1861,3722.0,31.41713428472201,MASP2_Helo_CM,131
1862,3724.0,29.164186123789264,MASP2_Helo_CM,131
1863,3726.0,28.671183297688625,MASP2_Helo_CM,131
1864,3728.0,29.053310126264012,MASP2_Helo_CM,131
1865,3730.0,31.023846676689516,MASP2_Helo_CM,131
1866,3732.0,31.258838136551567,MASP2_Helo_CM,131
1867,3734.0,28.72007936526946,MASP2_Helo_CM,131
1868,3736.0,27.71635852277737,MASP2_Helo_CM,131
1869,3738.0,30.903806291219063,MASP2_Helo_CM,131
1870,3740.0,29.367583885542306,MASP2_Helo_CM,131
1871,3742.0,30.688220507861764,MASP2_Helo_CM,131
1872,3744.0,30.11468680757797,MASP2_Helo_CM,131
1873,3746.0,30.626364396549736,MASP2_Helo_CM,131
1874,3748.0,30.857323882036603,MASP2_Helo_CM,131
1875,3750.0,28.56321922788667,MASP2_Helo_CM,131
1876,3752.0,29.708878944034115,MASP2_Helo_CM,131
1877,3754.0,27.87160561218306,MASP2_Helo_CM,131
1878,3756.0,28.381800789922835,MASP2_Helo_CM,131
1879,3758.0,28.637659898193913,MASP2_Helo_CM,131
1880,3760.0,28.87745201207331,MASP2_Helo_CM,131
1881,3762.0,28.132835749450006,MASP2_Helo_CM,131
1882,3764.0,28.089322750826828,MASP2_Helo_CM,131
1883,3766.0,29.31820955241721,MASP2_Helo_CM,131
1884,3768.0,29.200565590271573,MASP2_Helo_CM,131
1885,3770.0,29.641157527900617,MASP2_Helo_CM,131
1886,3772.0,30.96516216344558,MASP2_Helo_CM,131
1887,3774.0,30.087526586767023,MASP2_Helo_CM,131
1888,3776.0,32.30651067587231,MASP2_Helo_CM,131
1889,3778.0,31.02398583911093,MASP2_Helo_CM,131
1890,3780.0,30.18674926032249,MASP2_Helo_CM,131
1891,3782.0,29.470528163615032,MASP2_Helo_CM,131
1892,3784.0,32.444742769612304,MASP2_Helo_CM,131
1893,3786.0,31.885303171528747,MASP2_Helo_CM,131
1894,3788.0,31.94787761848018,MASP2_Helo_CM,131
1895,3790.0,31.857832459643895,MASP2_Helo_CM,131
1896,3792.0,30.12444886171044,MASP2_Helo_CM,131
1897,3794.0,28.757575768165697,MASP2_Helo_CM,131
1898,3796.0,31.80469844617702,MASP2_Helo_CM,131
1899,3798.0,31.3749338280934,MASP2_Helo_CM,131
1900,3800.0,30.299814050913028,MASP2_Helo_CM,131
1901,3802.0,32.60979115771345,MASP2_Helo_CM,131
1902,3804.0,30.861474454455117,MASP2_Helo_CM,131
1903,3806.0,29.127291521224336,MASP2_Helo_CM,131
1904,3808.0,30.246376817564013,MASP2_Helo_CM,131
1905,3810.0,30.736228374305956,MASP2_Helo_CM,131
1906,3812.0,31.195610784940207,MASP2_Helo_CM,131
1907,3814.0,28.82873830061172,MASP2_Helo_CM,131
1908,3816.0,29.74275346722584,MASP2_Helo_CM,131
1909,3818.0,29.75510242974996,MASP2_Helo_CM,131
1910,3820.0,31.031584058028905,MASP2_Helo_CM,131
1911,3822.0,32.45937701863049,MASP2_Helo_CM,131
1912,3824.0,32.25449306887079,MASP2_Helo_CM,131
1913,3826.0,32.247406992288994,MASP2_Helo_CM,131
1914,3828.0,29.434268037297894,MASP2_Helo_CM,131
1915,3830.0,31.050089157556272,MASP2_Helo_CM,131
1916,3832.0,32.53515301902384,MASP2_Helo_CM,131
1917,3834.0,31.904711828483748,MASP2_Helo_CM,131
1918,3836.0,31.4828153431255,MASP2_Helo_CM,131
1919,3838.0,30.149088873308376,MASP2_Helo_CM,131
1920,3840.0,31.8238246122393,MASP2_Helo_CM,131
1921,3842.0,29.493976092447433,MASP2_Helo_CM,131
1922,3844.0,30.104937250702616,MASP2_Helo_CM,131
1923,3846.0,27.56497685186498,MASP2_Helo_CM,131
1924,3848.0,29.44434707235067,MASP2_Helo_CM,131
1925,3850.0,28.46276883356245,MASP2_Helo_CM,131
1926,3852.0,31.909492971527534,MASP2_Helo_CM,131
1927,3854.0,30.72444322065537,MASP2_Helo_CM,131
1928,3856.0,28.934640907765154,MASP2_Helo_CM,131
1929,3858.0,31.548869786869705,MASP2_Helo_CM,131
1930,3860.0,30.37894938640287,MASP2_Helo_CM,131
1931,3862.0,31.183957195987638,MASP2_Helo_CM,131
1932,3864.0,32.38630286689378,MASP2_Helo_CM,131
1933,3866.0,32.085115989217854,MASP2_Helo_CM,131
1934,3868.0,32.18299826702455,MASP2_Helo_CM,131
1935,3870.0,30.94554510550223,MASP2_Helo_CM,131
1936,3872.0,30.01649872422029,MASP2_Helo_CM,131
1937,3874.0,30.861509285614375,MASP2_Helo_CM,131
1938,3876.0,31.572104349685603,MASP2_Helo_CM,131
1939,3878.0,29.972860432970563,MASP2_Helo_CM,131
1940,3880.0,27.83075562328097,MASP2_Helo_CM,131
1941,3882.0,26.956681078202266,MASP2_Helo_CM,131
1942,3884.0,25.94851164726263,MASP2_Helo_CM,131
1943,3886.0,26.06314935280698,MASP2_Helo_CM,131
1944,3888.0,27.621129778751484,MASP2_Helo_CM,131
1945,3890.0,27.92754481231846,MASP2_Helo_CM,131
1946,3892.0,29.26703781161665,MASP2_Helo_CM,131
1947,3894.0,29.831950596310286,MASP2_Helo_CM,131
1948,3896.0,29.656801700865564,MASP2_Helo_CM,131
1949,3898.0,29.659497580401773,MASP2_Helo_CM,131
1950,3900.0,29.454254738967265,MASP2_Helo_CM,131
1951,3902.0,27.172734660535713,MASP2_Helo_CM,131
1952,3904.0,30.91197825142513,MASP2_Helo_CM,131
1953,3906.0,28.047558069892318,MASP2_Helo_CM,131
1954,3908.0,28.60355572952797,MASP2_Helo_CM,131
1955,3910.0,28.076661899188053,MASP2_Helo_CM,131
1956,3912.0,31.130709980289556,MASP2_Helo_CM,131
1957,3914.0,25.404402228353934,MASP2_Helo_CM,131
1958,3916.0,23.98143153665117,MASP2_Helo_CM,131
1959,3918.0,24.78422578688213,MASP2_Helo_CM,131
1960,3920.0,27.91850622178329,MASP2_Helo_CM,131
1961,3922.0,27.078098863766954,MASP2_Helo_CM,131
1962,3924.0,25.049305970352155,MASP2_Helo_CM,131
1963,3926.0,25.814858699517515,MASP2_Helo_CM,131
1964,3928.0,24.936068954516262,MASP2_Helo_CM,131
1965,3930.0,26.021918166680344,MASP2_Helo_CM,131
1966,3932.0,25.192817519738288,MASP2_Helo_CM,131
1967,3934.0,24.93405892465479,MASP2_Helo_CM,131
1968,3936.0,27.46546321560646,MASP2_Helo_CM,131
1969,3938.0,26.230527530079335,MASP2_Helo_CM,131
1970,3940.0,26.41322963607081,MASP2_Helo_CM,131
1971,3942.0,26.185621303042907,MASP2_Helo_CM,131
1972,3944.0,26.50202310190603,MASP2_Helo_CM,131
1973,3946.0,26.5541461951715,MASP2_Helo_CM,131
1974,3948.0,25.30976265418534,MASP2_Helo_CM,131
1975,3950.0,25.42413629050794,MASP2_Helo_CM,131
1976,3952.0,28.396540650853744,MASP2_Helo_CM,131
1977,3954.0,27.41861497841778,MASP2_Helo_CM,131
1978,3956.0,28.342426778448083,MASP2_Helo_CM,131
1979,3958.0,27.144437272250432,MASP2_Helo_CM,131
1980,3960.0,26.29708008182562,MASP2_Helo_CM,131
1981,3962.0,25.151065028910406,MASP2_Helo_CM,131
1982,3964.0,26.247776224172412,MASP2_Helo_CM,131
1983,3966.0,25.658638663968745,MASP2_Helo_CM,131
1984,3968.0,27.732204118782576,MASP2_Helo_CM,131
1985,3970.0,28.468331344354997,MASP2_Helo_CM,131
1986,3972.0,26.730189832189886,MASP2_Helo_CM,131
1987,3974.0,26.30408779162206,MASP2_Helo_CM,131
1988,3976.0,25.489267706576637,MASP2_Helo_CM,131
1989,3978.0,24.25284761358999,MASP2_Helo_CM,131
1990,3980.0,25.011129569407732,MASP2_Helo_CM,131
1991,3982.0,25.222613345541056,MASP2_Helo_CM,131
1992,3984.0,25.386341752246395,MASP2_Helo_CM,131
1993,3986.0,27.882883765039004,MASP2_Helo_CM,131
1994,3988.0,30.512241141287078,MASP2_Helo_CM,131
1995,3990.0,29.69160703974332,MASP2_Helo_CM,131
1996,3992.0,25.486658169235834,MASP2_Helo_CM,131
1997,3994.0,29.78703880688849,MASP2_Helo_CM,131
1998,3996.0,25.82047448376268,MASP2_Helo_CM,131
1999,3998.0,25.277992912257105,MASP2_Helo_CM,131
2000,4000.0,27.44373605734719,MASP2_Helo_CM,131
2001,4002.0,31.000130829200838,MASP2_Helo_CM,131
2002,4004.0,27.394861343181187,MASP2_Helo_CM,131
2003,4006.0,29.191576506539974,MASP2_Helo_CM,131
2004,4008.0,29.85560907284584,MASP2_Helo_CM,131
2005,4010.0,28.102709714093454,MASP2_Helo_CM,131
2006,4012.0,28.105833583763633,MASP2_Helo_CM,131
2007,4014.0,30.192024875541307,MASP2_Helo_CM,131
2008,4016.0,28.815603345303884,MASP2_Helo_CM,131
2009,4018.0,31.295156537818286,MASP2_Helo_CM,131
2010,4020.0,31.910879322809848,MASP2_Helo_CM,131
2011,4022.0,31.712043758955517,MASP2_Helo_CM,131
2012,4024.0,29.924943672413253,MASP2_Helo_CM,131
2013,4026.0,27.430003024058585,MASP2_Helo_CM,131
2014,4028.0,30.065453982791293,MASP2_Helo_CM,131
2015,4030.0,30.678739111074414,MASP2_Helo_CM,131
2016,4032.0,28.8032304966578,MASP2_Helo_CM,131
2017,4034.0,28.738674190475663,MASP2_Helo_CM,131
2018,4036.0,27.587116139214643,MASP2_Helo_CM,131
2019,4038.0,26.247372208417964,MASP2_Helo_CM,131
2020,4040.0,25.54903171330224,MASP2_Helo_CM,131
2021,4042.0,29.85836430251657,MASP2_Helo_CM,131
2022,4044.0,29.63383943970699,MASP2_Helo_CM,131
2023,4046.0,31.226181895291464,MASP2_Helo_CM,131
2024,4048.0,30.167787130985563,MASP2_Helo_CM,131
2025,4050.0,31.395569675943143,MASP2_Helo_CM,131
2026,4052.0,32.54011727054758,MASP2_Helo_CM,131
2027,4054.0,32.33237648390142,MASP2_Helo_CM,131
2028,4056.0,31.80087175491625,MASP2_Helo_CM,131
2029,4058.0,31.536590566706863,MASP2_Helo_CM,131
2030,4060.0,29.411943480313735,MASP2_Helo_CM,131
2031,4062.0,27.110181672265146,MASP2_Helo_CM,131
2032,4064.0,27.921867675741783,MASP2_Helo_CM,131
2033,4066.0,29.00515303754735,MASP2_Helo_CM,131
2034,4068.0,30.13814460220616,MASP2_Helo_CM,131
2035,4070.0,27.256115435683867,MASP2_Helo_CM,131
2036,4072.0,27.7709408110286,MASP2_Helo_CM,131
2037,4074.0,28.023694206337225,MASP2_Helo_CM,131
2038,4076.0,29.013464214792414,MASP2_Helo_CM,131
2039,4078.0,30.15360778599259,MASP2_Helo_CM,131
2040,4080.0,27.21329717496606,MASP2_Helo_CM,131
2041,4082.0,28.872713402416863,MASP2_Helo_CM,131
2042,4084.0,27.635826375088758,MASP2_Helo_CM,131
2043,4086.0,30.556451803094454,MASP2_Helo_CM,131
2044,4088.0,27.673200933707154,MASP2_Helo_CM,131
2045,4090.0,25.495162625764788,MASP2_Helo_CM,131
2046,4092.0,25.853929218385346,MASP2_Helo_CM,131
2047,4094.0,26.550736233750975,MASP2_Helo_CM,131
2048,4096.0,27.856024704611993,MASP2_Helo_CM,131
2049,4098.0,24.88378697294042,MASP2_Helo_CM,131
2050,4100.0,28.95514255652964,MASP2_Helo_CM,131
2051,4102.0,28.39560961538738,MASP2_Helo_CM,131
2052,4104.0,30.841293849717513,MASP2_Helo_CM,131
2053,4106.0,30.2393611756293,MASP2_Helo_CM,131
2054,4108.0,30.21331056228093,MASP2_Helo_CM,131
2055,4110.0,27.638148151966092,MASP2_Helo_CM,131
2056,4112.0,31.020473868218684,MASP2_Helo_CM,131
2057,4114.0,30.322360658150885,MASP2_Helo_CM,131
2058,4116.0,28.705402295106907,MASP2_Helo_CM,131
2059,4118.0,28.47854663768539,MASP2_Helo_CM,131
2060,4120.0,30.127224469006183,MASP2_Helo_CM,131
2061,4122.0,30.498500088232195,MASP2_Helo_CM,131
2062,4124.0,30.65510436779799,MASP2_Helo_CM,131
2063,4126.0,31.172384790646696,MASP2_Helo_CM,131
2064,4128.0,30.558898141093266,MASP2_Helo_CM,131
2065,4130.0,28.976555058033615,MASP2_Helo_CM,131
2066,4132.0,29.053577726046097,MASP2_Helo_CM,131
2067,4134.0,25.389262909126057,MASP2_Helo_CM,131
2068,4136.0,28.947406592319318,MASP2_Helo_CM,131
2069,4138.0,29.390743760640873,MASP2_Helo_CM,131
2070,4140.0,26.0011073838146,MASP2_Helo_CM,131
2071,4142.0,26.69015027436066,MASP2_Helo_CM,131
2072,4144.0,27.283055079979093,MASP2_Helo_CM,131
2073,4146.0,26.677785621092966,MASP2_Helo_CM,131
2074,4148.0,26.19199066035059,MASP2_Helo_CM,131
2075,4150.0,30.404330392902423,MASP2_Helo_CM,131
2076,4152.0,29.961999934621076,MASP2_Helo_CM,131
2077,4154.0,28.441904736761135,MASP2_Helo_CM,131
2078,4156.0,26.761266813698967,MASP2_Helo_CM,131
2079,4158.0,28.160946441067637,MASP2_Helo_CM,131
2080,4160.0,28.626304166919073,MASP2_Helo_CM,131
2081,4162.0,28.977508851419966,MASP2_Helo_CM,131
2082,4164.0,29.722859752567942,MASP2_Helo_CM,131
2083,4166.0,29.94747871237036,MASP2_Helo_CM,131
2084,4168.0,28.762541689637168,MASP2_Helo_CM,131
2085,4170.0,26.594129525948674,MASP2_Helo_CM,131
2086,4172.0,28.154517243542077,MASP2_Helo_CM,131
2087,4174.0,28.644971878727908,MASP2_Helo_CM,131
2088,4176.0,27.072408498986167,MASP2_Helo_CM,131
2089,4178.0,29.401346182021268,MASP2_Helo_CM,131
2090,4180.0,27.139004790274665,MASP2_Helo_CM,131
2091,4182.0,28.06405959811636,MASP2_Helo_CM,131
2092,4184.0,27.445630403239477,MASP2_Helo_CM,131
2093,4186.0,28.427652018481076,MASP2_Helo_CM,131
2094,4188.0,27.413368152044605,MASP2_Helo_CM,131
2095,4190.0,28.83883546604408,MASP2_Helo_CM,131
2096,4192.0,29.467922396138324,MASP2_Helo_CM,131
2097,4194.0,33.26680993203951,MASP2_Helo_CM,131
2098,4196.0,31.83552738843702,MASP2_Helo_CM,131
2099,4198.0,29.796910277963367,MASP2_Helo_CM,131
2100,4200.0,30.056720131773673,MASP2_Helo_CM,131
2101,4202.0,30.830900842317885,MASP2_Helo_CM,131
2102,4204.0,31.92975293896212,MASP2_Helo_CM,131
2103,4206.0,30.189026417074626,MASP2_Helo_CM,131
2104,4208.0,31.572456761861414,MASP2_Helo_CM,131
2105,4210.0,30.825643380700157,MASP2_Helo_CM,131
2106,4212.0,30.42282539231856,MASP2_Helo_CM,131
2107,4214.0,29.903063474091546,MASP2_Helo_CM,131
2108,4216.0,30.90816170741781,MASP2_Helo_CM,131
2109,4218.0,32.89180769241923,MASP2_Helo_CM,131
2110,4220.0,32.20438644863931,MASP2_Helo_CM,131
2111,4222.0,31.792050395551858,MASP2_Helo_CM,131
2112,4224.0,31.406150383955445,MASP2_Helo_CM,131
2113,4226.0,31.963448523771575,MASP2_Helo_CM,131
2114,4228.0,32.08621205911029,MASP2_Helo_CM,131
2115,4230.0,30.863961661549055,MASP2_Helo_CM,131
2116,4232.0,31.885046252014288,MASP2_Helo_CM,131
2117,4234.0,32.681868787840635,MASP2_Helo_CM,131
2118,4236.0,32.042087806930304,MASP2_Helo_CM,131
2119,4238.0,33.28327642412721,MASP2_Helo_CM,131
2120,4240.0,32.46014433315435,MASP2_Helo_CM,131
2121,4242.0,32.0189127791395,MASP2_Helo_CM,131
2122,4244.0,35.063515278596135,MASP2_Helo_CM,131
2123,4246.0,34.00379126987977,MASP2_Helo_CM,131
2124,4248.0,33.49867020084934,MASP2_Helo_CM,131
2125,4250.0,35.85995638807918,MASP2_Helo_CM,131
2126,4252.0,32.75314750770726,MASP2_Helo_CM,131
2127,4254.0,35.301501683960375,MASP2_Helo_CM,131
2128,4256.0,35.22445015478615,MASP2_Helo_CM,131
2129,4258.0,33.476663115632896,MASP2_Helo_CM,131
2130,4260.0,34.126083904430736,MASP2_Helo_CM,131
2131,4262.0,30.966725803047414,MASP2_Helo_CM,131
2132,4264.0,32.1884031222846,MASP2_Helo_CM,131
2133,4266.0,31.91306116308294,MASP2_Helo_CM,131
2134,4268.0,33.24756581355186,MASP2_Helo_CM,131
2135,4270.0,30.65043885249876,MASP2_Helo_CM,131
2136,4272.0,31.043641673509704,MASP2_Helo_CM,131
2137,4274.0,30.310171311813733,MASP2_Helo_CM,131
2138,4276.0,32.28141578954929,MASP2_Helo_CM,131
2139,4278.0,31.31978722938736,MASP2_Helo_CM,131
2140,4280.0,30.660700703111182,MASP2_Helo_CM,131
2141,4282.0,31.444666554937903,MASP2_Helo_CM,131
2142,4284.0,31.84356131086271,MASP2_Helo_CM,131
2143,4286.0,32.92144123216516,MASP2_Helo_CM,131
2144,4288.0,29.44889185886639,MASP2_Helo_CM,131
2145,4290.0,29.85644822965963,MASP2_Helo_CM,131
2146,4292.0,29.20347660955201,MASP2_Helo_CM,131
2147,4294.0,30.23049126483171,MASP2_Helo_CM,131
2148,4296.0,29.800893574601144,MASP2_Helo_CM,131
2149,4298.0,32.83384452728867,MASP2_Helo_CM,131
2150,4300.0,32.48423440267839,MASP2_Helo_CM,131
2151,4302.0,30.37564886827904,MASP2_Helo_CM,131
2152,4304.0,28.241731242306756,MASP2_Helo_CM,131
2153,4306.0,30.77960126540477,MASP2_Helo_CM,131
2154,4308.0,34.0994365038309,MASP2_Helo_CM,131
2155,4310.0,34.34506342910734,MASP2_Helo_CM,131
2156,4312.0,33.79378716313663,MASP2_Helo_CM,131
2157,4314.0,32.334447715044156,MASP2_Helo_CM,131
2158,4316.0,32.9104185515886,MASP2_Helo_CM,131
2159,4318.0,34.20413323342416,MASP2_Helo_CM,131
2160,4320.0,36.13938928520775,MASP2_Helo_CM,131
2161,4322.0,34.68633358806254,MASP2_Helo_CM,131
2162,4324.0,32.474175127226786,MASP2_Helo_CM,131
2163,4326.0,33.86966840982562,MASP2_Helo_CM,131
2164,4328.0,34.61248077563222,MASP2_Helo_CM,131
2165,4330.0,33.45556206637189,MASP2_Helo_CM,131
2166,4332.0,33.95342416386236,MASP2_Helo_CM,131
2167,4334.0,32.30138888036417,MASP2_Helo_CM,131
2168,4336.0,33.88179591076299,MASP2_Helo_CM,131
2169,4338.0,30.97260650551551,MASP2_Helo_CM,131
2170,4340.0,33.17679558932939,MASP2_Helo_CM,131
2171,4342.0,31.889716598062808,MASP2_Helo_CM,131
2172,4344.0,30.394865033508548,MASP2_Helo_CM,131
2173,4346.0,33.495471977068114,MASP2_Helo_CM,131
2174,4348.0,32.018684318613175,MASP2_Helo_CM,131
2175,4350.0,29.936243606756488,MASP2_Helo_CM,131
2176,4352.0,29.848771347602806,MASP2_Helo_CM,131
2177,4354.0,31.76545348231833,MASP2_Helo_CM,131
2178,4356.0,31.569658482745957,MASP2_Helo_CM,131
2179,4358.0,30.469958178575595,MASP2_Helo_CM,131
2180,4360.0,29.692267450442678,MASP2_Helo_CM,131
2181,4362.0,29.306050539183975,MASP2_Helo_CM,131
2182,4364.0,29.310286163957162,MASP2_Helo_CM,131
2183,4366.0,31.553282422112293,MASP2_Helo_CM,131
2184,4368.0,31.90124583223701,MASP2_Helo_CM,131
2185,4370.0,31.70414670105677,MASP2_Helo_CM,131
2186,4372.0,30.701340801206044,MASP2_Helo_CM,131
2187,4374.0,29.663865497224325,MASP2_Helo_CM,131
2188,4376.0,32.33663394511321,MASP2_Helo_CM,131
2189,4378.0,29.953244664112788,MASP2_Helo_CM,131
2190,4380.0,33.23361020445004,MASP2_Helo_CM,131
2191,4382.0,30.753114100103332,MASP2_Helo_CM,131
2192,4384.0,30.11874025783196,MASP2_Helo_CM,131
2193,4386.0,31.982288655974898,MASP2_Helo_CM,131
2194,4388.0,31.68824140480759,MASP2_Helo_CM,131
2195,4390.0,32.99486961156122,MASP2_Helo_CM,131
2196,4392.0,31.932168725630586,MASP2_Helo_CM,131
2197,4394.0,30.526854897263085,MASP2_Helo_CM,131
2198,4396.0,30.576432219304493,MASP2_Helo_CM,131
2199,4398.0,33.85596060563228,MASP2_Helo_CM,131
2200,4400.0,34.847451361540266,MASP2_Helo_CM,131
2201,4402.0,33.794961698272665,MASP2_Helo_CM,131
2202,4404.0,32.413705663921334,MASP2_Helo_CM,131
2203,4406.0,33.39239740343986,MASP2_Helo_CM,131
2204,4408.0,33.00111493703636,MASP2_Helo_CM,131
2205,4410.0,32.34706060612601,MASP2_Helo_CM,131
2206,4412.0,32.26579885938269,MASP2_Helo_CM,131
2207,4414.0,29.618912551813818,MASP2_Helo_CM,131
2208,4416.0,30.8711200974821,MASP2_Helo_CM,131
2209,4418.0,30.077108194497463,MASP2_Helo_CM,131
2210,4420.0,30.659850962512994,MASP2_Helo_CM,131
2211,4422.0,28.281291637947085,MASP2_Helo_CM,131
2212,4424.0,26.66106548801794,MASP2_Helo_CM,131
2213,4426.0,25.82595388354524,MASP2_Helo_CM,131
2214,4428.0,25.193929721665427,MASP2_Helo_CM,131
2215,4430.0,24.295001868166793,MASP2_Helo_CM,131
2216,4432.0,28.59685167656531,MASP2_Helo_CM,131
2217,4434.0,27.837434369313804,MASP2_Helo_CM,131
2218,4436.0,27.53134235609755,MASP2_Helo_CM,131
2219,4438.0,26.27467297810208,MASP2_Helo_CM,131
2220,4440.0,28.13858897626627,MASP2_Helo_CM,131
2221,4442.0,28.907461302022842,MASP2_Helo_CM,131
2222,4444.0,28.606136325600126,MASP2_Helo_CM,131
2223,4446.0,26.156129277743396,MASP2_Helo_CM,131
2224,4448.0,28.197218303580986,MASP2_Helo_CM,131
2225,4450.0,30.016290099080077,MASP2_Helo_CM,131
2226,4452.0,28.360449101153772,MASP2_Helo_CM,131
2227,4454.0,26.758518107236156,MASP2_Helo_CM,131
2228,4456.0,26.33924949996385,MASP2_Helo_CM,131
2229,4458.0,30.045323657375757,MASP2_Helo_CM,131
2230,4460.0,29.27561962284121,MASP2_Helo_CM,131
2231,4462.0,29.753552458321472,MASP2_Helo_CM,131
2232,4464.0,30.34072788440125,MASP2_Helo_CM,131
2233,4466.0,29.422042113720202,MASP2_Helo_CM,131
2234,4468.0,28.252917749257595,MASP2_Helo_CM,131
2235,4470.0,29.788635522485766,MASP2_Helo_CM,131
2236,4472.0,29.86802565208054,MASP2_Helo_CM,131
2237,4474.0,33.642996205674855,MASP2_Helo_CM,131
2238,4476.0,32.77719556238661,MASP2_Helo_CM,131
2239,4478.0,34.94936571329708,MASP2_Helo_CM,131
2240,4480.0,35.009861488636474,MASP2_Helo_CM,131
2241,4482.0,32.298790765512074,MASP2_Helo_CM,131
2242,4484.0,33.38366730633514,MASP2_Helo_CM,131
2243,4486.0,31.50606364808182,MASP2_Helo_CM,131
2244,4488.0,35.277735122402866,MASP2_Helo_CM,131
2245,4490.0,34.03129055741859,MASP2_Helo_CM,131
2246,4492.0,32.41269493469423,MASP2_Helo_CM,131
2247,4494.0,34.723848707868115,MASP2_Helo_CM,131
2248,4496.0,34.98674396213137,MASP2_Helo_CM,131
2249,4498.0,33.96212575585756,MASP2_Helo_CM,131
2250,4500.0,32.08842826112618,MASP2_Helo_CM,131
2251,4502.0,32.445893546310266,MASP2_Helo_CM,131
2252,4504.0,33.96798482210046,MASP2_Helo_CM,131
2253,4506.0,33.263342675368406,MASP2_Helo_CM,131
2254,4508.0,33.43968919901765,MASP2_Helo_CM,131
2255,4510.0,32.637193885127495,MASP2_Helo_CM,131
2256,4512.0,33.4061377667007,MASP2_Helo_CM,131
2257,4514.0,29.39841868527844,MASP2_Helo_CM,131
2258,4516.0,30.49198384283606,MASP2_Helo_CM,131
2259,4518.0,31.71329440378033,MASP2_Helo_CM,131
2260,4520.0,31.982901668908458,MASP2_Helo_CM,131
2261,4522.0,31.49837710485933,MASP2_Helo_CM,131
2262,4524.0,30.568371999118934,MASP2_Helo_CM,131
2263,4526.0,31.308927505205574,MASP2_Helo_CM,131
2264,4528.0,32.493420941197385,MASP2_Helo_CM,131
2265,4530.0,30.17795000939287,MASP2_Helo_CM,131
2266,4532.0,32.47892394001119,MASP2_Helo_CM,131
2267,4534.0,31.368821504408377,MASP2_Helo_CM,131
2268,4536.0,30.4161690128444,MASP2_Helo_CM,131
2269,4538.0,30.074800124798127,MASP2_Helo_CM,131
2270,4540.0,31.072508505006752,MASP2_Helo_CM,131
2271,4542.0,34.1416632272263,MASP2_Helo_CM,131
2272,4544.0,31.704794318795624,MASP2_Helo_CM,131
2273,4546.0,33.298969804099826,MASP2_Helo_CM,131
2274,4548.0,29.596482111002057,MASP2_Helo_CM,131
2275,4550.0,29.90040209082745,MASP2_Helo_CM,131
2276,4552.0,30.002896151973253,MASP2_Helo_CM,131
2277,4554.0,28.097287941770464,MASP2_Helo_CM,131
2278,4556.0,29.79427223063372,MASP2_Helo_CM,131
2279,4558.0,29.32016875789719,MASP2_Helo_CM,131
2280,4560.0,32.91695668401125,MASP2_Helo_CM,131
2281,4562.0,32.60008618237848,MASP2_Helo_CM,131
2282,4564.0,32.919220451768574,MASP2_Helo_CM,131
2283,4566.0,32.082023580607455,MASP2_Helo_CM,131
2284,4568.0,31.210397818700024,MASP2_Helo_CM,131
2285,4570.0,33.63052507631578,MASP2_Helo_CM,131
2286,4572.0,32.16639020984639,MASP2_Helo_CM,131
2287,4574.0,32.92681758648067,MASP2_Helo_CM,131
2288,4576.0,30.62853793625386,MASP2_Helo_CM,131
2289,4578.0,29.18623361188329,MASP2_Helo_CM,131
2290,4580.0,28.520837500724745,MASP2_Helo_CM,131
2291,4582.0,30.49963491219163,MASP2_Helo_CM,131
2292,4584.0,29.53074470871507,MASP2_Helo_CM,131
2293,4586.0,29.442782558830338,MASP2_Helo_CM,131
2294,4588.0,28.46284516782854,MASP2_Helo_CM,131
2295,4590.0,29.83678459429687,MASP2_Helo_CM,131
2296,4592.0,30.233037408138248,MASP2_Helo_CM,131
2297,4594.0,29.665466502724346,MASP2_Helo_CM,131
2298,4596.0,28.95928871842676,MASP2_Helo_CM,131
2299,4598.0,29.36174845537032,MASP2_Helo_CM,131
2300,4600.0,29.715040067198707,MASP2_Helo_CM,131
2301,4602.0,29.695160424523813,MASP2_Helo_CM,131
2302,4604.0,26.032810375351254,MASP2_Helo_CM,131
2303,4606.0,27.89573548252008,MASP2_Helo_CM,131
2304,4608.0,30.338771222471518,MASP2_Helo_CM,131
2305,4610.0,32.29062546193706,MASP2_Helo_CM,131
2306,4612.0,31.454302514199387,MASP2_Helo_CM,131
2307,4614.0,29.4751357875944,MASP2_Helo_CM,131
2308,4616.0,30.01834898507232,MASP2_Helo_CM,131
2309,4618.0,30.468348724768912,MASP2_Helo_CM,131
2310,4620.0,33.079876678388345,MASP2_Helo_CM,131
2311,4622.0,32.16660817506619,MASP2_Helo_CM,131
2312,4624.0,33.34714709177621,MASP2_Helo_CM,131
2313,4626.0,31.60967720936965,MASP2_Helo_CM,131
2314,4628.0,33.09206276822077,MASP2_Helo_CM,131
2315,4630.0,32.972928796290695,MASP2_Helo_CM,131
2316,4632.0,31.087662030090502,MASP2_Helo_CM,131
2317,4634.0,32.606002857958835,MASP2_Helo_CM,131
2318,4636.0,31.719832330431682,MASP2_Helo_CM,131
2319,4638.0,30.498021412252562,MASP2_Helo_CM,131
2320,4640.0,31.163530031462617,MASP2_Helo_CM,131
2321,4642.0,30.764601422412756,MASP2_Helo_CM,131
2322,4644.0,29.658037991023292,MASP2_Helo_CM,131
2323,4646.0,27.581364346056052,MASP2_Helo_CM,131
2324,4648.0,28.30858400953289,MASP2_Helo_CM,131
2325,4650.0,29.901329572888276,MASP2_Helo_CM,131
2326,4652.0,30.6344744189943,MASP2_Helo_CM,131
2327,4654.0,28.41536773708419,MASP2_Helo_CM,131
2328,4656.0,32.079752851914044,MASP2_Helo_CM,131
2329,4658.0,29.08739118812798,MASP2_Helo_CM,131
2330,4660.0,28.54173376292442,MASP2_Helo_CM,131
2331,4662.0,28.410096721141716,MASP2_Helo_CM,131
2332,4664.0,29.42264474148727,MASP2_Helo_CM,131
2333,4666.0,30.55832384454341,MASP2_Helo_CM,131
2334,4668.0,30.680869793802056,MASP2_Helo_CM,131
2335,4670.0,30.97873437900094,MASP2_Helo_CM,131
2336,4672.0,33.57511573254015,MASP2_Helo_CM,131
2337,4674.0,33.11606044009869,MASP2_Helo_CM,131
2338,4676.0,34.1884308230401,MASP2_Helo_CM,131
2339,4678.0,33.65070997116218,MASP2_Helo_CM,131
2340,4680.0,32.76505405588051,MASP2_Helo_CM,131
2341,4682.0,31.38813627097101,MASP2_Helo_CM,131
2342,4684.0,32.173382183145655,MASP2_Helo_CM,131
2343,4686.0,32.967377815663035,MASP2_Helo_CM,131
2344,4688.0,30.20066284012016,MASP2_Helo_CM,131
2345,4690.0,32.364039377359035,MASP2_Helo_CM,131
2346,4692.0,33.22253690888857,MASP2_Helo_CM,131
2347,4694.0,31.727049583270936,MASP2_Helo_CM,131
2348,4696.0,32.92188218140911,MASP2_Helo_CM,131
2349,4698.0,30.990582193804798,MASP2_Helo_CM,131
2350,4700.0,32.561206849776624,MASP2_Helo_CM,131
2351,4702.0,32.45526118645365,MASP2_Helo_CM,131
2352,4704.0,32.306300824581946,MASP2_Helo_CM,131
2353,4706.0,32.421000016593105,MASP2_Helo_CM,131
2354,4708.0,33.36364163664283,MASP2_Helo_CM,131
2355,4710.0,35.656300399431956,MASP2_Helo_CM,131
2356,4712.0,34.58035598180667,MASP2_Helo_CM,131
2357,4714.0,35.743648101508825,MASP2_Helo_CM,131
2358,4716.0,34.355709332577796,MASP2_Helo_CM,131
2359,4718.0,31.762337029576226,MASP2_Helo_CM,131
2360,4720.0,30.641651768408735,MASP2_Helo_CM,131
2361,4722.0,30.48554002013672,MASP2_Helo_CM,131
2362,4724.0,31.095089247969344,MASP2_Helo_CM,131
2363,4726.0,31.234688686410415,MASP2_Helo_CM,131
2364,4728.0,30.104870566842354,MASP2_Helo_CM,131
2365,4730.0,30.4880599337171,MASP2_Helo_CM,131
2366,4732.0,30.51255832562191,MASP2_Helo_CM,131
2367,4734.0,30.032315895938524,MASP2_Helo_CM,131
2368,4736.0,30.88750190518172,MASP2_Helo_CM,131
2369,4738.0,30.180965422639186,MASP2_Helo_CM,131
2370,4740.0,32.38973476097408,MASP2_Helo_CM,131
2371,4742.0,32.843140145943586,MASP2_Helo_CM,131
2372,4744.0,30.530012571037474,MASP2_Helo_CM,131
2373,4746.0,32.8028779943802,MASP2_Helo_CM,131
2374,4748.0,32.31138594815606,MASP2_Helo_CM,131
2375,4750.0,33.144109352371636,MASP2_Helo_CM,131
2376,4752.0,32.30488201285958,MASP2_Helo_CM,131
2377,4754.0,30.617258715893897,MASP2_Helo_CM,131
2378,4756.0,30.03556179806419,MASP2_Helo_CM,131
2379,4758.0,29.375289198341,MASP2_Helo_CM,131
2380,4760.0,29.305927997984206,MASP2_Helo_CM,131
2381,4762.0,29.82434034813143,MASP2_Helo_CM,131
2382,4764.0,29.089450670640733,MASP2_Helo_CM,131
2383,4766.0,31.232674576983186,MASP2_Helo_CM,131
2384,4768.0,30.05270829643919,MASP2_Helo_CM,131
2385,4770.0,30.02232711073082,MASP2_Helo_CM,131
2386,4772.0,29.864548069087157,MASP2_Helo_CM,131
2387,4774.0,32.807558417852704,MASP2_Helo_CM,131
2388,4776.0,32.98034150401112,MASP2_Helo_CM,131
2389,4778.0,31.92970742621547,MASP2_Helo_CM,131
2390,4780.0,30.68883145903175,MASP2_Helo_CM,131
2391,4782.0,32.03786972316985,MASP2_Helo_CM,131
2392,4784.0,32.078869616186644,MASP2_Helo_CM,131
2393,4786.0,31.01879827514205,MASP2_Helo_CM,131
2394,4788.0,32.09405250101327,MASP2_Helo_CM,131
2395,4790.0,27.773331044378853,MASP2_Helo_CM,131
2396,4792.0,30.773574968266978,MASP2_Helo_CM,131
2397,4794.0,29.3554399706829,MASP2_Helo_CM,131
2398,4796.0,30.93467313897722,MASP2_Helo_CM,131
2399,4798.0,28.757365153272364,MASP2_Helo_CM,131
2400,4800.0,28.76641185257242,MASP2_Helo_CM,131
2401,4802.0,26.776341064125234,MASP2_Helo_CM,131
2402,4804.0,28.626926087490418,MASP2_Helo_CM,131
2403,4806.0,28.365224498069495,MASP2_Helo_CM,131
2404,4808.0,30.242062296258656,MASP2_Helo_CM,131
2405,4810.0,30.153477464528414,MASP2_Helo_CM,131
2406,4812.0,28.368682399197066,MASP2_Helo_CM,131
2407,4814.0,25.53754222316248,MASP2_Helo_CM,131
2408,4816.0,27.462204950214662,MASP2_Helo_CM,131
2409,4818.0,27.895953584591975,MASP2_Helo_CM,131
2410,4820.0,28.29483067540823,MASP2_Helo_CM,131
2411,4822.0,28.420278769878124,MASP2_Helo_CM,131
2412,4824.0,27.024405057287108,MASP2_Helo_CM,131
2413,4826.0,27.560456092761708,MASP2_Helo_CM,131
2414,4828.0,28.07332977285028,MASP2_Helo_CM,131
2415,4830.0,29.105593503671265,MASP2_Helo_CM,131
2416,4832.0,29.09134162314677,MASP2_Helo_CM,131
2417,4834.0,27.421929090699255,MASP2_Helo_CM,131
2418,4836.0,30.28405740505178,MASP2_Helo_CM,131
2419,4838.0,27.602440592722996,MASP2_Helo_CM,131
2420,4840.0,28.660186850769932,MASP2_Helo_CM,131
2421,4842.0,29.823708709694547,MASP2_Helo_CM,131
2422,4844.0,29.474671680288857,MASP2_Helo_CM,131
2423,4846.0,28.762792627747828,MASP2_Helo_CM,131
2424,4848.0,25.296283856400258,MASP2_Helo_CM,131
2425,4850.0,24.789200702242105,MASP2_Helo_CM,131
2426,4852.0,27.51502631623436,MASP2_Helo_CM,131
2427,4854.0,30.277685675465985,MASP2_Helo_CM,131
2428,4856.0,30.181341684013958,MASP2_Helo_CM,131
2429,4858.0,27.688867189697714,MASP2_Helo_CM,131
2430,4860.0,29.558952409350415,MASP2_Helo_CM,131
2431,4862.0,29.904273955053323,MASP2_Helo_CM,131
2432,4864.0,26.854558556792078,MASP2_Helo_CM,131
2433,4866.0,26.713801227193688,MASP2_Helo_CM,131
2434,4868.0,28.79085613761649,MASP2_Helo_CM,131
2435,4870.0,27.724393309036074,MASP2_Helo_CM,131
2436,4872.0,28.294924810023414,MASP2_Helo_CM,131
2437,4874.0,28.886639449659118,MASP2_Helo_CM,131
2438,4876.0,26.697184148124517,MASP2_Helo_CM,131
2439,4878.0,26.50584620886866,MASP2_Helo_CM,131
2440,4880.0,24.928674219686545,MASP2_Helo_CM,131
2441,4882.0,26.084775682473882,MASP2_Helo_CM,131
2442,4884.0,28.476747770769116,MASP2_Helo_CM,131
2443,4886.0,27.229135498611484,MASP2_Helo_CM,131
2444,4888.0,31.458702904250814,MASP2_Helo_CM,131
2445,4890.0,29.517869182313092,MASP2_Helo_CM,131
2446,4892.0,27.947485397761852,MASP2_Helo_CM,131
2447,4894.0,28.526153126807092,MASP2_Helo_CM,131
2448,4896.0,29.233376462509337,MASP2_Helo_CM,131
2449,4898.0,26.67722020939899,MASP2_Helo_CM,131
2450,4900.0,25.402172925427486,MASP2_Helo_CM,131
2451,4902.0,27.115477524959697,MASP2_Helo_CM,131
2452,4904.0,27.284617278068733,MASP2_Helo_CM,131
2453,4906.0,28.74941126324488,MASP2_Helo_CM,131
2454,4908.0,27.949727684676766,MASP2_Helo_CM,131
2455,4910.0,27.347770857433517,MASP2_Helo_CM,131
2456,4912.0,32.3063142462247,MASP2_Helo_CM,131
2457,4914.0,31.29886832881263,MASP2_Helo_CM,131
2458,4916.0,29.146775937912444,MASP2_Helo_CM,131
2459,4918.0,30.19044443325968,MASP2_Helo_CM,131
2460,4920.0,30.398603517771978,MASP2_Helo_CM,131
2461,4922.0,30.77641691191724,MASP2_Helo_CM,131
2462,4924.0,31.070776643439093,MASP2_Helo_CM,131
2463,4926.0,32.132232751789985,MASP2_Helo_CM,131
2464,4928.0,31.636438838051173,MASP2_Helo_CM,131
2465,4930.0,31.701023497370173,MASP2_Helo_CM,131
2466,4932.0,32.08611078726736,MASP2_Helo_CM,131
2467,4934.0,29.432243890622978,MASP2_Helo_CM,131
2468,4936.0,28.928081053552187,MASP2_Helo_CM,131
2469,4938.0,29.859756054623393,MASP2_Helo_CM,131
2470,4940.0,28.89687124482936,MASP2_Helo_CM,131
2471,4942.0,28.24250650801069,MASP2_Helo_CM,131
2472,4944.0,27.137265826329177,MASP2_Helo_CM,131
2473,4946.0,27.40438435434639,MASP2_Helo_CM,131
2474,4948.0,28.692413574412917,MASP2_Helo_CM,131
2475,4950.0,30.3921342178595,MASP2_Helo_CM,131
2476,4952.0,32.379835028190136,MASP2_Helo_CM,131
2477,4954.0,33.16428465644674,MASP2_Helo_CM,131
2478,4956.0,34.411901838475664,MASP2_Helo_CM,131
2479,4958.0,33.656898085463986,MASP2_Helo_CM,131
2480,4960.0,33.04191371604891,MASP2_Helo_CM,131
2481,4962.0,32.30113727223476,MASP2_Helo_CM,131
2482,4964.0,32.118448951482186,MASP2_Helo_CM,131
2483,4966.0,31.629222432859812,MASP2_Helo_CM,131
2484,4968.0,32.22155301087953,MASP2_Helo_CM,131
2485,4970.0,30.972268611121706,MASP2_Helo_CM,131
2486,4972.0,30.65445912607098,MASP2_Helo_CM,131
2487,4974.0,31.292177361690786,MASP2_Helo_CM,131
2488,4976.0,31.413575326413405,MASP2_Helo_CM,131
2489,4978.0,31.061937828127828,MASP2_Helo_CM,131
2490,4980.0,31.954131559264862,MASP2_Helo_CM,131
2491,4982.0,31.637355326550946,MASP2_Helo_CM,131
2492,4984.0,30.548564773612497,MASP2_Helo_CM,131
2493,4986.0,30.015572742373664,MASP2_Helo_CM,131
2494,4988.0,29.41365482144074,MASP2_Helo_CM,131
2495,4990.0,30.8559266926838,MASP2_Helo_CM,131
2496,4992.0,28.332700690496242,MASP2_Helo_CM,131
2497,4994.0,30.44920728066491,MASP2_Helo_CM,131
2498,4996.0,28.514323634226336,MASP2_Helo_CM,131
2499,4998.0,30.51863443644219,MASP2_Helo_CM,131
0,0.0,45.81774591648588,MASP2_Helo_CM,337
1,2.0,44.718078764097534,MASP2_Helo_CM,337
2,4.0,47.862731437968336,MASP2_Helo_CM,337
3,6.0,44.21853878505883,MASP2_Helo_CM,337
4,8.0,45.41692470804247,MASP2_Helo_CM,337
5,10.0,44.069254070943174,MASP2_Helo_CM,337
6,12.0,42.26056090686754,MASP2_Helo_CM,337
7,14.0,39.68385626914414,MASP2_Helo_CM,337
8,16.0,37.29052009517804,MASP2_Helo_CM,337
9,18.0,35.062436645212685,MASP2_Helo_CM,337
10,20.0,34.751032606053535,MASP2_Helo_CM,337
11,22.0,36.89618246282729,MASP2_Helo_CM,337
12,24.0,34.769062845367735,MASP2_Helo_CM,337
13,26.0,35.669295907201956,MASP2_Helo_CM,337
14,28.0,33.24825702903684,MASP2_Helo_CM,337
15,30.0,34.32801274473594,MASP2_Helo_CM,337
16,32.0,34.12771646738399,MASP2_Helo_CM,337
17,34.0,35.79117109287267,MASP2_Helo_CM,337
18,36.0,33.74911353832189,MASP2_Helo_CM,337
19,38.0,33.237727903573315,MASP2_Helo_CM,337
20,40.0,32.46850688402821,MASP2_Helo_CM,337
21,42.0,33.58707538784776,MASP2_Helo_CM,337
22,44.0,30.947152879818095,MASP2_Helo_CM,337
23,46.0,32.429950190009805,MASP2_Helo_CM,337
24,48.0,31.320901330257787,MASP2_Helo_CM,337
25,50.0,32.24037425414974,MASP2_Helo_CM,337
26,52.0,29.990887448342264,MASP2_Helo_CM,337
27,54.0,32.10449222268228,MASP2_Helo_CM,337
28,56.0,29.971955727641006,MASP2_Helo_CM,337
29,58.0,31.96843448148769,MASP2_Helo_CM,337
30,60.0,33.34507074373765,MASP2_Helo_CM,337
31,62.0,31.197565866627976,MASP2_Helo_CM,337
32,64.0,29.41823057744131,MASP2_Helo_CM,337
33,66.0,27.583783847961097,MASP2_Helo_CM,337
34,68.0,27.715117178569717,MASP2_Helo_CM,337
35,70.0,29.30142055949491,MASP2_Helo_CM,337
36,72.0,27.27793617337949,MASP2_Helo_CM,337
37,74.0,27.89202084021744,MASP2_Helo_CM,337
38,76.0,29.540087877123735,MASP2_Helo_CM,337
39,78.0,31.795801278608774,MASP2_Helo_CM,337
40,80.0,31.15514139093086,MASP2_Helo_CM,337
41,82.0,27.211594148098634,MASP2_Helo_CM,337
42,84.0,26.45543673209871,MASP2_Helo_CM,337
43,86.0,26.784517537356127,MASP2_Helo_CM,337
44,88.0,28.191746273304155,MASP2_Helo_CM,337
45,90.0,28.833393010931267,MASP2_Helo_CM,337
46,92.0,30.168554053845035,MASP2_Helo_CM,337
47,94.0,30.094723578735326,MASP2_Helo_CM,337
48,96.0,28.495927214077756,MASP2_Helo_CM,337
49,98.0,30.694776758081467,MASP2_Helo_CM,337
50,100.0,32.07478643385036,MASP2_Helo_CM,337
51,102.0,30.783327922401934,MASP2_Helo_CM,337
52,104.0,25.44983808320374,MASP2_Helo_CM,337
53,106.0,26.09238159481226,MASP2_Helo_CM,337
54,108.0,27.4299911868125,MASP2_Helo_CM,337
55,110.0,31.03311601030571,MASP2_Helo_CM,337
56,112.0,29.43361808547737,MASP2_Helo_CM,337
57,114.0,30.063590641329316,MASP2_Helo_CM,337
58,116.0,35.233869922448235,MASP2_Helo_CM,337
59,118.0,32.73421650991397,MASP2_Helo_CM,337
60,120.0,32.179719603466005,MASP2_Helo_CM,337
61,122.0,25.5698743374892,MASP2_Helo_CM,337
62,124.0,24.22082832225943,MASP2_Helo_CM,337
63,126.0,20.725821019230903,MASP2_Helo_CM,337
64,128.0,20.21022408420556,MASP2_Helo_CM,337
65,130.0,19.41241591966923,MASP2_Helo_CM,337
66,132.0,18.92797473702823,MASP2_Helo_CM,337
67,134.0,18.933429379148485,MASP2_Helo_CM,337
68,136.0,18.50394957789509,MASP2_Helo_CM,337
69,138.0,19.82397621681322,MASP2_Helo_CM,337
70,140.0,21.030552460986126,MASP2_Helo_CM,337
71,142.0,22.65878541126567,MASP2_Helo_CM,337
72,144.0,22.209635798994185,MASP2_Helo_CM,337
73,146.0,21.57058025856149,MASP2_Helo_CM,337
74,148.0,21.624619831148852,MASP2_Helo_CM,337
75,150.0,23.103204915327925,MASP2_Helo_CM,337
76,152.0,22.135668845098845,MASP2_Helo_CM,337
77,154.0,20.962961509379422,MASP2_Helo_CM,337
78,156.0,20.74380899581233,MASP2_Helo_CM,337
79,158.0,18.10867588318665,MASP2_Helo_CM,337
80,160.0,20.5545773957598,MASP2_Helo_CM,337
81,162.0,20.095184757827813,MASP2_Helo_CM,337
82,164.0,17.037188759392343,MASP2_Helo_CM,337
83,166.0,15.141808783718355,MASP2_Helo_CM,337
84,168.0,16.389302027540957,MASP2_Helo_CM,337
85,170.0,15.576157614177877,MASP2_Helo_CM,337
86,172.0,16.298651949560284,MASP2_Helo_CM,337
87,174.0,14.351483133277975,MASP2_Helo_CM,337
88,176.0,14.152740403398703,MASP2_Helo_CM,337
89,178.0,14.329200459968344,MASP2_Helo_CM,337
90,180.0,15.382269464940077,MASP2_Helo_CM,337
91,182.0,15.544429188260013,MASP2_Helo_CM,337
92,184.0,18.161429053918802,MASP2_Helo_CM,337
93,186.0,16.78709567963334,MASP2_Helo_CM,337
94,188.0,17.06347954572859,MASP2_Helo_CM,337
95,190.0,19.16391620381573,MASP2_Helo_CM,337
96,192.0,19.563450114049964,MASP2_Helo_CM,337
97,194.0,18.0903393608406,MASP2_Helo_CM,337
98,196.0,16.150837493767476,MASP2_Helo_CM,337
99,198.0,15.928648271288866,MASP2_Helo_CM,337
100,200.0,19.057250839630193,MASP2_Helo_CM,337
101,202.0,18.804285068480368,MASP2_Helo_CM,337
102,204.0,21.629636201494055,MASP2_Helo_CM,337
103,206.0,21.485182058517964,MASP2_Helo_CM,337
104,208.0,24.30307638129494,MASP2_Helo_CM,337
105,210.0,27.023808539318797,MASP2_Helo_CM,337
106,212.0,24.929852363148566,MASP2_Helo_CM,337
107,214.0,25.25211031009761,MASP2_Helo_CM,337
108,216.0,28.72262896106115,MASP2_Helo_CM,337
109,218.0,25.771347204372592,MASP2_Helo_CM,337
110,220.0,23.087376490899295,MASP2_Helo_CM,337
111,222.0,22.609133241160542,MASP2_Helo_CM,337
112,224.0,24.368855129455188,MASP2_Helo_CM,337
113,226.0,30.193054636901586,MASP2_Helo_CM,337
114,228.0,27.471801681581315,MASP2_Helo_CM,337
115,230.0,28.071334942063704,MASP2_Helo_CM,337
116,232.0,28.587044675274818,MASP2_Helo_CM,337
117,234.0,24.91491778118082,MASP2_Helo_CM,337
118,236.0,26.60083612205628,MASP2_Helo_CM,337
119,238.0,29.196963800517576,MASP2_Helo_CM,337
120,240.0,29.770094771992884,MASP2_Helo_CM,337
121,242.0,30.382916517909972,MASP2_Helo_CM,337
122,244.0,31.339976748839895,MASP2_Helo_CM,337
123,246.0,30.14141908113257,MASP2_Helo_CM,337
124,248.0,29.511165329838636,MASP2_Helo_CM,337
125,250.0,29.841462529239113,MASP2_Helo_CM,337
126,252.0,28.685523958827694,MASP2_Helo_CM,337
127,254.0,26.375221120716855,MASP2_Helo_CM,337
128,256.0,27.77872215482661,MASP2_Helo_CM,337
129,258.0,25.840594413405995,MASP2_Helo_CM,337
130,260.0,27.074163360637,MASP2_Helo_CM,337
131,262.0,25.23074661485325,MASP2_Helo_CM,337
132,264.0,27.60536177207522,MASP2_Helo_CM,337
133,266.0,28.204489725490795,MASP2_Helo_CM,337
134,268.0,28.658158430312763,MASP2_Helo_CM,337
135,270.0,31.107324507805405,MASP2_Helo_CM,337
136,272.0,30.658152711603275,MASP2_Helo_CM,337
137,274.0,28.484516822832983,MASP2_Helo_CM,337
138,276.0,30.849684402643224,MASP2_Helo_CM,337
139,278.0,30.739452351766428,MASP2_Helo_CM,337
140,280.0,30.433510599816696,MASP2_Helo_CM,337
141,282.0,31.954067225396326,MASP2_Helo_CM,337
142,284.0,32.52134989928413,MASP2_Helo_CM,337
143,286.0,31.235151836614964,MASP2_Helo_CM,337
144,288.0,32.76643311327558,MASP2_Helo_CM,337
145,290.0,29.907547898133902,MASP2_Helo_CM,337
146,292.0,33.51273183330109,MASP2_Helo_CM,337
147,294.0,34.467826538637915,MASP2_Helo_CM,337
148,296.0,32.876467966981245,MASP2_Helo_CM,337
149,298.0,31.506131656980635,MASP2_Helo_CM,337
150,300.0,31.60742591818526,MASP2_Helo_CM,337
151,302.0,32.97222280507007,MASP2_Helo_CM,337
152,304.0,31.753592797917843,MASP2_Helo_CM,337
153,306.0,32.77193683639554,MASP2_Helo_CM,337
154,308.0,32.29580913020168,MASP2_Helo_CM,337
155,310.0,33.36079356493433,MASP2_Helo_CM,337
156,312.0,33.06902082570277,MASP2_Helo_CM,337
157,314.0,32.065851921705615,MASP2_Helo_CM,337
158,316.0,35.08184004169405,MASP2_Helo_CM,337
159,318.0,33.88478501644552,MASP2_Helo_CM,337
160,320.0,33.25793795542969,MASP2_Helo_CM,337
161,322.0,33.074666611369246,MASP2_Helo_CM,337
162,324.0,33.62332316883174,MASP2_Helo_CM,337
163,326.0,35.53054008435437,MASP2_Helo_CM,337
164,328.0,34.119064547176066,MASP2_Helo_CM,337
165,330.0,33.276437920348634,MASP2_Helo_CM,337
166,332.0,31.104221300049396,MASP2_Helo_CM,337
167,334.0,27.90739834639739,MASP2_Helo_CM,337
168,336.0,27.087542579455512,MASP2_Helo_CM,337
169,338.0,25.4446851794122,MASP2_Helo_CM,337
170,340.0,26.41669096509742,MASP2_Helo_CM,337
171,342.0,28.12938269629894,MASP2_Helo_CM,337
172,344.0,27.81736181358083,MASP2_Helo_CM,337
173,346.0,26.60698819963364,MASP2_Helo_CM,337
174,348.0,25.506847553815454,MASP2_Helo_CM,337
175,350.0,25.120928679199285,MASP2_Helo_CM,337
176,352.0,23.941970679432696,MASP2_Helo_CM,337
177,354.0,26.766674339941098,MASP2_Helo_CM,337
178,356.0,25.904105263975975,MASP2_Helo_CM,337
179,358.0,28.280901171908003,MASP2_Helo_CM,337
180,360.0,26.815455808865945,MASP2_Helo_CM,337
181,362.0,27.15695582230441,MASP2_Helo_CM,337
182,364.0,28.74761659387069,MASP2_Helo_CM,337
183,366.0,25.266862837374735,MASP2_Helo_CM,337
184,368.0,26.501752218107704,MASP2_Helo_CM,337
185,370.0,27.472332911744243,MASP2_Helo_CM,337
186,372.0,28.892389797322668,MASP2_Helo_CM,337
187,374.0,27.004793579007952,MASP2_Helo_CM,337
188,376.0,27.278761336084372,MASP2_Helo_CM,337
189,378.0,30.205657197136684,MASP2_Helo_CM,337
190,380.0,30.917465779022923,MASP2_Helo_CM,337
191,382.0,28.73625076707101,MASP2_Helo_CM,337
192,384.0,28.274099863498503,MASP2_Helo_CM,337
193,386.0,29.435072551771174,MASP2_Helo_CM,337
194,388.0,29.100739096988473,MASP2_Helo_CM,337
195,390.0,30.317089564481897,MASP2_Helo_CM,337
196,392.0,30.490491961245574,MASP2_Helo_CM,337
197,394.0,27.92736668336883,MASP2_Helo_CM,337
198,396.0,29.713105650302758,MASP2_Helo_CM,337
199,398.0,28.878604482375795,MASP2_Helo_CM,337
200,400.0,33.00734013268556,MASP2_Helo_CM,337
201,402.0,30.829958040577477,MASP2_Helo_CM,337
202,404.0,31.228889838913453,MASP2_Helo_CM,337
203,406.0,29.250567782563014,MASP2_Helo_CM,337
204,408.0,28.515903911150026,MASP2_Helo_CM,337
205,410.0,27.001023868519315,MASP2_Helo_CM,337
206,412.0,27.351382325239943,MASP2_Helo_CM,337
207,414.0,25.043915238826013,MASP2_Helo_CM,337
208,416.0,25.519588529253966,MASP2_Helo_CM,337
209,418.0,23.553911134580698,MASP2_Helo_CM,337
210,420.0,25.4691502816521,MASP2_Helo_CM,337
211,422.0,23.275992926939992,MASP2_Helo_CM,337
212,424.0,24.52164483565131,MASP2_Helo_CM,337
213,426.0,25.329757510152277,MASP2_Helo_CM,337
214,428.0,27.077872011162885,MASP2_Helo_CM,337
215,430.0,27.813387637398964,MASP2_Helo_CM,337
216,432.0,33.07770147664813,MASP2_Helo_CM,337
217,434.0,29.446007827458917,MASP2_Helo_CM,337
218,436.0,29.747787518513388,MASP2_Helo_CM,337
219,438.0,29.644933410761908,MASP2_Helo_CM,337
220,440.0,31.756247595639174,MASP2_Helo_CM,337
221,442.0,29.997390420560787,MASP2_Helo_CM,337
222,444.0,30.241112483897595,MASP2_Helo_CM,337
223,446.0,30.03633660304845,MASP2_Helo_CM,337
224,448.0,29.4174528850648,MASP2_Helo_CM,337
225,450.0,30.506110241969775,MASP2_Helo_CM,337
226,452.0,28.411934967188483,MASP2_Helo_CM,337
227,454.0,31.731855085065856,MASP2_Helo_CM,337
228,456.0,28.50813764711949,MASP2_Helo_CM,337
229,458.0,27.954696443236404,MASP2_Helo_CM,337
230,460.0,29.55469480037084,MASP2_Helo_CM,337
231,462.0,29.600190743857567,MASP2_Helo_CM,337
232,464.0,31.672634006162163,MASP2_Helo_CM,337
233,466.0,31.365402536855946,MASP2_Helo_CM,337
234,468.0,32.81559956935173,MASP2_Helo_CM,337
235,470.0,33.99438309097189,MASP2_Helo_CM,337
236,472.0,31.54442416786393,MASP2_Helo_CM,337
237,474.0,34.07331321738851,MASP2_Helo_CM,337
238,476.0,36.70416671774518,MASP2_Helo_CM,337
239,478.0,39.81478918468451,MASP2_Helo_CM,337
240,480.0,39.320821187127024,MASP2_Helo_CM,337
241,482.0,39.24154438826999,MASP2_Helo_CM,337
242,484.0,37.9803840962991,MASP2_Helo_CM,337
243,486.0,40.8629437741686,MASP2_Helo_CM,337
244,488.0,36.564078167377495,MASP2_Helo_CM,337
245,490.0,34.13323878740494,MASP2_Helo_CM,337
246,492.0,29.5202483753596,MASP2_Helo_CM,337
247,494.0,28.29906272435855,MASP2_Helo_CM,337
248,496.0,28.182732625547878,MASP2_Helo_CM,337
249,498.0,28.112315130686294,MASP2_Helo_CM,337
250,500.0,31.453008656382806,MASP2_Helo_CM,337
251,502.0,31.917854319191896,MASP2_Helo_CM,337
252,504.0,28.800444765414962,MASP2_Helo_CM,337
253,506.0,29.540828814138653,MASP2_Helo_CM,337
254,508.0,24.876634190546362,MASP2_Helo_CM,337
255,510.0,27.649463069431622,MASP2_Helo_CM,337
256,512.0,28.56786537025418,MASP2_Helo_CM,337
257,514.0,30.257232107483013,MASP2_Helo_CM,337
258,516.0,28.0037628382691,MASP2_Helo_CM,337
259,518.0,28.612224494067718,MASP2_Helo_CM,337
260,520.0,25.955434093886872,MASP2_Helo_CM,337
261,522.0,27.06514982108498,MASP2_Helo_CM,337
262,524.0,25.97808549916514,MASP2_Helo_CM,337
263,526.0,30.662339361563706,MASP2_Helo_CM,337
264,528.0,31.654937628473448,MASP2_Helo_CM,337
265,530.0,31.390740670645496,MASP2_Helo_CM,337
266,532.0,29.758306780210912,MASP2_Helo_CM,337
267,534.0,28.82256392857718,MASP2_Helo_CM,337
268,536.0,26.89671355258513,MASP2_Helo_CM,337
269,538.0,28.275592438491028,MASP2_Helo_CM,337
270,540.0,26.928876924768538,MASP2_Helo_CM,337
271,542.0,28.497417321823267,MASP2_Helo_CM,337
272,544.0,26.576484762147995,MASP2_Helo_CM,337
273,546.0,26.493891367637378,MASP2_Helo_CM,337
274,548.0,31.239519003996097,MASP2_Helo_CM,337
275,550.0,35.73679203296413,MASP2_Helo_CM,337
276,552.0,35.610388293445034,MASP2_Helo_CM,337
277,554.0,36.75112745518254,MASP2_Helo_CM,337
278,556.0,34.654515679754795,MASP2_Helo_CM,337
279,558.0,33.14486593992825,MASP2_Helo_CM,337
280,560.0,33.69452481844917,MASP2_Helo_CM,337
281,562.0,33.49834060013018,MASP2_Helo_CM,337
282,564.0,31.607071009653485,MASP2_Helo_CM,337
283,566.0,35.975986883587446,MASP2_Helo_CM,337
284,568.0,32.755930924399564,MASP2_Helo_CM,337
285,570.0,31.38044061896417,MASP2_Helo_CM,337
286,572.0,31.644757044919913,MASP2_Helo_CM,337
287,574.0,31.896670770591538,MASP2_Helo_CM,337
288,576.0,34.14794556698556,MASP2_Helo_CM,337
289,578.0,38.121608257656945,MASP2_Helo_CM,337
290,580.0,36.07468787568215,MASP2_Helo_CM,337
291,582.0,36.84468722574685,MASP2_Helo_CM,337
292,584.0,37.86824087668475,MASP2_Helo_CM,337
293,586.0,38.90972510275424,MASP2_Helo_CM,337
294,588.0,39.02931176906322,MASP2_Helo_CM,337
295,590.0,39.02694907709446,MASP2_Helo_CM,337
296,592.0,38.92999906076006,MASP2_Helo_CM,337
297,594.0,37.190853979758764,MASP2_Helo_CM,337
298,596.0,36.07789339542612,MASP2_Helo_CM,337
299,598.0,33.158431094351116,MASP2_Helo_CM,337
300,600.0,36.629820836837666,MASP2_Helo_CM,337
301,602.0,36.345821068777774,MASP2_Helo_CM,337
302,604.0,37.92018768840439,MASP2_Helo_CM,337
303,606.0,35.672402650615915,MASP2_Helo_CM,337
304,608.0,35.94969053681702,MASP2_Helo_CM,337
305,610.0,33.96742551443075,MASP2_Helo_CM,337
306,612.0,33.84072946341396,MASP2_Helo_CM,337
307,614.0,33.93251462895729,MASP2_Helo_CM,337
308,616.0,33.02903961190155,MASP2_Helo_CM,337
309,618.0,33.545474412149765,MASP2_Helo_CM,337
310,620.0,32.25627156396,MASP2_Helo_CM,337
311,622.0,29.861036737681534,MASP2_Helo_CM,337
312,624.0,27.60886649318547,MASP2_Helo_CM,337
313,626.0,27.812219435332732,MASP2_Helo_CM,337
314,628.0,27.735444494200376,MASP2_Helo_CM,337
315,630.0,28.483578266693918,MASP2_Helo_CM,337
316,632.0,31.91244946166597,MASP2_Helo_CM,337
317,634.0,30.63199517589911,MASP2_Helo_CM,337
318,636.0,30.71966248700057,MASP2_Helo_CM,337
319,638.0,28.970016059383248,MASP2_Helo_CM,337
320,640.0,30.681079348977896,MASP2_Helo_CM,337
321,642.0,32.00578618767597,MASP2_Helo_CM,337
322,644.0,31.470301856657546,MASP2_Helo_CM,337
323,646.0,29.991740666763167,MASP2_Helo_CM,337
324,648.0,30.10658054701657,MASP2_Helo_CM,337
325,650.0,31.33068053157468,MASP2_Helo_CM,337
326,652.0,30.706207235475677,MASP2_Helo_CM,337
327,654.0,29.188938967952893,MASP2_Helo_CM,337
328,656.0,26.820851952081043,MASP2_Helo_CM,337
329,658.0,27.586997145367796,MASP2_Helo_CM,337
330,660.0,29.014018361641032,MASP2_Helo_CM,337
331,662.0,27.46409641577515,MASP2_Helo_CM,337
332,664.0,25.473821705904356,MASP2_Helo_CM,337
333,666.0,24.45219339071138,MASP2_Helo_CM,337
334,668.0,23.524566266419267,MASP2_Helo_CM,337
335,670.0,25.535448365901516,MASP2_Helo_CM,337
336,672.0,23.907147916049084,MASP2_Helo_CM,337
337,674.0,23.908838128864293,MASP2_Helo_CM,337
338,676.0,22.79240235105845,MASP2_Helo_CM,337
339,678.0,24.58475227752851,MASP2_Helo_CM,337
340,680.0,25.382845134263043,MASP2_Helo_CM,337
341,682.0,22.91469054394819,MASP2_Helo_CM,337
342,684.0,24.34500515153867,MASP2_Helo_CM,337
343,686.0,24.549852097667813,MASP2_Helo_CM,337
344,688.0,22.38059283989311,MASP2_Helo_CM,337
345,690.0,20.902776554527705,MASP2_Helo_CM,337
346,692.0,22.864288799375306,MASP2_Helo_CM,337
347,694.0,22.926242544733757,MASP2_Helo_CM,337
348,696.0,24.162984273501895,MASP2_Helo_CM,337
349,698.0,22.11243628796426,MASP2_Helo_CM,337
350,700.0,19.393608134591354,MASP2_Helo_CM,337
351,702.0,22.533529354321168,MASP2_Helo_CM,337
352,704.0,18.93911637412612,MASP2_Helo_CM,337
353,706.0,19.39020593884927,MASP2_Helo_CM,337
354,708.0,23.19997912927704,MASP2_Helo_CM,337
355,710.0,22.56168665777198,MASP2_Helo_CM,337
356,712.0,23.338813706601226,MASP2_Helo_CM,337
357,714.0,23.370841054615337,MASP2_Helo_CM,337
358,716.0,25.522402938015563,MASP2_Helo_CM,337
359,718.0,25.059015886818468,MASP2_Helo_CM,337
360,720.0,23.992960991131383,MASP2_Helo_CM,337
361,722.0,21.751343584319827,MASP2_Helo_CM,337
362,724.0,19.596973882995012,MASP2_Helo_CM,337
363,726.0,20.214283914880752,MASP2_Helo_CM,337
364,728.0,22.54171327681979,MASP2_Helo_CM,337
365,730.0,23.807460857805808,MASP2_Helo_CM,337
366,732.0,24.10443740558413,MASP2_Helo_CM,337
367,734.0,26.36804615346723,MASP2_Helo_CM,337
368,736.0,24.771931848258518,MASP2_Helo_CM,337
369,738.0,23.591427163603537,MASP2_Helo_CM,337
370,740.0,20.85581815953011,MASP2_Helo_CM,337
371,742.0,20.658204965121122,MASP2_Helo_CM,337
372,744.0,21.866100311033705,MASP2_Helo_CM,337
373,746.0,16.74812363364289,MASP2_Helo_CM,337
374,748.0,14.859340809243264,MASP2_Helo_CM,337
375,750.0,14.120250369671258,MASP2_Helo_CM,337
376,752.0,14.311205841006934,MASP2_Helo_CM,337
377,754.0,16.419463158689776,MASP2_Helo_CM,337
378,756.0,13.655828614485085,MASP2_Helo_CM,337
379,758.0,12.302291689479736,MASP2_Helo_CM,337
380,760.0,12.152956186027074,MASP2_Helo_CM,337
381,762.0,13.12611397034606,MASP2_Helo_CM,337
382,764.0,10.245508146202525,MASP2_Helo_CM,337
383,766.0,11.414328317868916,MASP2_Helo_CM,337
384,768.0,12.006492005686225,MASP2_Helo_CM,337
385,770.0,11.61704608242371,MASP2_Helo_CM,337
386,772.0,11.765670678980383,MASP2_Helo_CM,337
387,774.0,11.563591296103462,MASP2_Helo_CM,337
388,776.0,12.18657191197027,MASP2_Helo_CM,337
389,778.0,12.881749095383205,MASP2_Helo_CM,337
390,780.0,12.698192206922675,MASP2_Helo_CM,337
391,782.0,13.148263032319548,MASP2_Helo_CM,337
392,784.0,13.465046614596456,MASP2_Helo_CM,337
393,786.0,13.185232779038245,MASP2_Helo_CM,337
394,788.0,16.41050214683039,MASP2_Helo_CM,337
395,790.0,17.32126764185974,MASP2_Helo_CM,337
396,792.0,16.82057091811086,MASP2_Helo_CM,337
397,794.0,17.668464146767075,MASP2_Helo_CM,337
398,796.0,15.794585944975173,MASP2_Helo_CM,337
399,798.0,16.631255103938383,MASP2_Helo_CM,337
400,800.0,17.05245626831086,MASP2_Helo_CM,337
401,802.0,15.359387127343258,MASP2_Helo_CM,337
402,804.0,14.87664134311794,MASP2_Helo_CM,337
403,806.0,13.236101582676422,MASP2_Helo_CM,337
404,808.0,12.55340081131745,MASP2_Helo_CM,337
405,810.0,12.872894895380936,MASP2_Helo_CM,337
406,812.0,13.126135091192058,MASP2_Helo_CM,337
407,814.0,13.055171329933696,MASP2_Helo_CM,337
408,816.0,12.77120154314064,MASP2_Helo_CM,337
409,818.0,13.006389477276125,MASP2_Helo_CM,337
410,820.0,12.604949208585177,MASP2_Helo_CM,337
411,822.0,13.453454025128245,MASP2_Helo_CM,337
412,824.0,12.737476769873266,MASP2_Helo_CM,337
413,826.0,12.450637907109684,MASP2_Helo_CM,337
414,828.0,12.921549927009258,MASP2_Helo_CM,337
415,830.0,11.977064873895378,MASP2_Helo_CM,337
416,832.0,11.315063421016193,MASP2_Helo_CM,337
417,834.0,12.286900259259456,MASP2_Helo_CM,337
418,836.0,12.181039225877466,MASP2_Helo_CM,337
419,838.0,12.431760882153828,MASP2_Helo_CM,337
420,840.0,11.83760135531768,MASP2_Helo_CM,337
421,842.0,11.520310178409943,MASP2_Helo_CM,337
422,844.0,11.536873719877711,MASP2_Helo_CM,337
423,846.0,12.184050733231794,MASP2_Helo_CM,337
424,848.0,11.673653166359983,MASP2_Helo_CM,337
425,850.0,11.776839834130502,MASP2_Helo_CM,337
426,852.0,12.067941117709784,MASP2_Helo_CM,337
427,854.0,12.708160985706227,MASP2_Helo_CM,337
428,856.0,12.605452765417185,MASP2_Helo_CM,337
429,858.0,12.414676622288084,MASP2_Helo_CM,337
430,860.0,11.19339615843829,MASP2_Helo_CM,337
431,862.0,12.928459326396313,MASP2_Helo_CM,337
432,864.0,12.511321838058263,MASP2_Helo_CM,337
433,866.0,12.113693563610001,MASP2_Helo_CM,337
434,868.0,12.132780225184783,MASP2_Helo_CM,337
435,870.0,12.918359619067292,MASP2_Helo_CM,337
436,872.0,12.87686975258541,MASP2_Helo_CM,337
437,874.0,12.571732355127153,MASP2_Helo_CM,337
438,876.0,12.251455146606418,MASP2_Helo_CM,337
439,878.0,12.093327543895855,MASP2_Helo_CM,337
440,880.0,12.55501724085165,MASP2_Helo_CM,337
441,882.0,12.908151614959175,MASP2_Helo_CM,337
442,884.0,12.042302123571842,MASP2_Helo_CM,337
443,886.0,12.504675300578214,MASP2_Helo_CM,337
444,888.0,12.60913984645838,MASP2_Helo_CM,337
445,890.0,12.452386672706561,MASP2_Helo_CM,337
446,892.0,11.653083676553244,MASP2_Helo_CM,337
447,894.0,12.37670627612595,MASP2_Helo_CM,337
448,896.0,12.509077563467775,MASP2_Helo_CM,337
449,898.0,12.56437112102252,MASP2_Helo_CM,337
450,900.0,13.228777169013966,MASP2_Helo_CM,337
451,902.0,12.479725803570751,MASP2_Helo_CM,337
452,904.0,12.596049814557954,MASP2_Helo_CM,337
453,906.0,12.159447100977914,MASP2_Helo_CM,337
454,908.0,12.126881389575823,MASP2_Helo_CM,337
455,910.0,12.721876654211059,MASP2_Helo_CM,337
456,912.0,12.788045450472493,MASP2_Helo_CM,337
457,914.0,12.634441402411182,MASP2_Helo_CM,337
458,916.0,13.105122098525309,MASP2_Helo_CM,337
459,918.0,13.04633090073688,MASP2_Helo_CM,337
460,920.0,12.496560516939681,MASP2_Helo_CM,337
461,922.0,13.272847635708416,MASP2_Helo_CM,337
462,924.0,13.520058745638472,MASP2_Helo_CM,337
463,926.0,13.339292973719932,MASP2_Helo_CM,337
464,928.0,12.638149701237516,MASP2_Helo_CM,337
465,930.0,12.492979288596032,MASP2_Helo_CM,337
466,932.0,12.791537112481318,MASP2_Helo_CM,337
467,934.0,13.3213925283614,MASP2_Helo_CM,337
468,936.0,13.117593744005026,MASP2_Helo_CM,337
469,938.0,12.91850275152389,MASP2_Helo_CM,337
470,940.0,13.16017021223994,MASP2_Helo_CM,337
471,942.0,13.678459781792455,MASP2_Helo_CM,337
472,944.0,13.253056014088875,MASP2_Helo_CM,337
473,946.0,12.954281422449432,MASP2_Helo_CM,337
474,948.0,12.88312701009785,MASP2_Helo_CM,337
475,950.0,13.762246904132434,MASP2_Helo_CM,337
476,952.0,13.02005604003115,MASP2_Helo_CM,337
477,954.0,12.839162055663415,MASP2_Helo_CM,337
478,956.0,13.106093533259374,MASP2_Helo_CM,337
479,958.0,14.525045275887525,MASP2_Helo_CM,337
480,960.0,14.409498926389832,MASP2_Helo_CM,337
481,962.0,12.268014019334291,MASP2_Helo_CM,337
482,964.0,12.48751844603113,MASP2_Helo_CM,337
483,966.0,11.05337549806681,MASP2_Helo_CM,337
484,968.0,11.932654599626467,MASP2_Helo_CM,337
485,970.0,12.064954589905335,MASP2_Helo_CM,337
486,972.0,12.379627816283573,MASP2_Helo_CM,337
487,974.0,12.54166560577783,MASP2_Helo_CM,337
488,976.0,11.99469676100787,MASP2_Helo_CM,337
489,978.0,12.375807196552323,MASP2_Helo_CM,337
490,980.0,12.117249812736205,MASP2_Helo_CM,337
491,982.0,11.704538451719916,MASP2_Helo_CM,337
492,984.0,12.176369268168882,MASP2_Helo_CM,337
493,986.0,12.134735990583165,MASP2_Helo_CM,337
494,988.0,12.879681299220344,MASP2_Helo_CM,337
495,990.0,12.377787876704469,MASP2_Helo_CM,337
496,992.0,12.17780103315291,MASP2_Helo_CM,337
497,994.0,11.648965679710432,MASP2_Helo_CM,337
498,996.0,11.662536136117453,MASP2_Helo_CM,337
499,998.0,12.146326250648066,MASP2_Helo_CM,337
500,1000.0,11.781147388425293,MASP2_Helo_CM,337
501,1002.0,12.837458308733625,MASP2_Helo_CM,337
502,1004.0,11.93784239398919,MASP2_Helo_CM,337
503,1006.0,11.525252289265255,MASP2_Helo_CM,337
504,1008.0,14.804956604010371,MASP2_Helo_CM,337
505,1010.0,12.409935700809804,MASP2_Helo_CM,337
506,1012.0,12.971389596561895,MASP2_Helo_CM,337
507,1014.0,11.620411689902198,MASP2_Helo_CM,337
508,1016.0,11.970615567359635,MASP2_Helo_CM,337
509,1018.0,12.305339680078575,MASP2_Helo_CM,337
510,1020.0,12.642335265184032,MASP2_Helo_CM,337
511,1022.0,12.018045369118713,MASP2_Helo_CM,337
512,1024.0,11.772865067029617,MASP2_Helo_CM,337
513,1026.0,12.207588533838939,MASP2_Helo_CM,337
514,1028.0,11.538263051820131,MASP2_Helo_CM,337
515,1030.0,11.82534216239481,MASP2_Helo_CM,337
516,1032.0,11.052884837512064,MASP2_Helo_CM,337
517,1034.0,12.248623523349126,MASP2_Helo_CM,337
518,1036.0,11.685752673439445,MASP2_Helo_CM,337
519,1038.0,11.613157088898864,MASP2_Helo_CM,337
520,1040.0,11.777591968208418,MASP2_Helo_CM,337
521,1042.0,11.256402724312919,MASP2_Helo_CM,337
522,1044.0,12.206905661949543,MASP2_Helo_CM,337
523,1046.0,11.902338401514024,MASP2_Helo_CM,337
524,1048.0,12.178952648565893,MASP2_Helo_CM,337
525,1050.0,12.477632692721317,MASP2_Helo_CM,337
526,1052.0,12.138902915721877,MASP2_Helo_CM,337
527,1054.0,12.183772891995535,MASP2_Helo_CM,337
528,1056.0,12.84271645868174,MASP2_Helo_CM,337
529,1058.0,12.543716915899878,MASP2_Helo_CM,337
530,1060.0,12.555497918193328,MASP2_Helo_CM,337
531,1062.0,12.578921847985006,MASP2_Helo_CM,337
532,1064.0,12.238765259484888,MASP2_Helo_CM,337
533,1066.0,12.177991430643148,MASP2_Helo_CM,337
534,1068.0,11.012280216820914,MASP2_Helo_CM,337
535,1070.0,12.029551355841416,MASP2_Helo_CM,337
536,1072.0,13.312891127482025,MASP2_Helo_CM,337
537,1074.0,12.762838009030471,MASP2_Helo_CM,337
538,1076.0,12.974739329280203,MASP2_Helo_CM,337
539,1078.0,12.916532209259202,MASP2_Helo_CM,337
540,1080.0,13.11559257762523,MASP2_Helo_CM,337
541,1082.0,12.509064239090963,MASP2_Helo_CM,337
542,1084.0,12.24744701407536,MASP2_Helo_CM,337
543,1086.0,12.184807020758035,MASP2_Helo_CM,337
544,1088.0,11.886697889326229,MASP2_Helo_CM,337
545,1090.0,12.421885148607183,MASP2_Helo_CM,337
546,1092.0,12.349607134644003,MASP2_Helo_CM,337
547,1094.0,11.782305366516148,MASP2_Helo_CM,337
548,1096.0,11.948413885133885,MASP2_Helo_CM,337
549,1098.0,12.904341050279355,MASP2_Helo_CM,337
550,1100.0,15.78380934752717,MASP2_Helo_CM,337
551,1102.0,14.885697896231532,MASP2_Helo_CM,337
552,1104.0,15.2124547403471,MASP2_Helo_CM,337
553,1106.0,12.944262776364951,MASP2_Helo_CM,337
554,1108.0,13.849195101148624,MASP2_Helo_CM,337
555,1110.0,13.496890238110542,MASP2_Helo_CM,337
556,1112.0,14.0024683625793,MASP2_Helo_CM,337
557,1114.0,13.716227363557115,MASP2_Helo_CM,337
558,1116.0,13.600308302649584,MASP2_Helo_CM,337
559,1118.0,15.495041750168083,MASP2_Helo_CM,337
560,1120.0,13.121526854379299,MASP2_Helo_CM,337
561,1122.0,15.245178823544341,MASP2_Helo_CM,337
562,1124.0,14.71465093471164,MASP2_Helo_CM,337
563,1126.0,15.513528392984366,MASP2_Helo_CM,337
564,1128.0,14.844028377705072,MASP2_Helo_CM,337
565,1130.0,14.423410897550117,MASP2_Helo_CM,337
566,1132.0,14.918306641567266,MASP2_Helo_CM,337
567,1134.0,15.668162522352645,MASP2_Helo_CM,337
568,1136.0,14.057656783139967,MASP2_Helo_CM,337
569,1138.0,14.04101228273208,MASP2_Helo_CM,337
570,1140.0,14.22081800920112,MASP2_Helo_CM,337
571,1142.0,15.03751034005338,MASP2_Helo_CM,337
572,1144.0,14.626392629788919,MASP2_Helo_CM,337
573,1146.0,16.912106325870315,MASP2_Helo_CM,337
574,1148.0,16.590437379752128,MASP2_Helo_CM,337
575,1150.0,15.42425211904235,MASP2_Helo_CM,337
576,1152.0,15.698278867467916,MASP2_Helo_CM,337
577,1154.0,15.597917586299861,MASP2_Helo_CM,337
578,1156.0,14.92626328839844,MASP2_Helo_CM,337
579,1158.0,14.152021407995626,MASP2_Helo_CM,337
580,1160.0,11.953091193936547,MASP2_Helo_CM,337
581,1162.0,12.114966643392362,MASP2_Helo_CM,337
582,1164.0,11.702268375056034,MASP2_Helo_CM,337
583,1166.0,12.273371536788154,MASP2_Helo_CM,337
584,1168.0,12.197517637256452,MASP2_Helo_CM,337
585,1170.0,12.307928403664953,MASP2_Helo_CM,337
586,1172.0,12.079002836867945,MASP2_Helo_CM,337
587,1174.0,12.34416040862949,MASP2_Helo_CM,337
588,1176.0,12.076688320277164,MASP2_Helo_CM,337
589,1178.0,12.26499268784405,MASP2_Helo_CM,337
590,1180.0,12.245745206864585,MASP2_Helo_CM,337
591,1182.0,12.594842217292188,MASP2_Helo_CM,337
592,1184.0,12.124648744810534,MASP2_Helo_CM,337
593,1186.0,11.478877708754558,MASP2_Helo_CM,337
594,1188.0,12.155643176070319,MASP2_Helo_CM,337
595,1190.0,11.012724102379547,MASP2_Helo_CM,337
596,1192.0,11.571661016983635,MASP2_Helo_CM,337
597,1194.0,12.271615221385614,MASP2_Helo_CM,337
598,1196.0,11.620455517823356,MASP2_Helo_CM,337
599,1198.0,11.910681636686624,MASP2_Helo_CM,337
600,1200.0,11.701167305810309,MASP2_Helo_CM,337
601,1202.0,12.037535362927967,MASP2_Helo_CM,337
602,1204.0,11.614607521046219,MASP2_Helo_CM,337
603,1206.0,12.092618602857629,MASP2_Helo_CM,337
604,1208.0,12.004612894190615,MASP2_Helo_CM,337
605,1210.0,12.0672352534349,MASP2_Helo_CM,337
606,1212.0,11.730006208343472,MASP2_Helo_CM,337
607,1214.0,12.437159883166311,MASP2_Helo_CM,337
608,1216.0,10.691812185609061,MASP2_Helo_CM,337
609,1218.0,10.581242083226746,MASP2_Helo_CM,337
610,1220.0,11.154193724138615,MASP2_Helo_CM,337
611,1222.0,11.76890830599897,MASP2_Helo_CM,337
612,1224.0,12.378396271975982,MASP2_Helo_CM,337
613,1226.0,12.18433350404821,MASP2_Helo_CM,337
614,1228.0,12.502810684215339,MASP2_Helo_CM,337
615,1230.0,13.857034554291722,MASP2_Helo_CM,337
616,1232.0,11.722627295267523,MASP2_Helo_CM,337
617,1234.0,12.478382224468834,MASP2_Helo_CM,337
618,1236.0,12.782461025036632,MASP2_Helo_CM,337
619,1238.0,12.797356958015893,MASP2_Helo_CM,337
620,1240.0,15.055446251594809,MASP2_Helo_CM,337
621,1242.0,14.249507296286566,MASP2_Helo_CM,337
622,1244.0,14.39542036661615,MASP2_Helo_CM,337
623,1246.0,14.144039328168354,MASP2_Helo_CM,337
624,1248.0,13.956577012106031,MASP2_Helo_CM,337
625,1250.0,14.055243921996015,MASP2_Helo_CM,337
626,1252.0,14.871593232992346,MASP2_Helo_CM,337
627,1254.0,14.66426409822984,MASP2_Helo_CM,337
628,1256.0,15.681101949955986,MASP2_Helo_CM,337
629,1258.0,13.473944181866072,MASP2_Helo_CM,337
630,1260.0,14.038133836948829,MASP2_Helo_CM,337
631,1262.0,15.563527232853144,MASP2_Helo_CM,337
632,1264.0,15.948155777879299,MASP2_Helo_CM,337
633,1266.0,15.738104306249417,MASP2_Helo_CM,337
634,1268.0,15.010425046545594,MASP2_Helo_CM,337
635,1270.0,14.908009424262675,MASP2_Helo_CM,337
636,1272.0,12.39628409402758,MASP2_Helo_CM,337
637,1274.0,12.358077533814088,MASP2_Helo_CM,337
638,1276.0,12.608836639773651,MASP2_Helo_CM,337
639,1278.0,12.854144308062287,MASP2_Helo_CM,337
640,1280.0,13.007786388245531,MASP2_Helo_CM,337
641,1282.0,13.017695997776558,MASP2_Helo_CM,337
642,1284.0,13.211473386727874,MASP2_Helo_CM,337
643,1286.0,12.081544791374794,MASP2_Helo_CM,337
644,1288.0,12.336768572336638,MASP2_Helo_CM,337
645,1290.0,12.5514082678477,MASP2_Helo_CM,337
646,1292.0,12.570092029178213,MASP2_Helo_CM,337
647,1294.0,12.770330967863005,MASP2_Helo_CM,337
648,1296.0,13.34778945623017,MASP2_Helo_CM,337
649,1298.0,12.862631053256047,MASP2_Helo_CM,337
650,1300.0,12.799984106446836,MASP2_Helo_CM,337
651,1302.0,12.352903256378143,MASP2_Helo_CM,337
652,1304.0,12.67854867244386,MASP2_Helo_CM,337
653,1306.0,12.87512601706596,MASP2_Helo_CM,337
654,1308.0,13.002064426955492,MASP2_Helo_CM,337
655,1310.0,13.026041580247183,MASP2_Helo_CM,337
656,1312.0,12.946756214312277,MASP2_Helo_CM,337
657,1314.0,12.318662955525332,MASP2_Helo_CM,337
658,1316.0,13.057479826968454,MASP2_Helo_CM,337
659,1318.0,13.139108556678476,MASP2_Helo_CM,337
660,1320.0,12.593742636228455,MASP2_Helo_CM,337
661,1322.0,13.321959816457356,MASP2_Helo_CM,337
662,1324.0,13.296108010979296,MASP2_Helo_CM,337
663,1326.0,13.433782397250997,MASP2_Helo_CM,337
664,1328.0,11.483866378635025,MASP2_Helo_CM,337
665,1330.0,11.628794144519471,MASP2_Helo_CM,337
666,1332.0,10.974749252771359,MASP2_Helo_CM,337
667,1334.0,10.42838446673094,MASP2_Helo_CM,337
668,1336.0,10.422810697536583,MASP2_Helo_CM,337
669,1338.0,9.860921486664898,MASP2_Helo_CM,337
670,1340.0,10.434158978888545,MASP2_Helo_CM,337
671,1342.0,9.601917487940517,MASP2_Helo_CM,337
672,1344.0,9.373316793141152,MASP2_Helo_CM,337
673,1346.0,10.45949630080427,MASP2_Helo_CM,337
674,1348.0,9.74764346365754,MASP2_Helo_CM,337
675,1350.0,9.966402533018112,MASP2_Helo_CM,337
676,1352.0,9.766342185488925,MASP2_Helo_CM,337
677,1354.0,10.057127779189905,MASP2_Helo_CM,337
678,1356.0,9.871127226650405,MASP2_Helo_CM,337
679,1358.0,10.399969861016771,MASP2_Helo_CM,337
680,1360.0,10.10664005748883,MASP2_Helo_CM,337
681,1362.0,10.552496090678094,MASP2_Helo_CM,337
682,1364.0,10.592157393897237,MASP2_Helo_CM,337
683,1366.0,9.541037399309035,MASP2_Helo_CM,337
684,1368.0,9.852415016054609,MASP2_Helo_CM,337
685,1370.0,9.878444262201311,MASP2_Helo_CM,337
686,1372.0,9.422205111444123,MASP2_Helo_CM,337
687,1374.0,9.869189376162181,MASP2_Helo_CM,337
688,1376.0,10.336337100977888,MASP2_Helo_CM,337
689,1378.0,10.646021276774354,MASP2_Helo_CM,337
690,1380.0,9.928275199059486,MASP2_Helo_CM,337
691,1382.0,10.392855690616452,MASP2_Helo_CM,337
692,1384.0,10.849286200567684,MASP2_Helo_CM,337
693,1386.0,10.467440435248976,MASP2_Helo_CM,337
694,1388.0,10.465637287277954,MASP2_Helo_CM,337
695,1390.0,10.849961794581546,MASP2_Helo_CM,337
696,1392.0,9.46087125670548,MASP2_Helo_CM,337
697,1394.0,9.839013563046052,MASP2_Helo_CM,337
698,1396.0,9.641756783935918,MASP2_Helo_CM,337
699,1398.0,9.796107624075338,MASP2_Helo_CM,337
700,1400.0,10.858818730365735,MASP2_Helo_CM,337
701,1402.0,10.980795521502582,MASP2_Helo_CM,337
702,1404.0,10.22903531804711,MASP2_Helo_CM,337
703,1406.0,10.569253763986586,MASP2_Helo_CM,337
704,1408.0,10.562580088269913,MASP2_Helo_CM,337
705,1410.0,9.826958542059835,MASP2_Helo_CM,337
706,1412.0,11.264654131239803,MASP2_Helo_CM,337
707,1414.0,11.03238014993933,MASP2_Helo_CM,337
708,1416.0,10.471125306882145,MASP2_Helo_CM,337
709,1418.0,11.097200631316463,MASP2_Helo_CM,337
710,1420.0,10.335165834089945,MASP2_Helo_CM,337
711,1422.0,11.295706354222396,MASP2_Helo_CM,337
712,1424.0,10.63915549313384,MASP2_Helo_CM,337
713,1426.0,10.769763720541944,MASP2_Helo_CM,337
714,1428.0,10.723946302036794,MASP2_Helo_CM,337
715,1430.0,10.542450131592455,MASP2_Helo_CM,337
716,1432.0,10.148993518891341,MASP2_Helo_CM,337
717,1434.0,10.13938594405961,MASP2_Helo_CM,337
718,1436.0,10.7285407906919,MASP2_Helo_CM,337
719,1438.0,9.704824884373197,MASP2_Helo_CM,337
720,1440.0,9.64469195814698,MASP2_Helo_CM,337
721,1442.0,9.527805113338028,MASP2_Helo_CM,337
722,1444.0,9.487051219593617,MASP2_Helo_CM,337
723,1446.0,9.017387294722607,MASP2_Helo_CM,337
724,1448.0,9.909776025096475,MASP2_Helo_CM,337
725,1450.0,9.31560353927561,MASP2_Helo_CM,337
726,1452.0,10.200190016576393,MASP2_Helo_CM,337
727,1454.0,10.315372250353596,MASP2_Helo_CM,337
728,1456.0,11.80392397892362,MASP2_Helo_CM,337
729,1458.0,11.222096938785988,MASP2_Helo_CM,337
730,1460.0,12.70709202246336,MASP2_Helo_CM,337
731,1462.0,11.969895937835831,MASP2_Helo_CM,337
732,1464.0,11.332025390770111,MASP2_Helo_CM,337
733,1466.0,11.758966171956178,MASP2_Helo_CM,337
734,1468.0,11.556248183376619,MASP2_Helo_CM,337
735,1470.0,11.725757280974703,MASP2_Helo_CM,337
736,1472.0,11.77913888390391,MASP2_Helo_CM,337
737,1474.0,12.61358323560622,MASP2_Helo_CM,337
738,1476.0,11.705495715655491,MASP2_Helo_CM,337
739,1478.0,12.484660116071458,MASP2_Helo_CM,337
740,1480.0,11.832540598000897,MASP2_Helo_CM,337
741,1482.0,12.39400266206918,MASP2_Helo_CM,337
742,1484.0,12.367968426616372,MASP2_Helo_CM,337
743,1486.0,12.63648156914044,MASP2_Helo_CM,337
744,1488.0,12.77293731326037,MASP2_Helo_CM,337
745,1490.0,13.532638427341798,MASP2_Helo_CM,337
746,1492.0,13.148173164317585,MASP2_Helo_CM,337
747,1494.0,12.967716146602234,MASP2_Helo_CM,337
748,1496.0,13.562723004678412,MASP2_Helo_CM,337
749,1498.0,12.218391404949541,MASP2_Helo_CM,337
750,1500.0,13.290975651971165,MASP2_Helo_CM,337
751,1502.0,12.41344430713584,MASP2_Helo_CM,337
752,1504.0,12.27772146886904,MASP2_Helo_CM,337
753,1506.0,12.22149800282391,MASP2_Helo_CM,337
754,1508.0,11.828820200229897,MASP2_Helo_CM,337
755,1510.0,12.652133806145205,MASP2_Helo_CM,337
756,1512.0,12.766931900144865,MASP2_Helo_CM,337
757,1514.0,12.738842469808795,MASP2_Helo_CM,337
758,1516.0,12.712973373545317,MASP2_Helo_CM,337
759,1518.0,12.053511103357678,MASP2_Helo_CM,337
760,1520.0,12.141761290690253,MASP2_Helo_CM,337
761,1522.0,11.630951756610663,MASP2_Helo_CM,337
762,1524.0,12.8968809026138,MASP2_Helo_CM,337
763,1526.0,12.386048046840692,MASP2_Helo_CM,337
764,1528.0,11.828261394368258,MASP2_Helo_CM,337
765,1530.0,11.845939113030068,MASP2_Helo_CM,337
766,1532.0,12.178042471305785,MASP2_Helo_CM,337
767,1534.0,12.549809889422798,MASP2_Helo_CM,337
768,1536.0,12.036653924545039,MASP2_Helo_CM,337
769,1538.0,12.250772354648126,MASP2_Helo_CM,337
770,1540.0,12.483314005959928,MASP2_Helo_CM,337
771,1542.0,12.72511097000918,MASP2_Helo_CM,337
772,1544.0,12.307868966369535,MASP2_Helo_CM,337
773,1546.0,11.766394620517916,MASP2_Helo_CM,337
774,1548.0,12.531943575873397,MASP2_Helo_CM,337
775,1550.0,12.558729645998396,MASP2_Helo_CM,337
776,1552.0,11.363748556238987,MASP2_Helo_CM,337
777,1554.0,12.136285398272328,MASP2_Helo_CM,337
778,1556.0,11.695409168277239,MASP2_Helo_CM,337
779,1558.0,12.05206252664143,MASP2_Helo_CM,337
780,1560.0,14.01701960004701,MASP2_Helo_CM,337
781,1562.0,12.736506015568809,MASP2_Helo_CM,337
782,1564.0,12.182584392832261,MASP2_Helo_CM,337
783,1566.0,12.411732702428473,MASP2_Helo_CM,337
784,1568.0,12.021985491653762,MASP2_Helo_CM,337
785,1570.0,12.94634522520975,MASP2_Helo_CM,337
786,1572.0,13.80027885759452,MASP2_Helo_CM,337
787,1574.0,12.90679369409606,MASP2_Helo_CM,337
788,1576.0,13.572883809383809,MASP2_Helo_CM,337
789,1578.0,15.335800471305236,MASP2_Helo_CM,337
790,1580.0,16.503949963737025,MASP2_Helo_CM,337
791,1582.0,17.67156673892941,MASP2_Helo_CM,337
792,1584.0,17.000067072868692,MASP2_Helo_CM,337
793,1586.0,14.984457042454459,MASP2_Helo_CM,337
794,1588.0,14.297782411726276,MASP2_Helo_CM,337
795,1590.0,17.58004127374219,MASP2_Helo_CM,337
796,1592.0,13.519029426979097,MASP2_Helo_CM,337
797,1594.0,14.985664158354425,MASP2_Helo_CM,337
798,1596.0,12.496659731607046,MASP2_Helo_CM,337
799,1598.0,12.205672169702758,MASP2_Helo_CM,337
800,1600.0,12.53444941576962,MASP2_Helo_CM,337
801,1602.0,11.816056229443959,MASP2_Helo_CM,337
802,1604.0,11.999864033433905,MASP2_Helo_CM,337
803,1606.0,12.087163855803967,MASP2_Helo_CM,337
804,1608.0,11.760851799427153,MASP2_Helo_CM,337
805,1610.0,12.691269904219268,MASP2_Helo_CM,337
806,1612.0,12.089064397850986,MASP2_Helo_CM,337
807,1614.0,11.42465412286868,MASP2_Helo_CM,337
808,1616.0,12.466777919908424,MASP2_Helo_CM,337
809,1618.0,12.74037609988127,MASP2_Helo_CM,337
810,1620.0,13.337865803897849,MASP2_Helo_CM,337
811,1622.0,13.266632665531647,MASP2_Helo_CM,337
812,1624.0,13.378006811656528,MASP2_Helo_CM,337
813,1626.0,12.476544132738628,MASP2_Helo_CM,337
814,1628.0,12.198410678687873,MASP2_Helo_CM,337
815,1630.0,13.81013962283475,MASP2_Helo_CM,337
816,1632.0,13.062201855114406,MASP2_Helo_CM,337
817,1634.0,13.275958039685412,MASP2_Helo_CM,337
818,1636.0,12.552827157602191,MASP2_Helo_CM,337
819,1638.0,11.91558118582819,MASP2_Helo_CM,337
820,1640.0,13.088251149258992,MASP2_Helo_CM,337
821,1642.0,12.64118932660834,MASP2_Helo_CM,337
822,1644.0,11.99598628354694,MASP2_Helo_CM,337
823,1646.0,12.762810915722124,MASP2_Helo_CM,337
824,1648.0,11.578449477353365,MASP2_Helo_CM,337
825,1650.0,11.847021506560695,MASP2_Helo_CM,337
826,1652.0,12.574792015100606,MASP2_Helo_CM,337
827,1654.0,12.257021823623706,MASP2_Helo_CM,337
828,1656.0,11.51786950422805,MASP2_Helo_CM,337
829,1658.0,11.502398932328788,MASP2_Helo_CM,337
830,1660.0,11.213988297171221,MASP2_Helo_CM,337
831,1662.0,11.530758772075343,MASP2_Helo_CM,337
832,1664.0,12.62834067971295,MASP2_Helo_CM,337
833,1666.0,13.348015281135078,MASP2_Helo_CM,337
834,1668.0,13.655603864138266,MASP2_Helo_CM,337
835,1670.0,13.316013401416795,MASP2_Helo_CM,337
836,1672.0,13.149642964266189,MASP2_Helo_CM,337
837,1674.0,12.457549714619415,MASP2_Helo_CM,337
838,1676.0,12.325554210159686,MASP2_Helo_CM,337
839,1678.0,13.164483791250666,MASP2_Helo_CM,337
840,1680.0,12.561549405804193,MASP2_Helo_CM,337
841,1682.0,11.91958819545782,MASP2_Helo_CM,337
842,1684.0,11.700490730513637,MASP2_Helo_CM,337
843,1686.0,11.591820061685112,MASP2_Helo_CM,337
844,1688.0,12.332717078767324,MASP2_Helo_CM,337
845,1690.0,12.065174446425546,MASP2_Helo_CM,337
846,1692.0,12.584149246697557,MASP2_Helo_CM,337
847,1694.0,13.046209653968086,MASP2_Helo_CM,337
848,1696.0,14.884975785621785,MASP2_Helo_CM,337
849,1698.0,19.70805086730985,MASP2_Helo_CM,337
850,1700.0,17.694000710599752,MASP2_Helo_CM,337
851,1702.0,14.233397158061598,MASP2_Helo_CM,337
852,1704.0,14.406170944206112,MASP2_Helo_CM,337
853,1706.0,14.668561261648511,MASP2_Helo_CM,337
854,1708.0,14.437120077211887,MASP2_Helo_CM,337
855,1710.0,16.409958279319667,MASP2_Helo_CM,337
856,1712.0,17.02113569123425,MASP2_Helo_CM,337
857,1714.0,16.61371706771311,MASP2_Helo_CM,337
858,1716.0,15.706654648819233,MASP2_Helo_CM,337
859,1718.0,15.20446095450874,MASP2_Helo_CM,337
860,1720.0,14.302297478907121,MASP2_Helo_CM,337
861,1722.0,13.811536715130202,MASP2_Helo_CM,337
862,1724.0,14.068155600371652,MASP2_Helo_CM,337
863,1726.0,13.428098529935543,MASP2_Helo_CM,337
864,1728.0,13.984600600500086,MASP2_Helo_CM,337
865,1730.0,15.133513098804048,MASP2_Helo_CM,337
866,1732.0,14.118990811578264,MASP2_Helo_CM,337
867,1734.0,14.543954950545878,MASP2_Helo_CM,337
868,1736.0,13.939310815167078,MASP2_Helo_CM,337
869,1738.0,16.402867311416898,MASP2_Helo_CM,337
870,1740.0,14.447333728063848,MASP2_Helo_CM,337
871,1742.0,14.307743212600549,MASP2_Helo_CM,337
872,1744.0,14.307621972798025,MASP2_Helo_CM,337
873,1746.0,14.54343090672766,MASP2_Helo_CM,337
874,1748.0,13.928722741108805,MASP2_Helo_CM,337
875,1750.0,14.41219414295499,MASP2_Helo_CM,337
876,1752.0,15.515720469145199,MASP2_Helo_CM,337
877,1754.0,15.00544977879703,MASP2_Helo_CM,337
878,1756.0,15.816493351193209,MASP2_Helo_CM,337
879,1758.0,14.642214247115342,MASP2_Helo_CM,337
880,1760.0,14.995896717216795,MASP2_Helo_CM,337
881,1762.0,15.633488647281148,MASP2_Helo_CM,337
882,1764.0,15.412815870507284,MASP2_Helo_CM,337
883,1766.0,14.495846123478128,MASP2_Helo_CM,337
884,1768.0,14.767235121434153,MASP2_Helo_CM,337
885,1770.0,14.713706562638697,MASP2_Helo_CM,337
886,1772.0,14.062044148262308,MASP2_Helo_CM,337
887,1774.0,14.145915454908845,MASP2_Helo_CM,337
888,1776.0,14.436584270338322,MASP2_Helo_CM,337
889,1778.0,11.711136261986532,MASP2_Helo_CM,337
890,1780.0,10.956796298332172,MASP2_Helo_CM,337
891,1782.0,13.707293083187418,MASP2_Helo_CM,337
892,1784.0,12.804826200542852,MASP2_Helo_CM,337
893,1786.0,12.750888433790301,MASP2_Helo_CM,337
894,1788.0,12.379644116735712,MASP2_Helo_CM,337
895,1790.0,11.688519495668242,MASP2_Helo_CM,337
896,1792.0,12.552311547816206,MASP2_Helo_CM,337
897,1794.0,11.950981317319888,MASP2_Helo_CM,337
898,1796.0,12.419966326889723,MASP2_Helo_CM,337
899,1798.0,10.974126530893454,MASP2_Helo_CM,337
900,1800.0,11.326000752504243,MASP2_Helo_CM,337
901,1802.0,11.673816541994372,MASP2_Helo_CM,337
902,1804.0,12.132704500035763,MASP2_Helo_CM,337
903,1806.0,11.784879886040386,MASP2_Helo_CM,337
904,1808.0,12.209000148855942,MASP2_Helo_CM,337
905,1810.0,11.117458233179104,MASP2_Helo_CM,337
906,1812.0,11.646385146272065,MASP2_Helo_CM,337
907,1814.0,12.742674296520793,MASP2_Helo_CM,337
908,1816.0,11.43708325634773,MASP2_Helo_CM,337
909,1818.0,11.75716761483858,MASP2_Helo_CM,337
910,1820.0,11.878226586456698,MASP2_Helo_CM,337
911,1822.0,12.671750512118944,MASP2_Helo_CM,337
912,1824.0,12.401334597155302,MASP2_Helo_CM,337
913,1826.0,12.335171607168977,MASP2_Helo_CM,337
914,1828.0,11.87910860936353,MASP2_Helo_CM,337
915,1830.0,11.350072606544279,MASP2_Helo_CM,337
916,1832.0,11.40305457431591,MASP2_Helo_CM,337
917,1834.0,11.940469041716778,MASP2_Helo_CM,337
918,1836.0,11.16251855674235,MASP2_Helo_CM,337
919,1838.0,12.26142216802493,MASP2_Helo_CM,337
920,1840.0,12.68895538305655,MASP2_Helo_CM,337
921,1842.0,12.135207990263472,MASP2_Helo_CM,337
922,1844.0,13.269593509141703,MASP2_Helo_CM,337
923,1846.0,12.894411304220725,MASP2_Helo_CM,337
924,1848.0,15.016152744999367,MASP2_Helo_CM,337
925,1850.0,14.709891677702542,MASP2_Helo_CM,337
926,1852.0,14.58009049964673,MASP2_Helo_CM,337
927,1854.0,14.57763260626759,MASP2_Helo_CM,337
928,1856.0,15.477655541526138,MASP2_Helo_CM,337
929,1858.0,15.019262398087038,MASP2_Helo_CM,337
930,1860.0,13.416270981990941,MASP2_Helo_CM,337
931,1862.0,13.193395351358555,MASP2_Helo_CM,337
932,1864.0,13.928625999058127,MASP2_Helo_CM,337
933,1866.0,13.878249494524766,MASP2_Helo_CM,337
934,1868.0,13.209617690814618,MASP2_Helo_CM,337
935,1870.0,14.006017863090314,MASP2_Helo_CM,337
936,1872.0,15.011011394278285,MASP2_Helo_CM,337
937,1874.0,14.349309005213023,MASP2_Helo_CM,337
938,1876.0,14.625347357620797,MASP2_Helo_CM,337
939,1878.0,15.25554801790766,MASP2_Helo_CM,337
940,1880.0,14.14053073205971,MASP2_Helo_CM,337
941,1882.0,13.6754808913688,MASP2_Helo_CM,337
942,1884.0,14.03716771435684,MASP2_Helo_CM,337
943,1886.0,14.608276689814893,MASP2_Helo_CM,337
944,1888.0,14.376404276940253,MASP2_Helo_CM,337
945,1890.0,15.445455550697156,MASP2_Helo_CM,337
946,1892.0,16.21671877690915,MASP2_Helo_CM,337
947,1894.0,14.904099345009897,MASP2_Helo_CM,337
948,1896.0,15.582335330833956,MASP2_Helo_CM,337
949,1898.0,14.750585552634583,MASP2_Helo_CM,337
950,1900.0,14.138211178475885,MASP2_Helo_CM,337
951,1902.0,15.21152736065664,MASP2_Helo_CM,337
952,1904.0,15.6292298091575,MASP2_Helo_CM,337
953,1906.0,14.5749920708187,MASP2_Helo_CM,337
954,1908.0,13.352473185001363,MASP2_Helo_CM,337
955,1910.0,13.814224359332393,MASP2_Helo_CM,337
956,1912.0,13.792680133032118,MASP2_Helo_CM,337
957,1914.0,15.7426346827821,MASP2_Helo_CM,337
958,1916.0,14.339992954909857,MASP2_Helo_CM,337
959,1918.0,15.074296598618645,MASP2_Helo_CM,337
960,1920.0,13.505475404946056,MASP2_Helo_CM,337
961,1922.0,13.209733436577551,MASP2_Helo_CM,337
962,1924.0,12.512645199894306,MASP2_Helo_CM,337
963,1926.0,13.792076882766136,MASP2_Helo_CM,337
964,1928.0,14.762838642035222,MASP2_Helo_CM,337
965,1930.0,14.969180785481838,MASP2_Helo_CM,337
966,1932.0,13.909058202696666,MASP2_Helo_CM,337
967,1934.0,15.265273257014519,MASP2_Helo_CM,337
968,1936.0,16.26952540121683,MASP2_Helo_CM,337
969,1938.0,15.91208054555527,MASP2_Helo_CM,337
970,1940.0,15.588633497346812,MASP2_Helo_CM,337
971,1942.0,15.851933118330617,MASP2_Helo_CM,337
972,1944.0,15.428899899496885,MASP2_Helo_CM,337
973,1946.0,15.882947461201699,MASP2_Helo_CM,337
974,1948.0,14.09413369136867,MASP2_Helo_CM,337
975,1950.0,15.178134718595393,MASP2_Helo_CM,337
976,1952.0,15.033547027437592,MASP2_Helo_CM,337
977,1954.0,15.290834674397297,MASP2_Helo_CM,337
978,1956.0,14.408733219613913,MASP2_Helo_CM,337
979,1958.0,15.926140412454407,MASP2_Helo_CM,337
980,1960.0,15.221507428339828,MASP2_Helo_CM,337
981,1962.0,14.338318339407074,MASP2_Helo_CM,337
982,1964.0,14.385771520474398,MASP2_Helo_CM,337
983,1966.0,15.17005272108314,MASP2_Helo_CM,337
984,1968.0,15.157915575544747,MASP2_Helo_CM,337
985,1970.0,14.26322186443935,MASP2_Helo_CM,337
986,1972.0,14.69605504212607,MASP2_Helo_CM,337
987,1974.0,13.661554574415112,MASP2_Helo_CM,337
988,1976.0,13.34926508162261,MASP2_Helo_CM,337
989,1978.0,14.52898342080905,MASP2_Helo_CM,337
990,1980.0,14.140233640709502,MASP2_Helo_CM,337
991,1982.0,14.066381229474102,MASP2_Helo_CM,337
992,1984.0,14.898332732700045,MASP2_Helo_CM,337
993,1986.0,13.171142977731334,MASP2_Helo_CM,337
994,1988.0,13.603450271852678,MASP2_Helo_CM,337
995,1990.0,13.540655396663091,MASP2_Helo_CM,337
996,1992.0,14.222716296033408,MASP2_Helo_CM,337
997,1994.0,14.324133376557585,MASP2_Helo_CM,337
998,1996.0,14.271826169052765,MASP2_Helo_CM,337
999,1998.0,12.985318545554446,MASP2_Helo_CM,337
1000,2000.0,13.215898445628106,MASP2_Helo_CM,337
1001,2002.0,14.094339430170432,MASP2_Helo_CM,337
1002,2004.0,15.582908830904746,MASP2_Helo_CM,337
1003,2006.0,15.468990291717347,MASP2_Helo_CM,337
1004,2008.0,14.573969602876428,MASP2_Helo_CM,337
1005,2010.0,13.400737362867737,MASP2_Helo_CM,337
1006,2012.0,13.349416661287556,MASP2_Helo_CM,337
1007,2014.0,14.246438157542677,MASP2_Helo_CM,337
1008,2016.0,14.10072196612322,MASP2_Helo_CM,337
1009,2018.0,14.48594862234842,MASP2_Helo_CM,337
1010,2020.0,14.993178786692566,MASP2_Helo_CM,337
1011,2022.0,14.618206634414914,MASP2_Helo_CM,337
1012,2024.0,13.303610326610254,MASP2_Helo_CM,337
1013,2026.0,14.000534810054408,MASP2_Helo_CM,337
1014,2028.0,14.151455652969618,MASP2_Helo_CM,337
1015,2030.0,14.953947112064718,MASP2_Helo_CM,337
1016,2032.0,14.803157836043376,MASP2_Helo_CM,337
1017,2034.0,15.138518860164583,MASP2_Helo_CM,337
1018,2036.0,15.751346362474596,MASP2_Helo_CM,337
1019,2038.0,15.590462123176689,MASP2_Helo_CM,337
1020,2040.0,16.13891899960278,MASP2_Helo_CM,337
1021,2042.0,15.722001237811003,MASP2_Helo_CM,337
1022,2044.0,15.000404722704348,MASP2_Helo_CM,337
1023,2046.0,15.016392036139658,MASP2_Helo_CM,337
1024,2048.0,15.015541528768676,MASP2_Helo_CM,337
1025,2050.0,14.185679325575228,MASP2_Helo_CM,337
1026,2052.0,13.705689632727331,MASP2_Helo_CM,337
1027,2054.0,14.027212624557809,MASP2_Helo_CM,337
1028,2056.0,13.785254399365211,MASP2_Helo_CM,337
1029,2058.0,13.626180612259313,MASP2_Helo_CM,337
1030,2060.0,14.746582253399076,MASP2_Helo_CM,337
1031,2062.0,13.831526328631488,MASP2_Helo_CM,337
1032,2064.0,14.590360327437653,MASP2_Helo_CM,337
1033,2066.0,13.512778928949878,MASP2_Helo_CM,337
1034,2068.0,13.677765565363773,MASP2_Helo_CM,337
1035,2070.0,13.862773082969362,MASP2_Helo_CM,337
1036,2072.0,13.477213185447946,MASP2_Helo_CM,337
1037,2074.0,13.780117383106816,MASP2_Helo_CM,337
1038,2076.0,13.628927536120596,MASP2_Helo_CM,337
1039,2078.0,13.497351575417298,MASP2_Helo_CM,337
1040,2080.0,14.41094870975627,MASP2_Helo_CM,337
1041,2082.0,14.13014521264926,MASP2_Helo_CM,337
1042,2084.0,14.261657397272007,MASP2_Helo_CM,337
1043,2086.0,14.35469098999442,MASP2_Helo_CM,337
1044,2088.0,15.42215065147613,MASP2_Helo_CM,337
1045,2090.0,15.605004154258012,MASP2_Helo_CM,337
1046,2092.0,17.173073574283983,MASP2_Helo_CM,337
1047,2094.0,14.942494724879772,MASP2_Helo_CM,337
1048,2096.0,13.882866545852728,MASP2_Helo_CM,337
1049,2098.0,14.391798278426629,MASP2_Helo_CM,337
1050,2100.0,13.699244871575926,MASP2_Helo_CM,337
1051,2102.0,15.114438572823376,MASP2_Helo_CM,337
1052,2104.0,14.170441145788736,MASP2_Helo_CM,337
1053,2106.0,15.320509265060318,MASP2_Helo_CM,337
1054,2108.0,14.628395701414304,MASP2_Helo_CM,337
1055,2110.0,15.25088049488163,MASP2_Helo_CM,337
1056,2112.0,14.746502646402874,MASP2_Helo_CM,337
1057,2114.0,14.215068590065236,MASP2_Helo_CM,337
1058,2116.0,13.789546234160227,MASP2_Helo_CM,337
1059,2118.0,14.146939455857755,MASP2_Helo_CM,337
1060,2120.0,14.447245183940833,MASP2_Helo_CM,337
1061,2122.0,13.147499411902382,MASP2_Helo_CM,337
1062,2124.0,14.320953371797684,MASP2_Helo_CM,337
1063,2126.0,15.037267034880058,MASP2_Helo_CM,337
1064,2128.0,15.446501187794064,MASP2_Helo_CM,337
1065,2130.0,15.19709106961203,MASP2_Helo_CM,337
1066,2132.0,14.387086245777184,MASP2_Helo_CM,337
1067,2134.0,14.643431484045303,MASP2_Helo_CM,337
1068,2136.0,13.51792670526979,MASP2_Helo_CM,337
1069,2138.0,12.507107338561841,MASP2_Helo_CM,337
1070,2140.0,11.32022717464534,MASP2_Helo_CM,337
1071,2142.0,11.935186293789132,MASP2_Helo_CM,337
1072,2144.0,11.85438366542868,MASP2_Helo_CM,337
1073,2146.0,10.995250815010724,MASP2_Helo_CM,337
1074,2148.0,11.73890117054211,MASP2_Helo_CM,337
1075,2150.0,11.584072318537505,MASP2_Helo_CM,337
1076,2152.0,12.096956477705639,MASP2_Helo_CM,337
1077,2154.0,12.235005249935945,MASP2_Helo_CM,337
1078,2156.0,11.84263387448572,MASP2_Helo_CM,337
1079,2158.0,12.153422978146239,MASP2_Helo_CM,337
1080,2160.0,12.046848175749572,MASP2_Helo_CM,337
1081,2162.0,11.563340352802548,MASP2_Helo_CM,337
1082,2164.0,11.983369181228337,MASP2_Helo_CM,337
1083,2166.0,11.805849513802976,MASP2_Helo_CM,337
1084,2168.0,14.018018895220392,MASP2_Helo_CM,337
1085,2170.0,14.328148112631576,MASP2_Helo_CM,337
1086,2172.0,14.422259599851035,MASP2_Helo_CM,337
1087,2174.0,14.414781905460606,MASP2_Helo_CM,337
1088,2176.0,15.032013754603653,MASP2_Helo_CM,337
1089,2178.0,14.99231800525356,MASP2_Helo_CM,337
1090,2180.0,14.799742914391516,MASP2_Helo_CM,337
1091,2182.0,15.153774782081568,MASP2_Helo_CM,337
1092,2184.0,14.600611514017222,MASP2_Helo_CM,337
1093,2186.0,14.582145231622752,MASP2_Helo_CM,337
1094,2188.0,14.87276380229087,MASP2_Helo_CM,337
1095,2190.0,13.73196286635296,MASP2_Helo_CM,337
1096,2192.0,13.078506934473884,MASP2_Helo_CM,337
1097,2194.0,13.592289796908043,MASP2_Helo_CM,337
1098,2196.0,13.974680133497218,MASP2_Helo_CM,337
1099,2198.0,13.56275116593516,MASP2_Helo_CM,337
1100,2200.0,14.958664580329673,MASP2_Helo_CM,337
1101,2202.0,14.32920088229712,MASP2_Helo_CM,337
1102,2204.0,14.772426877698496,MASP2_Helo_CM,337
1103,2206.0,14.634366601538126,MASP2_Helo_CM,337
1104,2208.0,13.799528392883687,MASP2_Helo_CM,337
1105,2210.0,14.944792774150583,MASP2_Helo_CM,337
1106,2212.0,15.556583850028304,MASP2_Helo_CM,337
1107,2214.0,14.290981759766524,MASP2_Helo_CM,337
1108,2216.0,13.694874995066998,MASP2_Helo_CM,337
1109,2218.0,15.47732786258041,MASP2_Helo_CM,337
1110,2220.0,14.42732195159996,MASP2_Helo_CM,337
1111,2222.0,14.016677792437363,MASP2_Helo_CM,337
1112,2224.0,14.636497374214658,MASP2_Helo_CM,337
1113,2226.0,15.212191498265721,MASP2_Helo_CM,337
1114,2228.0,14.044182875074846,MASP2_Helo_CM,337
1115,2230.0,12.509817942158413,MASP2_Helo_CM,337
1116,2232.0,12.816520239900715,MASP2_Helo_CM,337
1117,2234.0,12.652081036399613,MASP2_Helo_CM,337
1118,2236.0,13.101419315078532,MASP2_Helo_CM,337
1119,2238.0,14.121502909850637,MASP2_Helo_CM,337
1120,2240.0,13.457794944249343,MASP2_Helo_CM,337
1121,2242.0,14.842161352290484,MASP2_Helo_CM,337
1122,2244.0,13.199813994284003,MASP2_Helo_CM,337
1123,2246.0,13.399152266946116,MASP2_Helo_CM,337
1124,2248.0,13.404668482725002,MASP2_Helo_CM,337
1125,2250.0,13.275896160245512,MASP2_Helo_CM,337
1126,2252.0,14.539220092019383,MASP2_Helo_CM,337
1127,2254.0,10.121025766290979,MASP2_Helo_CM,337
1128,2256.0,11.11588563065356,MASP2_Helo_CM,337
1129,2258.0,9.148855274759418,MASP2_Helo_CM,337
1130,2260.0,10.12361240759754,MASP2_Helo_CM,337
1131,2262.0,10.938015996575396,MASP2_Helo_CM,337
1132,2264.0,10.554494692028992,MASP2_Helo_CM,337
1133,2266.0,10.560515540466307,MASP2_Helo_CM,337
1134,2268.0,11.643858571661582,MASP2_Helo_CM,337
1135,2270.0,12.3289586301184,MASP2_Helo_CM,337
1136,2272.0,9.196763434382309,MASP2_Helo_CM,337
1137,2274.0,10.157783898435934,MASP2_Helo_CM,337
1138,2276.0,10.422150036116271,MASP2_Helo_CM,337
1139,2278.0,10.009977702484738,MASP2_Helo_CM,337
1140,2280.0,10.808873943447542,MASP2_Helo_CM,337
1141,2282.0,10.311287344148022,MASP2_Helo_CM,337
1142,2284.0,11.700068059895994,MASP2_Helo_CM,337
1143,2286.0,11.857827786368622,MASP2_Helo_CM,337
1144,2288.0,10.883339702752822,MASP2_Helo_CM,337
1145,2290.0,11.590231844362293,MASP2_Helo_CM,337
1146,2292.0,11.757621432788378,MASP2_Helo_CM,337
1147,2294.0,11.436970872175126,MASP2_Helo_CM,337
1148,2296.0,10.829557086991024,MASP2_Helo_CM,337
1149,2298.0,9.153277810857173,MASP2_Helo_CM,337
1150,2300.0,10.541975964582662,MASP2_Helo_CM,337
1151,2302.0,10.830881476003233,MASP2_Helo_CM,337
1152,2304.0,11.249834492120032,MASP2_Helo_CM,337
1153,2306.0,11.034227083765618,MASP2_Helo_CM,337
1154,2308.0,12.063663517535453,MASP2_Helo_CM,337
1155,2310.0,11.196072753494258,MASP2_Helo_CM,337
1156,2312.0,11.351854089039337,MASP2_Helo_CM,337
1157,2314.0,12.190381999882153,MASP2_Helo_CM,337
1158,2316.0,12.218176290681326,MASP2_Helo_CM,337
1159,2318.0,11.532238612340285,MASP2_Helo_CM,337
1160,2320.0,11.531230758632677,MASP2_Helo_CM,337
1161,2322.0,12.210110634990205,MASP2_Helo_CM,337
1162,2324.0,11.919249956383243,MASP2_Helo_CM,337
1163,2326.0,12.204253998263674,MASP2_Helo_CM,337
1164,2328.0,12.155883599640354,MASP2_Helo_CM,337
1165,2330.0,11.248913671470675,MASP2_Helo_CM,337
1166,2332.0,12.27848430419745,MASP2_Helo_CM,337
1167,2334.0,12.575773642304965,MASP2_Helo_CM,337
1168,2336.0,11.792994465823618,MASP2_Helo_CM,337
1169,2338.0,12.389518630303344,MASP2_Helo_CM,337
1170,2340.0,12.492704163916594,MASP2_Helo_CM,337
1171,2342.0,10.754238708239427,MASP2_Helo_CM,337
1172,2344.0,10.755015097404677,MASP2_Helo_CM,337
1173,2346.0,11.445082776594816,MASP2_Helo_CM,337
1174,2348.0,13.222117316976602,MASP2_Helo_CM,337
1175,2350.0,11.441301059381958,MASP2_Helo_CM,337
1176,2352.0,11.682686572092747,MASP2_Helo_CM,337
1177,2354.0,11.260429446937462,MASP2_Helo_CM,337
1178,2356.0,10.439643828458555,MASP2_Helo_CM,337
1179,2358.0,12.389611844431112,MASP2_Helo_CM,337
1180,2360.0,11.59044707838238,MASP2_Helo_CM,337
1181,2362.0,12.190008770634423,MASP2_Helo_CM,337
1182,2364.0,11.671479833678724,MASP2_Helo_CM,337
1183,2366.0,11.73517711634358,MASP2_Helo_CM,337
1184,2368.0,11.82672847431408,MASP2_Helo_CM,337
1185,2370.0,11.757225210758536,MASP2_Helo_CM,337
1186,2372.0,11.873884322423407,MASP2_Helo_CM,337
1187,2374.0,11.371226204604653,MASP2_Helo_CM,337
1188,2376.0,12.982090532990794,MASP2_Helo_CM,337
1189,2378.0,12.437294161164015,MASP2_Helo_CM,337
1190,2380.0,12.180573271865088,MASP2_Helo_CM,337
1191,2382.0,11.997540306757392,MASP2_Helo_CM,337
1192,2384.0,12.73822376042764,MASP2_Helo_CM,337
1193,2386.0,13.113620482293575,MASP2_Helo_CM,337
1194,2388.0,12.034420530670467,MASP2_Helo_CM,337
1195,2390.0,11.17837435678367,MASP2_Helo_CM,337
1196,2392.0,11.923996429252377,MASP2_Helo_CM,337
1197,2394.0,11.293694095590626,MASP2_Helo_CM,337
1198,2396.0,11.905082373453748,MASP2_Helo_CM,337
1199,2398.0,12.042966609234377,MASP2_Helo_CM,337
1200,2400.0,12.514645990589718,MASP2_Helo_CM,337
1201,2402.0,12.269297537310731,MASP2_Helo_CM,337
1202,2404.0,12.064900413407337,MASP2_Helo_CM,337
1203,2406.0,12.248909861024735,MASP2_Helo_CM,337
1204,2408.0,12.21586340401064,MASP2_Helo_CM,337
1205,2410.0,11.032933867500557,MASP2_Helo_CM,337
1206,2412.0,11.510049212244185,MASP2_Helo_CM,337
1207,2414.0,10.588695530062084,MASP2_Helo_CM,337
1208,2416.0,10.823231420315365,MASP2_Helo_CM,337
1209,2418.0,11.186466980937796,MASP2_Helo_CM,337
1210,2420.0,11.920418806350348,MASP2_Helo_CM,337
1211,2422.0,10.612046822314971,MASP2_Helo_CM,337
1212,2424.0,12.199877051503538,MASP2_Helo_CM,337
1213,2426.0,11.157492910147456,MASP2_Helo_CM,337
1214,2428.0,11.204010135029757,MASP2_Helo_CM,337
1215,2430.0,11.234824090482581,MASP2_Helo_CM,337
1216,2432.0,11.416660272022451,MASP2_Helo_CM,337
1217,2434.0,11.014457240349248,MASP2_Helo_CM,337
1218,2436.0,11.12886567406534,MASP2_Helo_CM,337
1219,2438.0,11.885356556458511,MASP2_Helo_CM,337
1220,2440.0,11.960539945416405,MASP2_Helo_CM,337
1221,2442.0,11.724317604857653,MASP2_Helo_CM,337
1222,2444.0,12.153795055737602,MASP2_Helo_CM,337
1223,2446.0,11.612382820674084,MASP2_Helo_CM,337
1224,2448.0,12.423049623963376,MASP2_Helo_CM,337
1225,2450.0,11.714972347663583,MASP2_Helo_CM,337
1226,2452.0,10.319101927743926,MASP2_Helo_CM,337
1227,2454.0,12.722733137842535,MASP2_Helo_CM,337
1228,2456.0,11.714679217471533,MASP2_Helo_CM,337
1229,2458.0,14.792112746916851,MASP2_Helo_CM,337
1230,2460.0,15.128164991721047,MASP2_Helo_CM,337
1231,2462.0,14.560961092253232,MASP2_Helo_CM,337
1232,2464.0,13.147681937433676,MASP2_Helo_CM,337
1233,2466.0,12.051824903678739,MASP2_Helo_CM,337
1234,2468.0,11.13569391626928,MASP2_Helo_CM,337
1235,2470.0,11.564911046372746,MASP2_Helo_CM,337
1236,2472.0,11.08747391243991,MASP2_Helo_CM,337
1237,2474.0,12.12723319032923,MASP2_Helo_CM,337
1238,2476.0,12.763639975892827,MASP2_Helo_CM,337
1239,2478.0,13.026640187889583,MASP2_Helo_CM,337
1240,2480.0,13.273782408461575,MASP2_Helo_CM,337
1241,2482.0,13.307554368111045,MASP2_Helo_CM,337
1242,2484.0,12.481512878731765,MASP2_Helo_CM,337
1243,2486.0,12.451033959046004,MASP2_Helo_CM,337
1244,2488.0,12.76779710028957,MASP2_Helo_CM,337
1245,2490.0,12.93788941812047,MASP2_Helo_CM,337
1246,2492.0,12.5444384737207,MASP2_Helo_CM,337
1247,2494.0,13.208089682141736,MASP2_Helo_CM,337
1248,2496.0,13.367470826871669,MASP2_Helo_CM,337
1249,2498.0,13.659497345814279,MASP2_Helo_CM,337
1250,2500.0,13.929902867436336,MASP2_Helo_CM,337
1251,2502.0,13.910548566806701,MASP2_Helo_CM,337
1252,2504.0,12.958588980713532,MASP2_Helo_CM,337
1253,2506.0,13.144001876060459,MASP2_Helo_CM,337
1254,2508.0,12.573836054114325,MASP2_Helo_CM,337
1255,2510.0,12.510901209355227,MASP2_Helo_CM,337
1256,2512.0,12.267424122732692,MASP2_Helo_CM,337
1257,2514.0,11.136746215575313,MASP2_Helo_CM,337
1258,2516.0,10.623040236130011,MASP2_Helo_CM,337
1259,2518.0,10.975535708370286,MASP2_Helo_CM,337
1260,2520.0,11.284419615502914,MASP2_Helo_CM,337
1261,2522.0,10.971478764056991,MASP2_Helo_CM,337
1262,2524.0,10.961900728119332,MASP2_Helo_CM,337
1263,2526.0,12.60199714680252,MASP2_Helo_CM,337
1264,2528.0,14.51118035450771,MASP2_Helo_CM,337
1265,2530.0,14.011594181973932,MASP2_Helo_CM,337
1266,2532.0,13.331717560549201,MASP2_Helo_CM,337
1267,2534.0,13.528206347454521,MASP2_Helo_CM,337
1268,2536.0,11.90542218456789,MASP2_Helo_CM,337
1269,2538.0,11.191683623919632,MASP2_Helo_CM,337
1270,2540.0,11.115889070217795,MASP2_Helo_CM,337
1271,2542.0,10.319756881564633,MASP2_Helo_CM,337
1272,2544.0,11.021094506396285,MASP2_Helo_CM,337
1273,2546.0,10.273238000615867,MASP2_Helo_CM,337
1274,2548.0,10.29463791729296,MASP2_Helo_CM,337
1275,2550.0,10.524155315045821,MASP2_Helo_CM,337
1276,2552.0,11.142363934389653,MASP2_Helo_CM,337
1277,2554.0,10.542857039006606,MASP2_Helo_CM,337
1278,2556.0,9.639044692677704,MASP2_Helo_CM,337
1279,2558.0,10.117460093698218,MASP2_Helo_CM,337
1280,2560.0,10.109797716580111,MASP2_Helo_CM,337
1281,2562.0,10.714118718697756,MASP2_Helo_CM,337
1282,2564.0,9.732333284918331,MASP2_Helo_CM,337
1283,2566.0,10.97564942793608,MASP2_Helo_CM,337
1284,2568.0,9.431763762341534,MASP2_Helo_CM,337
1285,2570.0,10.083035515475256,MASP2_Helo_CM,337
1286,2572.0,10.069003770816082,MASP2_Helo_CM,337
1287,2574.0,10.897500621480768,MASP2_Helo_CM,337
1288,2576.0,11.71544875688587,MASP2_Helo_CM,337
1289,2578.0,13.316469960828378,MASP2_Helo_CM,337
1290,2580.0,13.819358455310692,MASP2_Helo_CM,337
1291,2582.0,13.185849250135558,MASP2_Helo_CM,337
1292,2584.0,13.096311437026355,MASP2_Helo_CM,337
1293,2586.0,13.96086623942932,MASP2_Helo_CM,337
1294,2588.0,13.390466974808104,MASP2_Helo_CM,337
1295,2590.0,11.203933576162886,MASP2_Helo_CM,337
1296,2592.0,11.054314327549376,MASP2_Helo_CM,337
1297,2594.0,10.631734830071633,MASP2_Helo_CM,337
1298,2596.0,9.997187964117286,MASP2_Helo_CM,337
1299,2598.0,11.187613624344142,MASP2_Helo_CM,337
1300,2600.0,12.267875121639712,MASP2_Helo_CM,337
1301,2602.0,10.544152111443877,MASP2_Helo_CM,337
1302,2604.0,11.546532083653785,MASP2_Helo_CM,337
1303,2606.0,10.53915136090471,MASP2_Helo_CM,337
1304,2608.0,11.052771702465822,MASP2_Helo_CM,337
1305,2610.0,11.037728088631786,MASP2_Helo_CM,337
1306,2612.0,11.81841848264263,MASP2_Helo_CM,337
1307,2614.0,12.34253851478944,MASP2_Helo_CM,337
1308,2616.0,10.09152435790907,MASP2_Helo_CM,337
1309,2618.0,11.23140770478259,MASP2_Helo_CM,337
1310,2620.0,10.249165979610291,MASP2_Helo_CM,337
1311,2622.0,12.33056875969733,MASP2_Helo_CM,337
1312,2624.0,16.611547352871202,MASP2_Helo_CM,337
1313,2626.0,16.734875862397587,MASP2_Helo_CM,337
1314,2628.0,12.990360187583104,MASP2_Helo_CM,337
1315,2630.0,11.631595310089777,MASP2_Helo_CM,337
1316,2632.0,13.511166454945783,MASP2_Helo_CM,337
1317,2634.0,12.387631011851221,MASP2_Helo_CM,337
1318,2636.0,12.591385995496669,MASP2_Helo_CM,337
1319,2638.0,11.950102345023321,MASP2_Helo_CM,337
1320,2640.0,13.071892041908837,MASP2_Helo_CM,337
1321,2642.0,13.659403134730816,MASP2_Helo_CM,337
1322,2644.0,13.076919571567108,MASP2_Helo_CM,337
1323,2646.0,11.640635038200474,MASP2_Helo_CM,337
1324,2648.0,12.105758599131757,MASP2_Helo_CM,337
1325,2650.0,10.995226153962262,MASP2_Helo_CM,337
1326,2652.0,10.670328601823257,MASP2_Helo_CM,337
1327,2654.0,10.609700911016903,MASP2_Helo_CM,337
1328,2656.0,11.465529834074376,MASP2_Helo_CM,337
1329,2658.0,11.373317786476221,MASP2_Helo_CM,337
1330,2660.0,10.859818449395465,MASP2_Helo_CM,337
1331,2662.0,11.589340747796664,MASP2_Helo_CM,337
1332,2664.0,11.124092509244905,MASP2_Helo_CM,337
1333,2666.0,11.605630514103742,MASP2_Helo_CM,337
1334,2668.0,11.303427592496744,MASP2_Helo_CM,337
1335,2670.0,11.580704398937534,MASP2_Helo_CM,337
1336,2672.0,11.050215846696544,MASP2_Helo_CM,337
1337,2674.0,10.573558951863987,MASP2_Helo_CM,337
1338,2676.0,11.3232292436674,MASP2_Helo_CM,337
1339,2678.0,11.258858734258254,MASP2_Helo_CM,337
1340,2680.0,12.8542737629056,MASP2_Helo_CM,337
1341,2682.0,12.80250909512137,MASP2_Helo_CM,337
1342,2684.0,15.156182243025196,MASP2_Helo_CM,337
1343,2686.0,14.86587159906721,MASP2_Helo_CM,337
1344,2688.0,13.518592164367758,MASP2_Helo_CM,337
1345,2690.0,12.19667375041551,MASP2_Helo_CM,337
1346,2692.0,13.48741110875981,MASP2_Helo_CM,337
1347,2694.0,12.6249714720125,MASP2_Helo_CM,337
1348,2696.0,11.826425402525981,MASP2_Helo_CM,337
1349,2698.0,11.940393474257158,MASP2_Helo_CM,337
1350,2700.0,11.345434779342325,MASP2_Helo_CM,337
1351,2702.0,12.8767608631486,MASP2_Helo_CM,337
1352,2704.0,13.059149993463796,MASP2_Helo_CM,337
1353,2706.0,10.664866983645638,MASP2_Helo_CM,337
1354,2708.0,10.751388032466942,MASP2_Helo_CM,337
1355,2710.0,9.634980760864236,MASP2_Helo_CM,337
1356,2712.0,9.90777155558182,MASP2_Helo_CM,337
1357,2714.0,12.041740218930942,MASP2_Helo_CM,337
1358,2716.0,10.438107124270775,MASP2_Helo_CM,337
1359,2718.0,11.624257561362528,MASP2_Helo_CM,337
1360,2720.0,12.193012632825505,MASP2_Helo_CM,337
1361,2722.0,12.678031310112328,MASP2_Helo_CM,337
1362,2724.0,10.7092128421323,MASP2_Helo_CM,337
1363,2726.0,10.65369302863303,MASP2_Helo_CM,337
1364,2728.0,10.980252667616824,MASP2_Helo_CM,337
1365,2730.0,11.598371112684925,MASP2_Helo_CM,337
1366,2732.0,11.628005134545665,MASP2_Helo_CM,337
1367,2734.0,10.903955293127916,MASP2_Helo_CM,337
1368,2736.0,11.522860808894587,MASP2_Helo_CM,337
1369,2738.0,12.121696452075732,MASP2_Helo_CM,337
1370,2740.0,13.548842211514259,MASP2_Helo_CM,337
1371,2742.0,13.436921268399736,MASP2_Helo_CM,337
1372,2744.0,15.91931626574877,MASP2_Helo_CM,337
1373,2746.0,16.263748690380712,MASP2_Helo_CM,337
1374,2748.0,15.945507074736962,MASP2_Helo_CM,337
1375,2750.0,17.406435407578616,MASP2_Helo_CM,337
1376,2752.0,17.297662012684942,MASP2_Helo_CM,337
1377,2754.0,15.931793164294927,MASP2_Helo_CM,337
1378,2756.0,15.971507448249396,MASP2_Helo_CM,337
1379,2758.0,15.936776843079969,MASP2_Helo_CM,337
1380,2760.0,14.672306598676847,MASP2_Helo_CM,337
1381,2762.0,15.098850023308161,MASP2_Helo_CM,337
1382,2764.0,14.956556401662306,MASP2_Helo_CM,337
1383,2766.0,14.284696840198972,MASP2_Helo_CM,337
1384,2768.0,12.840568806043027,MASP2_Helo_CM,337
1385,2770.0,12.195332412873547,MASP2_Helo_CM,337
1386,2772.0,12.395737621014923,MASP2_Helo_CM,337
1387,2774.0,11.514858972046738,MASP2_Helo_CM,337
1388,2776.0,13.147573655488006,MASP2_Helo_CM,337
1389,2778.0,12.7531077490242,MASP2_Helo_CM,337
1390,2780.0,11.337081171577767,MASP2_Helo_CM,337
1391,2782.0,11.190093520752539,MASP2_Helo_CM,337
1392,2784.0,11.311917752057674,MASP2_Helo_CM,337
1393,2786.0,12.423532993766718,MASP2_Helo_CM,337
1394,2788.0,12.865893026809763,MASP2_Helo_CM,337
1395,2790.0,13.49216282411807,MASP2_Helo_CM,337
1396,2792.0,14.396941302680231,MASP2_Helo_CM,337
1397,2794.0,13.96777305047505,MASP2_Helo_CM,337
1398,2796.0,13.305723248517987,MASP2_Helo_CM,337
1399,2798.0,10.45849433696967,MASP2_Helo_CM,337
1400,2800.0,11.537359331877779,MASP2_Helo_CM,337
1401,2802.0,12.677386682356955,MASP2_Helo_CM,337
1402,2804.0,9.567436817545778,MASP2_Helo_CM,337
1403,2806.0,10.592190336906853,MASP2_Helo_CM,337
1404,2808.0,10.57914879960749,MASP2_Helo_CM,337
1405,2810.0,12.511051634461259,MASP2_Helo_CM,337
1406,2812.0,12.048692888744283,MASP2_Helo_CM,337
1407,2814.0,11.039241971161267,MASP2_Helo_CM,337
1408,2816.0,10.586046683533503,MASP2_Helo_CM,337
1409,2818.0,11.885948800125202,MASP2_Helo_CM,337
1410,2820.0,11.33208608804455,MASP2_Helo_CM,337
1411,2822.0,12.285084284532468,MASP2_Helo_CM,337
1412,2824.0,11.949743094732701,MASP2_Helo_CM,337
1413,2826.0,11.633369427895108,MASP2_Helo_CM,337
1414,2828.0,11.441263003068286,MASP2_Helo_CM,337
1415,2830.0,10.727911510455188,MASP2_Helo_CM,337
1416,2832.0,11.731041560995175,MASP2_Helo_CM,337
1417,2834.0,10.66226467860566,MASP2_Helo_CM,337
1418,2836.0,10.154476461221869,MASP2_Helo_CM,337
1419,2838.0,10.114545702942108,MASP2_Helo_CM,337
1420,2840.0,9.883697879642376,MASP2_Helo_CM,337
1421,2842.0,11.258707742533401,MASP2_Helo_CM,337
1422,2844.0,11.691215445918994,MASP2_Helo_CM,337
1423,2846.0,10.635176308851475,MASP2_Helo_CM,337
1424,2848.0,10.870745821961806,MASP2_Helo_CM,337
1425,2850.0,12.841514043196982,MASP2_Helo_CM,337
1426,2852.0,14.3626073944811,MASP2_Helo_CM,337
1427,2854.0,12.36348288687693,MASP2_Helo_CM,337
1428,2856.0,13.044480941460362,MASP2_Helo_CM,337
1429,2858.0,13.570908357606019,MASP2_Helo_CM,337
1430,2860.0,12.195530422309355,MASP2_Helo_CM,337
1431,2862.0,12.54861013490758,MASP2_Helo_CM,337
1432,2864.0,16.509405473433823,MASP2_Helo_CM,337
1433,2866.0,12.908705520334625,MASP2_Helo_CM,337
1434,2868.0,11.181814880055171,MASP2_Helo_CM,337
1435,2870.0,12.877653043287904,MASP2_Helo_CM,337
1436,2872.0,13.60119502520394,MASP2_Helo_CM,337
1437,2874.0,10.981050869493412,MASP2_Helo_CM,337
1438,2876.0,12.968684807246712,MASP2_Helo_CM,337
1439,2878.0,12.326565795886673,MASP2_Helo_CM,337
1440,2880.0,11.494003796677864,MASP2_Helo_CM,337
1441,2882.0,11.420539849854412,MASP2_Helo_CM,337
1442,2884.0,11.034596479536397,MASP2_Helo_CM,337
1443,2886.0,11.841745391002299,MASP2_Helo_CM,337
1444,2888.0,11.87601872857758,MASP2_Helo_CM,337
1445,2890.0,15.459487871889982,MASP2_Helo_CM,337
1446,2892.0,13.26739286484791,MASP2_Helo_CM,337
1447,2894.0,17.11797228757378,MASP2_Helo_CM,337
1448,2896.0,12.508700161068527,MASP2_Helo_CM,337
1449,2898.0,11.120457968312396,MASP2_Helo_CM,337
1450,2900.0,11.054271705519872,MASP2_Helo_CM,337
1451,2902.0,11.251027291872926,MASP2_Helo_CM,337
1452,2904.0,8.608746136561638,MASP2_Helo_CM,337
1453,2906.0,11.305716783535432,MASP2_Helo_CM,337
1454,2908.0,12.006249873242735,MASP2_Helo_CM,337
1455,2910.0,11.520198999626466,MASP2_Helo_CM,337
1456,2912.0,12.555211824072655,MASP2_Helo_CM,337
1457,2914.0,14.94206062153869,MASP2_Helo_CM,337
1458,2916.0,12.090495600467202,MASP2_Helo_CM,337
1459,2918.0,12.816361404576856,MASP2_Helo_CM,337
1460,2920.0,12.976760569560044,MASP2_Helo_CM,337
1461,2922.0,12.890713989659146,MASP2_Helo_CM,337
1462,2924.0,9.701279110319906,MASP2_Helo_CM,337
1463,2926.0,8.857997491645396,MASP2_Helo_CM,337
1464,2928.0,8.796322214138334,MASP2_Helo_CM,337
1465,2930.0,8.479117285695844,MASP2_Helo_CM,337
1466,2932.0,10.79503128751266,MASP2_Helo_CM,337
1467,2934.0,11.000649739938213,MASP2_Helo_CM,337
1468,2936.0,8.191868873421797,MASP2_Helo_CM,337
1469,2938.0,8.713741475481996,MASP2_Helo_CM,337
1470,2940.0,7.876463346134591,MASP2_Helo_CM,337
1471,2942.0,7.8748062902033835,MASP2_Helo_CM,337
1472,2944.0,11.369163041332275,MASP2_Helo_CM,337
1473,2946.0,11.239153481045932,MASP2_Helo_CM,337
1474,2948.0,12.8865910364689,MASP2_Helo_CM,337
1475,2950.0,10.14354010208013,MASP2_Helo_CM,337
1476,2952.0,9.930244020268475,MASP2_Helo_CM,337
1477,2954.0,10.395400122263997,MASP2_Helo_CM,337
1478,2956.0,9.933530263542842,MASP2_Helo_CM,337
1479,2958.0,9.55366851606635,MASP2_Helo_CM,337
1480,2960.0,9.157250690044034,MASP2_Helo_CM,337
1481,2962.0,9.342344918852945,MASP2_Helo_CM,337
1482,2964.0,9.196927480772349,MASP2_Helo_CM,337
1483,2966.0,9.679920816941,MASP2_Helo_CM,337
1484,2968.0,10.001940737935616,MASP2_Helo_CM,337
1485,2970.0,10.944543586077229,MASP2_Helo_CM,337
1486,2972.0,12.382875570369283,MASP2_Helo_CM,337
1487,2974.0,10.954378029636374,MASP2_Helo_CM,337
1488,2976.0,15.044650448575487,MASP2_Helo_CM,337
1489,2978.0,13.824518245967663,MASP2_Helo_CM,337
1490,2980.0,12.584860573359286,MASP2_Helo_CM,337
1491,2982.0,12.926124852999388,MASP2_Helo_CM,337
1492,2984.0,11.259789100294226,MASP2_Helo_CM,337
1493,2986.0,14.510637613647226,MASP2_Helo_CM,337
1494,2988.0,12.683432599332836,MASP2_Helo_CM,337
1495,2990.0,11.147883797868822,MASP2_Helo_CM,337
1496,2992.0,11.656648916184597,MASP2_Helo_CM,337
1497,2994.0,11.681563170821216,MASP2_Helo_CM,337
1498,2996.0,11.581803794078374,MASP2_Helo_CM,337
1499,2998.0,13.3354675867655,MASP2_Helo_CM,337
1500,3000.0,12.829889793659712,MASP2_Helo_CM,337
1501,3002.0,13.719830024211891,MASP2_Helo_CM,337
1502,3004.0,12.851926167884319,MASP2_Helo_CM,337
1503,3006.0,10.78267078110811,MASP2_Helo_CM,337
1504,3008.0,13.016577481057684,MASP2_Helo_CM,337
1505,3010.0,11.207590568786364,MASP2_Helo_CM,337
1506,3012.0,10.461143490961927,MASP2_Helo_CM,337
1507,3014.0,11.560393387874502,MASP2_Helo_CM,337
1508,3016.0,11.164234723540105,MASP2_Helo_CM,337
1509,3018.0,10.633712992354212,MASP2_Helo_CM,337
1510,3020.0,12.90172252050008,MASP2_Helo_CM,337
1511,3022.0,13.78106784591494,MASP2_Helo_CM,337
1512,3024.0,13.969683580243716,MASP2_Helo_CM,337
1513,3026.0,14.219693634609136,MASP2_Helo_CM,337
1514,3028.0,12.409415664286605,MASP2_Helo_CM,337
1515,3030.0,9.812652117080175,MASP2_Helo_CM,337
1516,3032.0,9.904327244607384,MASP2_Helo_CM,337
1517,3034.0,10.548117688073368,MASP2_Helo_CM,337
1518,3036.0,13.95521270483471,MASP2_Helo_CM,337
1519,3038.0,13.026665654795048,MASP2_Helo_CM,337
1520,3040.0,10.585501927904788,MASP2_Helo_CM,337
1521,3042.0,11.36545874347854,MASP2_Helo_CM,337
1522,3044.0,12.170250099960901,MASP2_Helo_CM,337
1523,3046.0,12.01208823532147,MASP2_Helo_CM,337
1524,3048.0,13.521011513048732,MASP2_Helo_CM,337
1525,3050.0,12.234146934054026,MASP2_Helo_CM,337
1526,3052.0,12.675364388274422,MASP2_Helo_CM,337
1527,3054.0,11.87986436897646,MASP2_Helo_CM,337
1528,3056.0,12.466291132215702,MASP2_Helo_CM,337
1529,3058.0,12.141423137893494,MASP2_Helo_CM,337
1530,3060.0,13.065801630026387,MASP2_Helo_CM,337
1531,3062.0,11.424272965331898,MASP2_Helo_CM,337
1532,3064.0,11.598557692279194,MASP2_Helo_CM,337
1533,3066.0,14.80712751310901,MASP2_Helo_CM,337
1534,3068.0,9.807480726735493,MASP2_Helo_CM,337
1535,3070.0,10.512581955845755,MASP2_Helo_CM,337
1536,3072.0,8.615334897288399,MASP2_Helo_CM,337
1537,3074.0,8.408656346587641,MASP2_Helo_CM,337
1538,3076.0,8.38094619726057,MASP2_Helo_CM,337
1539,3078.0,9.36339443108097,MASP2_Helo_CM,337
1540,3080.0,8.540630260680505,MASP2_Helo_CM,337
1541,3082.0,9.641033383164885,MASP2_Helo_CM,337
1542,3084.0,10.59815059212436,MASP2_Helo_CM,337
1543,3086.0,10.98606500399017,MASP2_Helo_CM,337
1544,3088.0,10.133594726257195,MASP2_Helo_CM,337
1545,3090.0,10.1265697106404,MASP2_Helo_CM,337
1546,3092.0,10.538063481548518,MASP2_Helo_CM,337
1547,3094.0,10.053590271062378,MASP2_Helo_CM,337
1548,3096.0,11.29515168285252,MASP2_Helo_CM,337
1549,3098.0,11.565320492966444,MASP2_Helo_CM,337
1550,3100.0,12.752713867062965,MASP2_Helo_CM,337
1551,3102.0,14.02891046636717,MASP2_Helo_CM,337
1552,3104.0,11.762764814684475,MASP2_Helo_CM,337
1553,3106.0,11.012829674014862,MASP2_Helo_CM,337
1554,3108.0,14.275718698161622,MASP2_Helo_CM,337
1555,3110.0,13.656439035565585,MASP2_Helo_CM,337
1556,3112.0,13.940048387537562,MASP2_Helo_CM,337
1557,3114.0,14.04134070175525,MASP2_Helo_CM,337
1558,3116.0,12.169918423347491,MASP2_Helo_CM,337
1559,3118.0,11.089587844532874,MASP2_Helo_CM,337
1560,3120.0,12.14326279510599,MASP2_Helo_CM,337
1561,3122.0,11.17612378335141,MASP2_Helo_CM,337
1562,3124.0,11.695224818156252,MASP2_Helo_CM,337
1563,3126.0,14.809397219672455,MASP2_Helo_CM,337
1564,3128.0,14.120891456646817,MASP2_Helo_CM,337
1565,3130.0,15.242136699519218,MASP2_Helo_CM,337
1566,3132.0,13.62710918243832,MASP2_Helo_CM,337
1567,3134.0,14.476145844084563,MASP2_Helo_CM,337
1568,3136.0,13.186093337078793,MASP2_Helo_CM,337
1569,3138.0,13.545773781063309,MASP2_Helo_CM,337
1570,3140.0,14.095492746727876,MASP2_Helo_CM,337
1571,3142.0,11.215331871697618,MASP2_Helo_CM,337
1572,3144.0,12.477786876589255,MASP2_Helo_CM,337
1573,3146.0,13.856838569066024,MASP2_Helo_CM,337
1574,3148.0,12.259649739235927,MASP2_Helo_CM,337
1575,3150.0,9.370553677676451,MASP2_Helo_CM,337
1576,3152.0,10.606012184859004,MASP2_Helo_CM,337
1577,3154.0,9.650781026911837,MASP2_Helo_CM,337
1578,3156.0,9.50502246957663,MASP2_Helo_CM,337
1579,3158.0,9.864594411448435,MASP2_Helo_CM,337
1580,3160.0,10.741546820206649,MASP2_Helo_CM,337
1581,3162.0,9.075563340859498,MASP2_Helo_CM,337
1582,3164.0,11.51310732159629,MASP2_Helo_CM,337
1583,3166.0,11.586385483875262,MASP2_Helo_CM,337
1584,3168.0,10.412722842717828,MASP2_Helo_CM,337
1585,3170.0,11.470383190045872,MASP2_Helo_CM,337
1586,3172.0,10.944097909080122,MASP2_Helo_CM,337
1587,3174.0,10.855377090816928,MASP2_Helo_CM,337
1588,3176.0,10.183774536155113,MASP2_Helo_CM,337
1589,3178.0,10.471756757875434,MASP2_Helo_CM,337
1590,3180.0,10.385309279018774,MASP2_Helo_CM,337
1591,3182.0,13.601495277358792,MASP2_Helo_CM,337
1592,3184.0,13.757223463031888,MASP2_Helo_CM,337
1593,3186.0,10.766795632979354,MASP2_Helo_CM,337
1594,3188.0,12.835915753417853,MASP2_Helo_CM,337
1595,3190.0,10.946412097567821,MASP2_Helo_CM,337
1596,3192.0,13.657598088731888,MASP2_Helo_CM,337
1597,3194.0,12.803490232931582,MASP2_Helo_CM,337
1598,3196.0,13.027662636981145,MASP2_Helo_CM,337
1599,3198.0,12.912413239660857,MASP2_Helo_CM,337
1600,3200.0,13.536389430518154,MASP2_Helo_CM,337
1601,3202.0,9.425111649287164,MASP2_Helo_CM,337
1602,3204.0,10.213515126617182,MASP2_Helo_CM,337
1603,3206.0,8.740263129120656,MASP2_Helo_CM,337
1604,3208.0,13.164910298124523,MASP2_Helo_CM,337
1605,3210.0,11.333762830798346,MASP2_Helo_CM,337
1606,3212.0,9.931001910289474,MASP2_Helo_CM,337
1607,3214.0,9.842872000848354,MASP2_Helo_CM,337
1608,3216.0,11.976301760876309,MASP2_Helo_CM,337
1609,3218.0,10.82101834411367,MASP2_Helo_CM,337
1610,3220.0,11.35799885594196,MASP2_Helo_CM,337
1611,3222.0,10.023023272558534,MASP2_Helo_CM,337
1612,3224.0,9.748947484017224,MASP2_Helo_CM,337
1613,3226.0,8.794053338513438,MASP2_Helo_CM,337
1614,3228.0,10.24455297403808,MASP2_Helo_CM,337
1615,3230.0,9.461949029935944,MASP2_Helo_CM,337
1616,3232.0,10.38550499234744,MASP2_Helo_CM,337
1617,3234.0,10.318380897613109,MASP2_Helo_CM,337
1618,3236.0,10.03991015651766,MASP2_Helo_CM,337
1619,3238.0,10.88672883217681,MASP2_Helo_CM,337
1620,3240.0,10.288647112041962,MASP2_Helo_CM,337
1621,3242.0,11.044230455484797,MASP2_Helo_CM,337
1622,3244.0,10.112592437714364,MASP2_Helo_CM,337
1623,3246.0,10.135188811799939,MASP2_Helo_CM,337
1624,3248.0,10.09915979747391,MASP2_Helo_CM,337
1625,3250.0,9.743280820091666,MASP2_Helo_CM,337
1626,3252.0,9.536540592951216,MASP2_Helo_CM,337
1627,3254.0,8.757224001141852,MASP2_Helo_CM,337
1628,3256.0,10.717232286355973,MASP2_Helo_CM,337
1629,3258.0,9.270876448639259,MASP2_Helo_CM,337
1630,3260.0,9.610895229041072,MASP2_Helo_CM,337
1631,3262.0,9.192444709219009,MASP2_Helo_CM,337
1632,3264.0,8.970374959719132,MASP2_Helo_CM,337
1633,3266.0,8.901224166878931,MASP2_Helo_CM,337
1634,3268.0,8.72704804733759,MASP2_Helo_CM,337
1635,3270.0,10.94672761617648,MASP2_Helo_CM,337
1636,3272.0,9.878896663848376,MASP2_Helo_CM,337
1637,3274.0,8.266666735318395,MASP2_Helo_CM,337
1638,3276.0,8.455831219018437,MASP2_Helo_CM,337
1639,3278.0,6.624659946842323,MASP2_Helo_CM,337
1640,3280.0,8.50405595098368,MASP2_Helo_CM,337
1641,3282.0,8.805060164613884,MASP2_Helo_CM,337
1642,3284.0,10.552308902927317,MASP2_Helo_CM,337
1643,3286.0,13.227430231069905,MASP2_Helo_CM,337
1644,3288.0,10.289753145146454,MASP2_Helo_CM,337
1645,3290.0,11.49405829675493,MASP2_Helo_CM,337
1646,3292.0,11.654288248000586,MASP2_Helo_CM,337
1647,3294.0,11.855972803082503,MASP2_Helo_CM,337
1648,3296.0,11.2529468765378,MASP2_Helo_CM,337
1649,3298.0,11.078609633159745,MASP2_Helo_CM,337
1650,3300.0,10.659934641690594,MASP2_Helo_CM,337
1651,3302.0,11.29436207792558,MASP2_Helo_CM,337
1652,3304.0,11.954498217122024,MASP2_Helo_CM,337
1653,3306.0,11.33690168643382,MASP2_Helo_CM,337
1654,3308.0,12.67889462339979,MASP2_Helo_CM,337
1655,3310.0,10.962701222434086,MASP2_Helo_CM,337
1656,3312.0,13.803109808263896,MASP2_Helo_CM,337
1657,3314.0,11.447105856035648,MASP2_Helo_CM,337
1658,3316.0,11.341807474653478,MASP2_Helo_CM,337
1659,3318.0,12.226079396003772,MASP2_Helo_CM,337
1660,3320.0,12.885019085561643,MASP2_Helo_CM,337
1661,3322.0,13.152389030338849,MASP2_Helo_CM,337
1662,3324.0,13.630774746122169,MASP2_Helo_CM,337
1663,3326.0,12.009332698025185,MASP2_Helo_CM,337
1664,3328.0,11.576436300037066,MASP2_Helo_CM,337
1665,3330.0,11.477859413872974,MASP2_Helo_CM,337
1666,3332.0,11.772024976093249,MASP2_Helo_CM,337
1667,3334.0,11.95306410368278,MASP2_Helo_CM,337
1668,3336.0,12.23222845676132,MASP2_Helo_CM,337
1669,3338.0,11.94402558628978,MASP2_Helo_CM,337
1670,3340.0,11.647756628225272,MASP2_Helo_CM,337
1671,3342.0,11.728302589055833,MASP2_Helo_CM,337
1672,3344.0,11.62265518408509,MASP2_Helo_CM,337
1673,3346.0,11.784205038370814,MASP2_Helo_CM,337
1674,3348.0,10.881636720618477,MASP2_Helo_CM,337
1675,3350.0,11.91740127487365,MASP2_Helo_CM,337
1676,3352.0,12.795866340058852,MASP2_Helo_CM,337
1677,3354.0,14.302276649184433,MASP2_Helo_CM,337
1678,3356.0,13.584901534215987,MASP2_Helo_CM,337
1679,3358.0,13.837874686695187,MASP2_Helo_CM,337
1680,3360.0,13.681152755911496,MASP2_Helo_CM,337
1681,3362.0,13.703538190407114,MASP2_Helo_CM,337
1682,3364.0,14.178493667534472,MASP2_Helo_CM,337
1683,3366.0,12.725190219035282,MASP2_Helo_CM,337
1684,3368.0,13.650870411386034,MASP2_Helo_CM,337
1685,3370.0,15.526498521267461,MASP2_Helo_CM,337
1686,3372.0,13.848996686493319,MASP2_Helo_CM,337
1687,3374.0,14.09680724343265,MASP2_Helo_CM,337
1688,3376.0,14.092963584875726,MASP2_Helo_CM,337
1689,3378.0,12.352468415584092,MASP2_Helo_CM,337
1690,3380.0,12.48027344913391,MASP2_Helo_CM,337
1691,3382.0,10.377337315967551,MASP2_Helo_CM,337
1692,3384.0,8.360373639122416,MASP2_Helo_CM,337
1693,3386.0,11.197431209564913,MASP2_Helo_CM,337
1694,3388.0,11.60657818841362,MASP2_Helo_CM,337
1695,3390.0,11.609550320724045,MASP2_Helo_CM,337
1696,3392.0,10.350886684991833,MASP2_Helo_CM,337
1697,3394.0,10.182897654544991,MASP2_Helo_CM,337
1698,3396.0,9.789676063575802,MASP2_Helo_CM,337
1699,3398.0,9.567944364001415,MASP2_Helo_CM,337
1700,3400.0,9.735204855008668,MASP2_Helo_CM,337
1701,3402.0,9.04726584654656,MASP2_Helo_CM,337
1702,3404.0,9.312069456845407,MASP2_Helo_CM,337
1703,3406.0,9.48642124897433,MASP2_Helo_CM,337
1704,3408.0,10.014056019912983,MASP2_Helo_CM,337
1705,3410.0,7.950769751621815,MASP2_Helo_CM,337
1706,3412.0,9.212941794961347,MASP2_Helo_CM,337
1707,3414.0,10.118242569404558,MASP2_Helo_CM,337
1708,3416.0,8.948615050000798,MASP2_Helo_CM,337
1709,3418.0,7.860929665360539,MASP2_Helo_CM,337
1710,3420.0,6.977596222426634,MASP2_Helo_CM,337
1711,3422.0,6.971064089412338,MASP2_Helo_CM,337
1712,3424.0,6.131161203611241,MASP2_Helo_CM,337
1713,3426.0,6.689604174896553,MASP2_Helo_CM,337
1714,3428.0,7.998780422512773,MASP2_Helo_CM,337
1715,3430.0,7.610578361449413,MASP2_Helo_CM,337
1716,3432.0,8.129032222948434,MASP2_Helo_CM,337
1717,3434.0,6.903024208012849,MASP2_Helo_CM,337
1718,3436.0,7.621080874590455,MASP2_Helo_CM,337
1719,3438.0,7.383556763557272,MASP2_Helo_CM,337
1720,3440.0,7.518305957724035,MASP2_Helo_CM,337
1721,3442.0,7.609846977833586,MASP2_Helo_CM,337
1722,3444.0,7.757793738111735,MASP2_Helo_CM,337
1723,3446.0,7.897395051748325,MASP2_Helo_CM,337
1724,3448.0,8.964433190218099,MASP2_Helo_CM,337
1725,3450.0,9.10933124291226,MASP2_Helo_CM,337
1726,3452.0,9.54716016831499,MASP2_Helo_CM,337
1727,3454.0,11.826902319919125,MASP2_Helo_CM,337
1728,3456.0,10.252904299455498,MASP2_Helo_CM,337
1729,3458.0,8.924086983011621,MASP2_Helo_CM,337
1730,3460.0,9.458943611923521,MASP2_Helo_CM,337
1731,3462.0,8.543658310437594,MASP2_Helo_CM,337
1732,3464.0,9.335602546852224,MASP2_Helo_CM,337
1733,3466.0,9.361452251314837,MASP2_Helo_CM,337
1734,3468.0,9.74972227177456,MASP2_Helo_CM,337
1735,3470.0,11.020425147921113,MASP2_Helo_CM,337
1736,3472.0,9.211755613642925,MASP2_Helo_CM,337
1737,3474.0,10.322379127391349,MASP2_Helo_CM,337
1738,3476.0,9.843110770103761,MASP2_Helo_CM,337
1739,3478.0,11.221976145522792,MASP2_Helo_CM,337
1740,3480.0,10.950761430152244,MASP2_Helo_CM,337
1741,3482.0,9.930084453454798,MASP2_Helo_CM,337
1742,3484.0,10.650299538951554,MASP2_Helo_CM,337
1743,3486.0,10.533310380010834,MASP2_Helo_CM,337
1744,3488.0,9.552587967568385,MASP2_Helo_CM,337
1745,3490.0,10.792694069049524,MASP2_Helo_CM,337
1746,3492.0,11.395030631735985,MASP2_Helo_CM,337
1747,3494.0,11.480090969736786,MASP2_Helo_CM,337
1748,3496.0,11.165137874842143,MASP2_Helo_CM,337
1749,3498.0,11.130424592870973,MASP2_Helo_CM,337
1750,3500.0,10.853299016758868,MASP2_Helo_CM,337
1751,3502.0,10.43012933647659,MASP2_Helo_CM,337
1752,3504.0,9.630639676429897,MASP2_Helo_CM,337
1753,3506.0,10.168296979755139,MASP2_Helo_CM,337
1754,3508.0,10.832923903252729,MASP2_Helo_CM,337
1755,3510.0,12.376301824304704,MASP2_Helo_CM,337
1756,3512.0,12.53763502802077,MASP2_Helo_CM,337
1757,3514.0,11.29869361669312,MASP2_Helo_CM,337
1758,3516.0,10.491078519170692,MASP2_Helo_CM,337
1759,3518.0,11.777527836726177,MASP2_Helo_CM,337
1760,3520.0,9.910761503103739,MASP2_Helo_CM,337
1761,3522.0,10.45324714763567,MASP2_Helo_CM,337
1762,3524.0,9.785135487519668,MASP2_Helo_CM,337
1763,3526.0,9.85557526314406,MASP2_Helo_CM,337
1764,3528.0,9.084202634224106,MASP2_Helo_CM,337
1765,3530.0,9.800051103486703,MASP2_Helo_CM,337
1766,3532.0,9.229262277927889,MASP2_Helo_CM,337
1767,3534.0,9.359190572746956,MASP2_Helo_CM,337
1768,3536.0,9.094461203364181,MASP2_Helo_CM,337
1769,3538.0,8.672557201103588,MASP2_Helo_CM,337
1770,3540.0,9.881547615124514,MASP2_Helo_CM,337
1771,3542.0,10.550781959903043,MASP2_Helo_CM,337
1772,3544.0,9.205202936446376,MASP2_Helo_CM,337
1773,3546.0,8.773864262601164,MASP2_Helo_CM,337
1774,3548.0,10.206002963697564,MASP2_Helo_CM,337
1775,3550.0,10.174018920149809,MASP2_Helo_CM,337
1776,3552.0,8.159185573291737,MASP2_Helo_CM,337
1777,3554.0,8.34254448794944,MASP2_Helo_CM,337
1778,3556.0,7.944234563048234,MASP2_Helo_CM,337
1779,3558.0,7.1571920686021375,MASP2_Helo_CM,337
1780,3560.0,7.983428366821585,MASP2_Helo_CM,337
1781,3562.0,8.022068512291975,MASP2_Helo_CM,337
1782,3564.0,7.101131996451484,MASP2_Helo_CM,337
1783,3566.0,7.04828701465709,MASP2_Helo_CM,337
1784,3568.0,7.5937703457142725,MASP2_Helo_CM,337
1785,3570.0,8.047190436872437,MASP2_Helo_CM,337
1786,3572.0,8.828070183777665,MASP2_Helo_CM,337
1787,3574.0,9.647109300560569,MASP2_Helo_CM,337
1788,3576.0,9.068132938122535,MASP2_Helo_CM,337
1789,3578.0,9.065416801476404,MASP2_Helo_CM,337
1790,3580.0,8.76120955225288,MASP2_Helo_CM,337
1791,3582.0,8.962556699665551,MASP2_Helo_CM,337
1792,3584.0,9.422789970598586,MASP2_Helo_CM,337
1793,3586.0,9.527449427258368,MASP2_Helo_CM,337
1794,3588.0,9.253291149436656,MASP2_Helo_CM,337
1795,3590.0,8.960300546334873,MASP2_Helo_CM,337
1796,3592.0,8.908566047033693,MASP2_Helo_CM,337
1797,3594.0,10.260347389992521,MASP2_Helo_CM,337
1798,3596.0,9.26203080307099,MASP2_Helo_CM,337
1799,3598.0,9.301958220045973,MASP2_Helo_CM,337
1800,3600.0,9.980450119215078,MASP2_Helo_CM,337
1801,3602.0,10.71233347473659,MASP2_Helo_CM,337
1802,3604.0,11.315709444230471,MASP2_Helo_CM,337
1803,3606.0,9.254335399731564,MASP2_Helo_CM,337
1804,3608.0,8.94009568895538,MASP2_Helo_CM,337
1805,3610.0,9.10821296205865,MASP2_Helo_CM,337
1806,3612.0,8.720050607189489,MASP2_Helo_CM,337
1807,3614.0,9.737881029472009,MASP2_Helo_CM,337
1808,3616.0,9.243028874744459,MASP2_Helo_CM,337
1809,3618.0,8.44269928004054,MASP2_Helo_CM,337
1810,3620.0,7.999461307420102,MASP2_Helo_CM,337
1811,3622.0,8.6485966654134,MASP2_Helo_CM,337
1812,3624.0,8.647212766616665,MASP2_Helo_CM,337
1813,3626.0,8.690217665761184,MASP2_Helo_CM,337
1814,3628.0,8.54045567487545,MASP2_Helo_CM,337
1815,3630.0,9.31214544918131,MASP2_Helo_CM,337
1816,3632.0,9.374779789773966,MASP2_Helo_CM,337
1817,3634.0,9.83801098351253,MASP2_Helo_CM,337
1818,3636.0,7.584838816610023,MASP2_Helo_CM,337
1819,3638.0,10.598445867201548,MASP2_Helo_CM,337
1820,3640.0,9.367343138885555,MASP2_Helo_CM,337
1821,3642.0,9.18156039158736,MASP2_Helo_CM,337
1822,3644.0,8.87420176574071,MASP2_Helo_CM,337
1823,3646.0,7.908015282429558,MASP2_Helo_CM,337
1824,3648.0,9.241717071869095,MASP2_Helo_CM,337
1825,3650.0,9.198149945423854,MASP2_Helo_CM,337
1826,3652.0,9.160012308977105,MASP2_Helo_CM,337
1827,3654.0,10.398488952741326,MASP2_Helo_CM,337
1828,3656.0,6.88939333951749,MASP2_Helo_CM,337
1829,3658.0,8.10171056390173,MASP2_Helo_CM,337
1830,3660.0,7.1613503928965505,MASP2_Helo_CM,337
1831,3662.0,6.940320339809434,MASP2_Helo_CM,337
1832,3664.0,6.4396006061210445,MASP2_Helo_CM,337
1833,3666.0,6.538248951872144,MASP2_Helo_CM,337
1834,3668.0,7.567849127130877,MASP2_Helo_CM,337
1835,3670.0,6.6460101949932255,MASP2_Helo_CM,337
1836,3672.0,5.051259799494952,MASP2_Helo_CM,337
1837,3674.0,9.422617096754303,MASP2_Helo_CM,337
1838,3676.0,9.861939030866992,MASP2_Helo_CM,337
1839,3678.0,7.385119228158659,MASP2_Helo_CM,337
1840,3680.0,7.507100452179326,MASP2_Helo_CM,337
1841,3682.0,8.147021817091314,MASP2_Helo_CM,337
1842,3684.0,6.768024225448612,MASP2_Helo_CM,337
1843,3686.0,7.221651433909629,MASP2_Helo_CM,337
1844,3688.0,9.05271816141411,MASP2_Helo_CM,337
1845,3690.0,8.571388326756205,MASP2_Helo_CM,337
1846,3692.0,7.899887701324828,MASP2_Helo_CM,337
1847,3694.0,9.176292721453427,MASP2_Helo_CM,337
1848,3696.0,9.356300422435641,MASP2_Helo_CM,337
1849,3698.0,9.647858635856355,MASP2_Helo_CM,337
1850,3700.0,10.03159724361668,MASP2_Helo_CM,337
1851,3702.0,11.67607245300294,MASP2_Helo_CM,337
1852,3704.0,9.260849659901817,MASP2_Helo_CM,337
1853,3706.0,10.716909638113528,MASP2_Helo_CM,337
1854,3708.0,13.408821052595854,MASP2_Helo_CM,337
1855,3710.0,13.241304215625908,MASP2_Helo_CM,337
1856,3712.0,10.760567105173415,MASP2_Helo_CM,337
1857,3714.0,11.846347652546674,MASP2_Helo_CM,337
1858,3716.0,13.460905214749845,MASP2_Helo_CM,337
1859,3718.0,10.975754770243611,MASP2_Helo_CM,337
1860,3720.0,12.781331460815572,MASP2_Helo_CM,337
1861,3722.0,14.314534338306562,MASP2_Helo_CM,337
1862,3724.0,14.548107014818541,MASP2_Helo_CM,337
1863,3726.0,12.91626375002793,MASP2_Helo_CM,337
1864,3728.0,11.729128173957179,MASP2_Helo_CM,337
1865,3730.0,11.074841913666276,MASP2_Helo_CM,337
1866,3732.0,9.552227614988855,MASP2_Helo_CM,337
1867,3734.0,13.76387496768874,MASP2_Helo_CM,337
1868,3736.0,11.656916710569318,MASP2_Helo_CM,337
1869,3738.0,11.457410561899097,MASP2_Helo_CM,337
1870,3740.0,9.147966747307757,MASP2_Helo_CM,337
1871,3742.0,9.934677338046699,MASP2_Helo_CM,337
1872,3744.0,11.911100871259611,MASP2_Helo_CM,337
1873,3746.0,8.158979575141057,MASP2_Helo_CM,337
1874,3748.0,8.49289363443157,MASP2_Helo_CM,337
1875,3750.0,8.065152081026326,MASP2_Helo_CM,337
1876,3752.0,7.912766539270785,MASP2_Helo_CM,337
1877,3754.0,7.905001716833581,MASP2_Helo_CM,337
1878,3756.0,8.444306217314011,MASP2_Helo_CM,337
1879,3758.0,9.910026937090189,MASP2_Helo_CM,337
1880,3760.0,9.645012292850918,MASP2_Helo_CM,337
1881,3762.0,10.648342805638364,MASP2_Helo_CM,337
1882,3764.0,7.5841458352545645,MASP2_Helo_CM,337
1883,3766.0,7.876206073565016,MASP2_Helo_CM,337
1884,3768.0,7.130918553992362,MASP2_Helo_CM,337
1885,3770.0,9.031022396059965,MASP2_Helo_CM,337
1886,3772.0,8.439308425418666,MASP2_Helo_CM,337
1887,3774.0,7.942020918511171,MASP2_Helo_CM,337
1888,3776.0,8.275396398508603,MASP2_Helo_CM,337
1889,3778.0,8.118597222665722,MASP2_Helo_CM,337
1890,3780.0,7.629442962142369,MASP2_Helo_CM,337
1891,3782.0,10.51287446871626,MASP2_Helo_CM,337
1892,3784.0,8.949717755975593,MASP2_Helo_CM,337
1893,3786.0,9.378210603883042,MASP2_Helo_CM,337
1894,3788.0,8.978981564706357,MASP2_Helo_CM,337
1895,3790.0,7.830301736722548,MASP2_Helo_CM,337
1896,3792.0,8.180515393182704,MASP2_Helo_CM,337
1897,3794.0,8.240193483651952,MASP2_Helo_CM,337
1898,3796.0,6.195504717195588,MASP2_Helo_CM,337
1899,3798.0,6.641780814170342,MASP2_Helo_CM,337
1900,3800.0,6.3950333241042525,MASP2_Helo_CM,337
1901,3802.0,6.769325834707966,MASP2_Helo_CM,337
1902,3804.0,6.193204638561623,MASP2_Helo_CM,337
1903,3806.0,5.415881367752898,MASP2_Helo_CM,337
1904,3808.0,6.3966232679707264,MASP2_Helo_CM,337
1905,3810.0,6.037102362739923,MASP2_Helo_CM,337
1906,3812.0,6.942766517132006,MASP2_Helo_CM,337
1907,3814.0,7.9622698212668945,MASP2_Helo_CM,337
1908,3816.0,8.565066385174166,MASP2_Helo_CM,337
1909,3818.0,8.02069174504241,MASP2_Helo_CM,337
1910,3820.0,7.314244849933823,MASP2_Helo_CM,337
1911,3822.0,6.754780596425747,MASP2_Helo_CM,337
1912,3824.0,6.3861299163049,MASP2_Helo_CM,337
1913,3826.0,9.448781043799,MASP2_Helo_CM,337
1914,3828.0,8.363035538775915,MASP2_Helo_CM,337
1915,3830.0,8.375646867189241,MASP2_Helo_CM,337
1916,3832.0,7.866783142918288,MASP2_Helo_CM,337
1917,3834.0,7.931459215823979,MASP2_Helo_CM,337
1918,3836.0,9.911152672795968,MASP2_Helo_CM,337
1919,3838.0,7.214774505282507,MASP2_Helo_CM,337
1920,3840.0,6.889058447362284,MASP2_Helo_CM,337
1921,3842.0,4.764424089097633,MASP2_Helo_CM,337
1922,3844.0,5.463491443945629,MASP2_Helo_CM,337
1923,3846.0,6.1133355082839165,MASP2_Helo_CM,337
1924,3848.0,5.784118830303867,MASP2_Helo_CM,337
1925,3850.0,4.973188977784133,MASP2_Helo_CM,337
1926,3852.0,5.2488926095589035,MASP2_Helo_CM,337
1927,3854.0,6.1604939343177945,MASP2_Helo_CM,337
1928,3856.0,6.1784130294172455,MASP2_Helo_CM,337
1929,3858.0,7.001280001260359,MASP2_Helo_CM,337
1930,3860.0,6.1570047727144415,MASP2_Helo_CM,337
1931,3862.0,6.805868701714902,MASP2_Helo_CM,337
1932,3864.0,8.148171569706502,MASP2_Helo_CM,337
1933,3866.0,8.349252900760755,MASP2_Helo_CM,337
1934,3868.0,12.188569158621341,MASP2_Helo_CM,337
1935,3870.0,10.074916183025362,MASP2_Helo_CM,337
1936,3872.0,6.418383179472022,MASP2_Helo_CM,337
1937,3874.0,5.157634411727604,MASP2_Helo_CM,337
1938,3876.0,4.505895273833396,MASP2_Helo_CM,337
1939,3878.0,4.273978186964354,MASP2_Helo_CM,337
1940,3880.0,3.9941556221422383,MASP2_Helo_CM,337
1941,3882.0,3.7458305116847805,MASP2_Helo_CM,337
1942,3884.0,4.287798167997833,MASP2_Helo_CM,337
1943,3886.0,3.853380398642997,MASP2_Helo_CM,337
1944,3888.0,3.9280897160008315,MASP2_Helo_CM,337
1945,3890.0,3.898782261346776,MASP2_Helo_CM,337
1946,3892.0,4.022119294403651,MASP2_Helo_CM,337
1947,3894.0,3.8872202085388623,MASP2_Helo_CM,337
1948,3896.0,3.3249671656476623,MASP2_Helo_CM,337
1949,3898.0,3.8366364795176815,MASP2_Helo_CM,337
1950,3900.0,3.621268733036069,MASP2_Helo_CM,337
1951,3902.0,3.6265604323098044,MASP2_Helo_CM,337
1952,3904.0,4.2256014544944165,MASP2_Helo_CM,337
1953,3906.0,3.6159455176139743,MASP2_Helo_CM,337
1954,3908.0,4.041456486749605,MASP2_Helo_CM,337
1955,3910.0,3.91677961404455,MASP2_Helo_CM,337
1956,3912.0,3.8018009896714884,MASP2_Helo_CM,337
1957,3914.0,4.288097289500641,MASP2_Helo_CM,337
1958,3916.0,3.590390305249046,MASP2_Helo_CM,337
1959,3918.0,4.475110218235234,MASP2_Helo_CM,337
1960,3920.0,3.9110185212472857,MASP2_Helo_CM,337
1961,3922.0,4.06245238999657,MASP2_Helo_CM,337
1962,3924.0,3.8743674042682765,MASP2_Helo_CM,337
1963,3926.0,3.729109714852423,MASP2_Helo_CM,337
1964,3928.0,3.6911554399634916,MASP2_Helo_CM,337
1965,3930.0,3.7711546087574432,MASP2_Helo_CM,337
1966,3932.0,3.9703811908439013,MASP2_Helo_CM,337
1967,3934.0,3.9490324265705565,MASP2_Helo_CM,337
1968,3936.0,4.642202697044541,MASP2_Helo_CM,337
1969,3938.0,4.526352881042979,MASP2_Helo_CM,337
1970,3940.0,4.61824777848475,MASP2_Helo_CM,337
1971,3942.0,4.808298162128409,MASP2_Helo_CM,337
1972,3944.0,4.382680499981043,MASP2_Helo_CM,337
1973,3946.0,3.6946379744770286,MASP2_Helo_CM,337
1974,3948.0,4.382434172402751,MASP2_Helo_CM,337
1975,3950.0,3.7177634585735198,MASP2_Helo_CM,337
1976,3952.0,3.9311563231580133,MASP2_Helo_CM,337
1977,3954.0,3.9383490817770865,MASP2_Helo_CM,337
1978,3956.0,3.8153418451344843,MASP2_Helo_CM,337
1979,3958.0,4.187287981659274,MASP2_Helo_CM,337
1980,3960.0,4.176849649959508,MASP2_Helo_CM,337
1981,3962.0,4.678618231795741,MASP2_Helo_CM,337
1982,3964.0,3.5896834528846453,MASP2_Helo_CM,337
1983,3966.0,3.934268600034024,MASP2_Helo_CM,337
1984,3968.0,3.768301069908004,MASP2_Helo_CM,337
1985,3970.0,4.378023488518258,MASP2_Helo_CM,337
1986,3972.0,3.9052311291666384,MASP2_Helo_CM,337
1987,3974.0,4.19701262234892,MASP2_Helo_CM,337
1988,3976.0,4.144491349071562,MASP2_Helo_CM,337
1989,3978.0,3.8758264399712834,MASP2_Helo_CM,337
1990,3980.0,3.9093620492293035,MASP2_Helo_CM,337
1991,3982.0,4.056566769897459,MASP2_Helo_CM,337
1992,3984.0,3.652722745839191,MASP2_Helo_CM,337
1993,3986.0,3.7014342389011228,MASP2_Helo_CM,337
1994,3988.0,4.20710977994981,MASP2_Helo_CM,337
1995,3990.0,3.8216957998701906,MASP2_Helo_CM,337
1996,3992.0,3.8874725005331294,MASP2_Helo_CM,337
1997,3994.0,3.9548708632615934,MASP2_Helo_CM,337
1998,3996.0,3.7051171107137866,MASP2_Helo_CM,337
1999,3998.0,3.6872207457644937,MASP2_Helo_CM,337
2000,4000.0,4.142820149151503,MASP2_Helo_CM,337
2001,4002.0,4.061522711631134,MASP2_Helo_CM,337
2002,4004.0,3.567984016732124,MASP2_Helo_CM,337
2003,4006.0,4.13900541492568,MASP2_Helo_CM,337
2004,4008.0,4.772543581678493,MASP2_Helo_CM,337
2005,4010.0,4.647973321944763,MASP2_Helo_CM,337
2006,4012.0,4.436213937337726,MASP2_Helo_CM,337
2007,4014.0,4.307284978951409,MASP2_Helo_CM,337
2008,4016.0,4.678057118714326,MASP2_Helo_CM,337
2009,4018.0,4.377011607508305,MASP2_Helo_CM,337
2010,4020.0,4.519030466228039,MASP2_Helo_CM,337
2011,4022.0,4.685650944691647,MASP2_Helo_CM,337
2012,4024.0,4.25004193144757,MASP2_Helo_CM,337
2013,4026.0,4.496697305515467,MASP2_Helo_CM,337
2014,4028.0,4.3278281827972584,MASP2_Helo_CM,337
2015,4030.0,4.362813723996216,MASP2_Helo_CM,337
2016,4032.0,4.015985729513043,MASP2_Helo_CM,337
2017,4034.0,3.910953214417654,MASP2_Helo_CM,337
2018,4036.0,4.527649823487709,MASP2_Helo_CM,337
2019,4038.0,3.6840455208948906,MASP2_Helo_CM,337
2020,4040.0,4.253692470982451,MASP2_Helo_CM,337
2021,4042.0,3.8674500801981955,MASP2_Helo_CM,337
2022,4044.0,5.5242126779586025,MASP2_Helo_CM,337
2023,4046.0,3.9523326934089016,MASP2_Helo_CM,337
2024,4048.0,4.07518155813308,MASP2_Helo_CM,337
2025,4050.0,3.9454763206764323,MASP2_Helo_CM,337
2026,4052.0,4.060616638487061,MASP2_Helo_CM,337
2027,4054.0,4.194656314308858,MASP2_Helo_CM,337
2028,4056.0,4.446345995844552,MASP2_Helo_CM,337
2029,4058.0,4.704871779699847,MASP2_Helo_CM,337
2030,4060.0,5.721121612536917,MASP2_Helo_CM,337
2031,4062.0,4.54046646237511,MASP2_Helo_CM,337
2032,4064.0,4.925340443691306,MASP2_Helo_CM,337
2033,4066.0,4.882153043068066,MASP2_Helo_CM,337
2034,4068.0,5.618722690158044,MASP2_Helo_CM,337
2035,4070.0,6.6447631693499885,MASP2_Helo_CM,337
2036,4072.0,7.233627284628541,MASP2_Helo_CM,337
2037,4074.0,6.3912647528343,MASP2_Helo_CM,337
2038,4076.0,5.07445317644107,MASP2_Helo_CM,337
2039,4078.0,6.212472873015181,MASP2_Helo_CM,337
2040,4080.0,6.515463494812262,MASP2_Helo_CM,337
2041,4082.0,6.388435780917333,MASP2_Helo_CM,337
2042,4084.0,6.514801825706325,MASP2_Helo_CM,337
2043,4086.0,6.234271019723795,MASP2_Helo_CM,337
2044,4088.0,6.378395534104471,MASP2_Helo_CM,337
2045,4090.0,6.982222744398086,MASP2_Helo_CM,337
2046,4092.0,6.854799477765254,MASP2_Helo_CM,337
2047,4094.0,6.295835560788071,MASP2_Helo_CM,337
2048,4096.0,5.793937304820855,MASP2_Helo_CM,337
2049,4098.0,6.6155820593861785,MASP2_Helo_CM,337
2050,4100.0,6.568252424261941,MASP2_Helo_CM,337
2051,4102.0,7.098864245820629,MASP2_Helo_CM,337
2052,4104.0,6.820077212142879,MASP2_Helo_CM,337
2053,4106.0,5.712840761410234,MASP2_Helo_CM,337
2054,4108.0,6.015157907778783,MASP2_Helo_CM,337
2055,4110.0,6.223893396869315,MASP2_Helo_CM,337
2056,4112.0,6.310164141244303,MASP2_Helo_CM,337
2057,4114.0,6.148714420425715,MASP2_Helo_CM,337
2058,4116.0,6.791206179341478,MASP2_Helo_CM,337
2059,4118.0,8.448731976278957,MASP2_Helo_CM,337
2060,4120.0,8.586919969396705,MASP2_Helo_CM,337
2061,4122.0,8.523325173740863,MASP2_Helo_CM,337
2062,4124.0,7.498828140141354,MASP2_Helo_CM,337
2063,4126.0,7.460611781418798,MASP2_Helo_CM,337
2064,4128.0,6.957035866991474,MASP2_Helo_CM,337
2065,4130.0,6.375508534829366,MASP2_Helo_CM,337
2066,4132.0,6.80314142002134,MASP2_Helo_CM,337
2067,4134.0,7.713936516940314,MASP2_Helo_CM,337
2068,4136.0,6.295991172632377,MASP2_Helo_CM,337
2069,4138.0,5.7635033867247705,MASP2_Helo_CM,337
2070,4140.0,6.3287362958052364,MASP2_Helo_CM,337
2071,4142.0,5.662924169060358,MASP2_Helo_CM,337
2072,4144.0,5.145041066134998,MASP2_Helo_CM,337
2073,4146.0,5.141724524087922,MASP2_Helo_CM,337
2074,4148.0,5.4420184327359955,MASP2_Helo_CM,337
2075,4150.0,5.1676677675746365,MASP2_Helo_CM,337
2076,4152.0,5.270034571608858,MASP2_Helo_CM,337
2077,4154.0,5.237368666483252,MASP2_Helo_CM,337
2078,4156.0,4.685294937375743,MASP2_Helo_CM,337
2079,4158.0,5.512733276299974,MASP2_Helo_CM,337
2080,4160.0,4.738070737756104,MASP2_Helo_CM,337
2081,4162.0,5.481924836629464,MASP2_Helo_CM,337
2082,4164.0,4.6399648729656215,MASP2_Helo_CM,337
2083,4166.0,4.489031705624489,MASP2_Helo_CM,337
2084,4168.0,3.9161114873750926,MASP2_Helo_CM,337
2085,4170.0,3.582018788893375,MASP2_Helo_CM,337
2086,4172.0,4.194141372739562,MASP2_Helo_CM,337
2087,4174.0,4.386701771631704,MASP2_Helo_CM,337
2088,4176.0,4.09304141669451,MASP2_Helo_CM,337
2089,4178.0,4.289574673175825,MASP2_Helo_CM,337
2090,4180.0,3.9999874424290165,MASP2_Helo_CM,337
2091,4182.0,4.6537211200779955,MASP2_Helo_CM,337
2092,4184.0,4.8864104760223475,MASP2_Helo_CM,337
2093,4186.0,4.4578729998636675,MASP2_Helo_CM,337
2094,4188.0,3.967379800358549,MASP2_Helo_CM,337
2095,4190.0,5.06051012957543,MASP2_Helo_CM,337
2096,4192.0,4.064923987159426,MASP2_Helo_CM,337
2097,4194.0,4.454881379199413,MASP2_Helo_CM,337
2098,4196.0,4.382260281109957,MASP2_Helo_CM,337
2099,4198.0,4.1845868622571,MASP2_Helo_CM,337
2100,4200.0,5.030907513089848,MASP2_Helo_CM,337
2101,4202.0,4.491841454722398,MASP2_Helo_CM,337
2102,4204.0,4.597058620375483,MASP2_Helo_CM,337
2103,4206.0,4.493468527968948,MASP2_Helo_CM,337
2104,4208.0,4.3077200376987985,MASP2_Helo_CM,337
2105,4210.0,4.222218300625222,MASP2_Helo_CM,337
2106,4212.0,3.9406432569209384,MASP2_Helo_CM,337
2107,4214.0,3.9743963065385812,MASP2_Helo_CM,337
2108,4216.0,4.423448748239267,MASP2_Helo_CM,337
2109,4218.0,5.214136471176066,MASP2_Helo_CM,337
2110,4220.0,4.557693874526974,MASP2_Helo_CM,337
2111,4222.0,4.268018284612483,MASP2_Helo_CM,337
2112,4224.0,4.115241195735532,MASP2_Helo_CM,337
2113,4226.0,4.059780640316431,MASP2_Helo_CM,337
2114,4228.0,4.670110760011158,MASP2_Helo_CM,337
2115,4230.0,4.464487381759403,MASP2_Helo_CM,337
2116,4232.0,5.204654420205228,MASP2_Helo_CM,337
2117,4234.0,4.322267714199196,MASP2_Helo_CM,337
2118,4236.0,4.798606811234061,MASP2_Helo_CM,337
2119,4238.0,4.156766062693455,MASP2_Helo_CM,337
2120,4240.0,3.8983610577531245,MASP2_Helo_CM,337
2121,4242.0,4.285191158189661,MASP2_Helo_CM,337
2122,4244.0,4.498092823757242,MASP2_Helo_CM,337
2123,4246.0,4.176302821110978,MASP2_Helo_CM,337
2124,4248.0,4.761169762189173,MASP2_Helo_CM,337
2125,4250.0,4.277598231329904,MASP2_Helo_CM,337
2126,4252.0,4.229697309016706,MASP2_Helo_CM,337
2127,4254.0,4.535345683309181,MASP2_Helo_CM,337
2128,4256.0,4.095577533557149,MASP2_Helo_CM,337
2129,4258.0,4.296858393193201,MASP2_Helo_CM,337
2130,4260.0,5.075576976746571,MASP2_Helo_CM,337
2131,4262.0,4.292520867250595,MASP2_Helo_CM,337
2132,4264.0,5.007711043668879,MASP2_Helo_CM,337
2133,4266.0,5.023767435225226,MASP2_Helo_CM,337
2134,4268.0,4.656576535003311,MASP2_Helo_CM,337
2135,4270.0,4.426133067680749,MASP2_Helo_CM,337
2136,4272.0,5.186738369651455,MASP2_Helo_CM,337
2137,4274.0,4.658909620526209,MASP2_Helo_CM,337
2138,4276.0,5.542154533146375,MASP2_Helo_CM,337
2139,4278.0,5.159719108424258,MASP2_Helo_CM,337
2140,4280.0,4.338200387800938,MASP2_Helo_CM,337
2141,4282.0,4.917581205359248,MASP2_Helo_CM,337
2142,4284.0,3.5367493486685557,MASP2_Helo_CM,337
2143,4286.0,4.294845760559205,MASP2_Helo_CM,337
2144,4288.0,4.972430501925812,MASP2_Helo_CM,337
2145,4290.0,4.651939300593081,MASP2_Helo_CM,337
2146,4292.0,4.72649072403581,MASP2_Helo_CM,337
2147,4294.0,5.311848456626265,MASP2_Helo_CM,337
2148,4296.0,4.487112631189489,MASP2_Helo_CM,337
2149,4298.0,5.186923425941328,MASP2_Helo_CM,337
2150,4300.0,4.509109421912657,MASP2_Helo_CM,337
2151,4302.0,4.430759431537166,MASP2_Helo_CM,337
2152,4304.0,5.328178110780052,MASP2_Helo_CM,337
2153,4306.0,4.730344200337005,MASP2_Helo_CM,337
2154,4308.0,4.420385646911624,MASP2_Helo_CM,337
2155,4310.0,4.570832584388395,MASP2_Helo_CM,337
2156,4312.0,4.309740960140523,MASP2_Helo_CM,337
2157,4314.0,4.115988194086694,MASP2_Helo_CM,337
2158,4316.0,4.131046845348662,MASP2_Helo_CM,337
2159,4318.0,4.292507335631042,MASP2_Helo_CM,337
2160,4320.0,4.980733041067266,MASP2_Helo_CM,337
2161,4322.0,5.203368689916157,MASP2_Helo_CM,337
2162,4324.0,4.695157050468725,MASP2_Helo_CM,337
2163,4326.0,4.522653780163797,MASP2_Helo_CM,337
2164,4328.0,5.112138752287854,MASP2_Helo_CM,337
2165,4330.0,4.458328906401669,MASP2_Helo_CM,337
2166,4332.0,5.107097468661106,MASP2_Helo_CM,337
2167,4334.0,5.043042109589733,MASP2_Helo_CM,337
2168,4336.0,5.065712847201661,MASP2_Helo_CM,337
2169,4338.0,7.31395744120654,MASP2_Helo_CM,337
2170,4340.0,10.156528641167228,MASP2_Helo_CM,337
2171,4342.0,11.734864706277445,MASP2_Helo_CM,337
2172,4344.0,11.471578598378075,MASP2_Helo_CM,337
2173,4346.0,11.10355576972732,MASP2_Helo_CM,337
2174,4348.0,11.046977829568124,MASP2_Helo_CM,337
2175,4350.0,10.926665409508232,MASP2_Helo_CM,337
2176,4352.0,7.398256671119618,MASP2_Helo_CM,337
2177,4354.0,8.601119408331702,MASP2_Helo_CM,337
2178,4356.0,8.463470039116432,MASP2_Helo_CM,337
2179,4358.0,8.35686703000292,MASP2_Helo_CM,337
2180,4360.0,8.185277374781032,MASP2_Helo_CM,337
2181,4362.0,8.080518198017465,MASP2_Helo_CM,337
2182,4364.0,7.538453886261569,MASP2_Helo_CM,337
2183,4366.0,6.638575782906865,MASP2_Helo_CM,337
2184,4368.0,6.565881902779933,MASP2_Helo_CM,337
2185,4370.0,6.901484779724527,MASP2_Helo_CM,337
2186,4372.0,7.685220435161692,MASP2_Helo_CM,337
2187,4374.0,7.551116172477591,MASP2_Helo_CM,337
2188,4376.0,6.531636588716762,MASP2_Helo_CM,337
2189,4378.0,6.208346423911913,MASP2_Helo_CM,337
2190,4380.0,7.318138069297231,MASP2_Helo_CM,337
2191,4382.0,10.506909881484646,MASP2_Helo_CM,337
2192,4384.0,10.147868474140246,MASP2_Helo_CM,337
2193,4386.0,10.69958031839888,MASP2_Helo_CM,337
2194,4388.0,8.01518252654846,MASP2_Helo_CM,337
2195,4390.0,9.838368792018608,MASP2_Helo_CM,337
2196,4392.0,11.19670573136873,MASP2_Helo_CM,337
2197,4394.0,10.485722584151187,MASP2_Helo_CM,337
2198,4396.0,10.800343004229159,MASP2_Helo_CM,337
2199,4398.0,9.620574279175344,MASP2_Helo_CM,337
2200,4400.0,11.123401852773418,MASP2_Helo_CM,337
2201,4402.0,9.341757623417159,MASP2_Helo_CM,337
2202,4404.0,8.544230001171755,MASP2_Helo_CM,337
2203,4406.0,9.170064185265579,MASP2_Helo_CM,337
2204,4408.0,9.645337838275902,MASP2_Helo_CM,337
2205,4410.0,8.48090207870084,MASP2_Helo_CM,337
2206,4412.0,6.732372439672442,MASP2_Helo_CM,337
2207,4414.0,8.370666629099466,MASP2_Helo_CM,337
2208,4416.0,8.141317106562454,MASP2_Helo_CM,337
2209,4418.0,9.57522362955643,MASP2_Helo_CM,337
2210,4420.0,9.385357555529849,MASP2_Helo_CM,337
2211,4422.0,8.140688414839312,MASP2_Helo_CM,337
2212,4424.0,8.142557610264172,MASP2_Helo_CM,337
2213,4426.0,7.731696233268338,MASP2_Helo_CM,337
2214,4428.0,7.794339422097792,MASP2_Helo_CM,337
2215,4430.0,8.92969555729206,MASP2_Helo_CM,337
2216,4432.0,8.606307462090424,MASP2_Helo_CM,337
2217,4434.0,8.70480629926725,MASP2_Helo_CM,337
2218,4436.0,8.695214652369001,MASP2_Helo_CM,337
2219,4438.0,9.566586416462622,MASP2_Helo_CM,337
2220,4440.0,8.019968314742245,MASP2_Helo_CM,337
2221,4442.0,9.857656757513327,MASP2_Helo_CM,337
2222,4444.0,9.671314845648839,MASP2_Helo_CM,337
2223,4446.0,9.864182110037998,MASP2_Helo_CM,337
2224,4448.0,9.419155979153773,MASP2_Helo_CM,337
2225,4450.0,8.919476742467722,MASP2_Helo_CM,337
2226,4452.0,7.760592572077101,MASP2_Helo_CM,337
2227,4454.0,8.169600545230606,MASP2_Helo_CM,337
2228,4456.0,8.732075408798869,MASP2_Helo_CM,337
2229,4458.0,9.368442258159345,MASP2_Helo_CM,337
2230,4460.0,9.358549587063889,MASP2_Helo_CM,337
2231,4462.0,8.268677554277577,MASP2_Helo_CM,337
2232,4464.0,9.699253897869594,MASP2_Helo_CM,337
2233,4466.0,9.014245840573036,MASP2_Helo_CM,337
2234,4468.0,8.777659346487088,MASP2_Helo_CM,337
2235,4470.0,9.064397604551502,MASP2_Helo_CM,337
2236,4472.0,8.519130216843614,MASP2_Helo_CM,337
2237,4474.0,8.078583288546326,MASP2_Helo_CM,337
2238,4476.0,10.486387443412058,MASP2_Helo_CM,337
2239,4478.0,6.884424679111628,MASP2_Helo_CM,337
2240,4480.0,8.858047308870901,MASP2_Helo_CM,337
2241,4482.0,8.640102703312701,MASP2_Helo_CM,337
2242,4484.0,8.791009019919523,MASP2_Helo_CM,337
2243,4486.0,8.199014360551352,MASP2_Helo_CM,337
2244,4488.0,6.5784229469487805,MASP2_Helo_CM,337
2245,4490.0,8.501313252212828,MASP2_Helo_CM,337
2246,4492.0,5.607897990639858,MASP2_Helo_CM,337
2247,4494.0,6.682942508940042,MASP2_Helo_CM,337
2248,4496.0,8.21733785356226,MASP2_Helo_CM,337
2249,4498.0,7.703730603983847,MASP2_Helo_CM,337
2250,4500.0,8.217486893019576,MASP2_Helo_CM,337
2251,4502.0,9.912871358851715,MASP2_Helo_CM,337
2252,4504.0,8.558747293561048,MASP2_Helo_CM,337
2253,4506.0,9.023259661085264,MASP2_Helo_CM,337
2254,4508.0,8.710118337669266,MASP2_Helo_CM,337
2255,4510.0,9.920843075099949,MASP2_Helo_CM,337
2256,4512.0,8.149573068022649,MASP2_Helo_CM,337
2257,4514.0,8.642942308196567,MASP2_Helo_CM,337
2258,4516.0,7.0350452744212335,MASP2_Helo_CM,337
2259,4518.0,7.514121203351757,MASP2_Helo_CM,337
2260,4520.0,7.823467075493812,MASP2_Helo_CM,337
2261,4522.0,9.040874291515928,MASP2_Helo_CM,337
2262,4524.0,8.767984995095546,MASP2_Helo_CM,337
2263,4526.0,8.311229344452393,MASP2_Helo_CM,337
2264,4528.0,11.14503448301734,MASP2_Helo_CM,337
2265,4530.0,9.741403997407772,MASP2_Helo_CM,337
2266,4532.0,9.878306001763569,MASP2_Helo_CM,337
2267,4534.0,9.684454876615922,MASP2_Helo_CM,337
2268,4536.0,9.237222831617087,MASP2_Helo_CM,337
2269,4538.0,8.334280639475104,MASP2_Helo_CM,337
2270,4540.0,9.060246626910079,MASP2_Helo_CM,337
2271,4542.0,10.501227733986616,MASP2_Helo_CM,337
2272,4544.0,9.571655305249156,MASP2_Helo_CM,337
2273,4546.0,9.545310551869276,MASP2_Helo_CM,337
2274,4548.0,9.71717923468768,MASP2_Helo_CM,337
2275,4550.0,9.933105600109045,MASP2_Helo_CM,337
2276,4552.0,10.156021210455158,MASP2_Helo_CM,337
2277,4554.0,10.15012266336245,MASP2_Helo_CM,337
2278,4556.0,10.355015308938759,MASP2_Helo_CM,337
2279,4558.0,10.141284163215099,MASP2_Helo_CM,337
2280,4560.0,9.095254189518013,MASP2_Helo_CM,337
2281,4562.0,10.57808537896935,MASP2_Helo_CM,337
2282,4564.0,11.529023707819803,MASP2_Helo_CM,337
2283,4566.0,10.18282072460215,MASP2_Helo_CM,337
2284,4568.0,9.723665323269255,MASP2_Helo_CM,337
2285,4570.0,11.013316697888278,MASP2_Helo_CM,337
2286,4572.0,10.114132313191927,MASP2_Helo_CM,337
2287,4574.0,9.259310821182861,MASP2_Helo_CM,337
2288,4576.0,9.679669664689543,MASP2_Helo_CM,337
2289,4578.0,8.3908793592559,MASP2_Helo_CM,337
2290,4580.0,9.477507751095796,MASP2_Helo_CM,337
2291,4582.0,8.499058915323044,MASP2_Helo_CM,337
2292,4584.0,9.303867909386364,MASP2_Helo_CM,337
2293,4586.0,8.05544728396931,MASP2_Helo_CM,337
2294,4588.0,8.45047528432773,MASP2_Helo_CM,337
2295,4590.0,7.446144977060253,MASP2_Helo_CM,337
2296,4592.0,7.516512872586256,MASP2_Helo_CM,337
2297,4594.0,8.75395936867331,MASP2_Helo_CM,337
2298,4596.0,8.537956757290733,MASP2_Helo_CM,337
2299,4598.0,9.14535955474558,MASP2_Helo_CM,337
2300,4600.0,7.838600619373153,MASP2_Helo_CM,337
2301,4602.0,9.339272898566936,MASP2_Helo_CM,337
2302,4604.0,9.627994713217003,MASP2_Helo_CM,337
2303,4606.0,9.663396351409288,MASP2_Helo_CM,337
2304,4608.0,9.306303109898224,MASP2_Helo_CM,337
2305,4610.0,9.721109761430183,MASP2_Helo_CM,337
2306,4612.0,9.585631746831796,MASP2_Helo_CM,337
2307,4614.0,9.871629973782719,MASP2_Helo_CM,337
2308,4616.0,10.827196448116963,MASP2_Helo_CM,337
2309,4618.0,9.040662707016276,MASP2_Helo_CM,337
2310,4620.0,8.353459638021357,MASP2_Helo_CM,337
2311,4622.0,9.714708105352509,MASP2_Helo_CM,337
2312,4624.0,7.994695909101,MASP2_Helo_CM,337
2313,4626.0,10.172315743542963,MASP2_Helo_CM,337
2314,4628.0,9.260261627848598,MASP2_Helo_CM,337
2315,4630.0,9.548272108848204,MASP2_Helo_CM,337
2316,4632.0,10.219913248812404,MASP2_Helo_CM,337
2317,4634.0,9.729984485846758,MASP2_Helo_CM,337
2318,4636.0,9.835178411442657,MASP2_Helo_CM,337
2319,4638.0,8.512150291053816,MASP2_Helo_CM,337
2320,4640.0,9.198046592170257,MASP2_Helo_CM,337
2321,4642.0,8.798324252322267,MASP2_Helo_CM,337
2322,4644.0,7.942168077414134,MASP2_Helo_CM,337
2323,4646.0,8.335009937732698,MASP2_Helo_CM,337
2324,4648.0,8.69333688647318,MASP2_Helo_CM,337
2325,4650.0,9.087776836360922,MASP2_Helo_CM,337
2326,4652.0,9.561246531466546,MASP2_Helo_CM,337
2327,4654.0,9.83608798178621,MASP2_Helo_CM,337
2328,4656.0,9.210143508464943,MASP2_Helo_CM,337
2329,4658.0,10.081853801348373,MASP2_Helo_CM,337
2330,4660.0,9.39038471715887,MASP2_Helo_CM,337
2331,4662.0,9.724825472905438,MASP2_Helo_CM,337
2332,4664.0,9.123299562087086,MASP2_Helo_CM,337
2333,4666.0,8.779422013995676,MASP2_Helo_CM,337
2334,4668.0,9.429548147858084,MASP2_Helo_CM,337
2335,4670.0,9.856826607135654,MASP2_Helo_CM,337
2336,4672.0,9.586865873012,MASP2_Helo_CM,337
2337,4674.0,10.218492514713056,MASP2_Helo_CM,337
2338,4676.0,9.475806514939473,MASP2_Helo_CM,337
2339,4678.0,9.418854030709094,MASP2_Helo_CM,337
2340,4680.0,9.709480901280473,MASP2_Helo_CM,337
2341,4682.0,8.932971760002712,MASP2_Helo_CM,337
2342,4684.0,10.075379315345053,MASP2_Helo_CM,337
2343,4686.0,10.06639011035294,MASP2_Helo_CM,337
2344,4688.0,10.59575478310771,MASP2_Helo_CM,337
2345,4690.0,9.619178197915451,MASP2_Helo_CM,337
2346,4692.0,10.525966252518495,MASP2_Helo_CM,337
2347,4694.0,11.69921778602585,MASP2_Helo_CM,337
2348,4696.0,11.566873578334336,MASP2_Helo_CM,337
2349,4698.0,9.15081819417897,MASP2_Helo_CM,337
2350,4700.0,9.595259836464828,MASP2_Helo_CM,337
2351,4702.0,9.703263485715944,MASP2_Helo_CM,337
2352,4704.0,10.214017632233734,MASP2_Helo_CM,337
2353,4706.0,9.372798786035432,MASP2_Helo_CM,337
2354,4708.0,9.697920825195846,MASP2_Helo_CM,337
2355,4710.0,10.035209782168476,MASP2_Helo_CM,337
2356,4712.0,10.079029728367843,MASP2_Helo_CM,337
2357,4714.0,9.703987994019576,MASP2_Helo_CM,337
2358,4716.0,10.436163392714667,MASP2_Helo_CM,337
2359,4718.0,9.295060051086173,MASP2_Helo_CM,337
2360,4720.0,10.107135510367726,MASP2_Helo_CM,337
2361,4722.0,10.34844486503048,MASP2_Helo_CM,337
2362,4724.0,9.769340456554557,MASP2_Helo_CM,337
2363,4726.0,9.645888439620038,MASP2_Helo_CM,337
2364,4728.0,10.833873628179143,MASP2_Helo_CM,337
2365,4730.0,9.896551304290872,MASP2_Helo_CM,337
2366,4732.0,9.854863107061812,MASP2_Helo_CM,337
2367,4734.0,11.811946750193922,MASP2_Helo_CM,337
2368,4736.0,12.17797268612708,MASP2_Helo_CM,337
2369,4738.0,9.961488204919544,MASP2_Helo_CM,337
2370,4740.0,9.139223232144603,MASP2_Helo_CM,337
2371,4742.0,10.50891660405545,MASP2_Helo_CM,337
2372,4744.0,10.964877114466255,MASP2_Helo_CM,337
2373,4746.0,10.069225387062783,MASP2_Helo_CM,337
2374,4748.0,10.211651798177664,MASP2_Helo_CM,337
2375,4750.0,9.795630400386345,MASP2_Helo_CM,337
2376,4752.0,9.174431704042755,MASP2_Helo_CM,337
2377,4754.0,9.789542612721071,MASP2_Helo_CM,337
2378,4756.0,8.842444912523208,MASP2_Helo_CM,337
2379,4758.0,9.664123028389406,MASP2_Helo_CM,337
2380,4760.0,9.870877611295397,MASP2_Helo_CM,337
2381,4762.0,9.712031952697808,MASP2_Helo_CM,337
2382,4764.0,9.42197618264678,MASP2_Helo_CM,337
2383,4766.0,9.855018167400223,MASP2_Helo_CM,337
2384,4768.0,9.716182539708742,MASP2_Helo_CM,337
2385,4770.0,10.2645025383803,MASP2_Helo_CM,337
2386,4772.0,10.110181206341855,MASP2_Helo_CM,337
2387,4774.0,10.949104355340447,MASP2_Helo_CM,337
2388,4776.0,10.242334679988303,MASP2_Helo_CM,337
2389,4778.0,10.061535799455443,MASP2_Helo_CM,337
2390,4780.0,8.323349192785354,MASP2_Helo_CM,337
2391,4782.0,9.757313159268381,MASP2_Helo_CM,337
2392,4784.0,9.57056433633502,MASP2_Helo_CM,337
2393,4786.0,7.313036816475383,MASP2_Helo_CM,337
2394,4788.0,5.361744355672547,MASP2_Helo_CM,337
2395,4790.0,6.0241129607811885,MASP2_Helo_CM,337
2396,4792.0,7.595808119267085,MASP2_Helo_CM,337
2397,4794.0,8.62588937905513,MASP2_Helo_CM,337
2398,4796.0,7.9863111975789804,MASP2_Helo_CM,337
2399,4798.0,9.81907516241912,MASP2_Helo_CM,337
2400,4800.0,7.882916780634748,MASP2_Helo_CM,337
2401,4802.0,7.5298069808409,MASP2_Helo_CM,337
2402,4804.0,8.688203306821107,MASP2_Helo_CM,337
2403,4806.0,7.843885735758402,MASP2_Helo_CM,337
2404,4808.0,7.759789247686328,MASP2_Helo_CM,337
2405,4810.0,8.258260318650212,MASP2_Helo_CM,337
2406,4812.0,7.8793704288758954,MASP2_Helo_CM,337
2407,4814.0,8.96404784434903,MASP2_Helo_CM,337
2408,4816.0,9.837995403858564,MASP2_Helo_CM,337
2409,4818.0,9.841024221123538,MASP2_Helo_CM,337
2410,4820.0,11.518131652104403,MASP2_Helo_CM,337
2411,4822.0,10.112849634115747,MASP2_Helo_CM,337
2412,4824.0,9.330327250423787,MASP2_Helo_CM,337
2413,4826.0,9.386585354003248,MASP2_Helo_CM,337
2414,4828.0,8.459362380737568,MASP2_Helo_CM,337
2415,4830.0,8.683763134193551,MASP2_Helo_CM,337
2416,4832.0,9.190791642618866,MASP2_Helo_CM,337
2417,4834.0,10.074171478329797,MASP2_Helo_CM,337
2418,4836.0,9.050765993277059,MASP2_Helo_CM,337
2419,4838.0,9.404766470267562,MASP2_Helo_CM,337
2420,4840.0,8.530958405126826,MASP2_Helo_CM,337
2421,4842.0,8.279665054409005,MASP2_Helo_CM,337
2422,4844.0,8.705384546728476,MASP2_Helo_CM,337
2423,4846.0,9.28233154743616,MASP2_Helo_CM,337
2424,4848.0,8.910415225910592,MASP2_Helo_CM,337
2425,4850.0,7.856199582953261,MASP2_Helo_CM,337
2426,4852.0,8.302023009943074,MASP2_Helo_CM,337
2427,4854.0,6.737955901711123,MASP2_Helo_CM,337
2428,4856.0,7.288415119168388,MASP2_Helo_CM,337
2429,4858.0,7.792476824026478,MASP2_Helo_CM,337
2430,4860.0,7.71688209797845,MASP2_Helo_CM,337
2431,4862.0,9.895759726372512,MASP2_Helo_CM,337
2432,4864.0,8.916861348910189,MASP2_Helo_CM,337
2433,4866.0,10.220496379452303,MASP2_Helo_CM,337
2434,4868.0,9.173160930065645,MASP2_Helo_CM,337
2435,4870.0,9.891171276553816,MASP2_Helo_CM,337
2436,4872.0,12.120323747046625,MASP2_Helo_CM,337
2437,4874.0,11.484322812263574,MASP2_Helo_CM,337
2438,4876.0,14.287672383427415,MASP2_Helo_CM,337
2439,4878.0,14.663654177035763,MASP2_Helo_CM,337
2440,4880.0,15.808293637450426,MASP2_Helo_CM,337
2441,4882.0,16.547760661736156,MASP2_Helo_CM,337
2442,4884.0,17.481990741113172,MASP2_Helo_CM,337
2443,4886.0,17.1064534566984,MASP2_Helo_CM,337
2444,4888.0,16.283394650587212,MASP2_Helo_CM,337
2445,4890.0,16.641069805576997,MASP2_Helo_CM,337
2446,4892.0,17.142637637173042,MASP2_Helo_CM,337
2447,4894.0,15.23790792561687,MASP2_Helo_CM,337
2448,4896.0,15.967106936475009,MASP2_Helo_CM,337
2449,4898.0,15.542023621524764,MASP2_Helo_CM,337
2450,4900.0,17.548535151709793,MASP2_Helo_CM,337
2451,4902.0,14.735829361005667,MASP2_Helo_CM,337
2452,4904.0,16.047790243882478,MASP2_Helo_CM,337
2453,4906.0,16.118464989724437,MASP2_Helo_CM,337
2454,4908.0,15.985444133313262,MASP2_Helo_CM,337
2455,4910.0,16.256097220012073,MASP2_Helo_CM,337
2456,4912.0,16.0362788934068,MASP2_Helo_CM,337
2457,4914.0,16.944173467487754,MASP2_Helo_CM,337
2458,4916.0,16.515908251809787,MASP2_Helo_CM,337
2459,4918.0,16.224560717546115,MASP2_Helo_CM,337
2460,4920.0,15.877172795923363,MASP2_Helo_CM,337
2461,4922.0,13.98877117556367,MASP2_Helo_CM,337
2462,4924.0,15.483090123715147,MASP2_Helo_CM,337
2463,4926.0,16.24229184740576,MASP2_Helo_CM,337
2464,4928.0,15.332387758619276,MASP2_Helo_CM,337
2465,4930.0,15.049590333063781,MASP2_Helo_CM,337
2466,4932.0,14.260229525545668,MASP2_Helo_CM,337
2467,4934.0,14.645090512073146,MASP2_Helo_CM,337
2468,4936.0,13.380031461927159,MASP2_Helo_CM,337
2469,4938.0,13.999152966919576,MASP2_Helo_CM,337
2470,4940.0,14.313137653777147,MASP2_Helo_CM,337
2471,4942.0,14.376461383876231,MASP2_Helo_CM,337
2472,4944.0,12.63555331827451,MASP2_Helo_CM,337
2473,4946.0,15.272594691448903,MASP2_Helo_CM,337
2474,4948.0,15.155152108114978,MASP2_Helo_CM,337
2475,4950.0,14.622265051047723,MASP2_Helo_CM,337
2476,4952.0,14.418557720934269,MASP2_Helo_CM,337
2477,4954.0,15.711449259512944,MASP2_Helo_CM,337
2478,4956.0,17.126249322766068,MASP2_Helo_CM,337
2479,4958.0,14.204606955316228,MASP2_Helo_CM,337
2480,4960.0,13.199953344144102,MASP2_Helo_CM,337
2481,4962.0,14.116982878382611,MASP2_Helo_CM,337
2482,4964.0,14.56913687518889,MASP2_Helo_CM,337
2483,4966.0,12.836495130538053,MASP2_Helo_CM,337
2484,4968.0,13.853809039874234,MASP2_Helo_CM,337
2485,4970.0,15.415290473706744,MASP2_Helo_CM,337
2486,4972.0,14.67947179589812,MASP2_Helo_CM,337
2487,4974.0,13.942976727820012,MASP2_Helo_CM,337
2488,4976.0,12.04515625582489,MASP2_Helo_CM,337
2489,4978.0,15.463494838559704,MASP2_Helo_CM,337
2490,4980.0,12.760741401819422,MASP2_Helo_CM,337
2491,4982.0,12.064312896058953,MASP2_Helo_CM,337
2492,4984.0,13.58665279654859,MASP2_Helo_CM,337
2493,4986.0,13.012814769798691,MASP2_Helo_CM,337
2494,4988.0,12.683112615935759,MASP2_Helo_CM,337
2495,4990.0,13.425540584286265,MASP2_Helo_CM,337
2496,4992.0,13.371694673264267,MASP2_Helo_CM,337
2497,4994.0,14.216287626599854,MASP2_Helo_CM,337
2498,4996.0,13.60978683974776,MASP2_Helo_CM,337
2499,4998.0,11.596901790753309,MASP2_Helo_CM,337
